State/UT,District,Market,Commodity Group,Commodity,Date,Arrival Quantity,Min Price,Modal Price,Max Price
Andhra Pradesh,Ananthapuramu,Anantapur APMC,Vegetables,Tomato,19-09-2025,1950,1400,1700,2400
Andhra Pradesh,Ananthapuramu,Anantapur APMC,Vegetables,Tomato,20-09-2025,2250,1400,1700,2200
Andhra Pradesh,Ananthapuramu,Anantapur APMC,Vegetables,Tomato,01-11-2025,1275,100,160,230
Andhra Pradesh,Ananthapuramu,Anantapur APMC,Vegetables,Tomato,03-11-2025,1800,100,160,220
Andhra Pradesh,Ananthapuramu,Anantapur APMC,Vegetables,Tomato,04-11-2025,2250,110,140,240
Andhra Pradesh,Ananthapuramu,Anantapur APMC,Vegetables,Tomato,05-11-2025,2100,100,140,200
Andhra Pradesh,Ananthapuramu,Anantapur APMC,Vegetables,Tomato,06-11-2025,2025,100,150,200
Andhra Pradesh,Annamayya,B.Kothakota H/Q Angallu,Vegetables,Tomato,01-06-2026,132,1600,2700,3200
Andhra Pradesh,Annamayya,B.Kothakota H/Q Angallu,Vegetables,Tomato,02-06-2026,124,1600,2000,2800
Andhra Pradesh,Annamayya,B.Kothakota H/Q Angallu,Vegetables,Tomato,03-06-2026,165,1700,2300,3100
Andhra Pradesh,Annamayya,B.Kothakota H/Q Angallu,Vegetables,Tomato,04-06-2026,107,1500,2000,3000
Andhra Pradesh,Annamayya,B.Kothakota H/Q Angallu,Vegetables,Tomato,05-06-2026,115,1700,2200,3400
Andhra Pradesh,Annamayya,B.Kothakota H/Q Angallu,Vegetables,Tomato,06-06-2026,104,1500,2000,3000
Andhra Pradesh,Annamayya,B.Kothakota H/Q Angallu,Vegetables,Tomato,07-06-2026,116,1800,2500,3500
Andhra Pradesh,Annamayya,B.Kothakota H/Q Angallu,Vegetables,Tomato,08-06-2026,212,1800,2500,3500
Andhra Pradesh,Annamayya,B.Kothakota H/Q Angallu,Vegetables,Tomato,09-06-2026,271,1900,2600,3600
Andhra Pradesh,Annamayya,B.Kothakota H/Q Angallu,Vegetables,Tomato,10-06-2026,301,2000,2500,3500
Andhra Pradesh,Annamayya,B.Kothakota H/Q Angallu,Vegetables,Tomato,11-06-2026,424,1900,2600,3600
Andhra Pradesh,Annamayya,B.Kothakota H/Q Angallu,Vegetables,Tomato,12-06-2026,504,2000,2500,3000
Andhra Pradesh,Annamayya,B.Kothakota H/Q Angallu,Vegetables,Tomato,13-06-2026,398,1800,2400,3000
Andhra Pradesh,Annamayya,B.Kothakota H/Q Angallu,Vegetables,Tomato,14-06-2026,501,1800,2400,3000
Andhra Pradesh,Annamayya,B.Kothakota H/Q Angallu,Vegetables,Tomato,15-06-2026,635,1800,2300,3100
Andhra Pradesh,Annamayya,B.Kothakota H/Q Angallu,Vegetables,Tomato,16-06-2026,654,1500,2000,3000
Andhra Pradesh,Annamayya,B.Kothakota H/Q Angallu,Vegetables,Tomato,17-06-2026,592,1600,2200,3000
Andhra Pradesh,Annamayya,B.Kothakota H/Q Angallu,Vegetables,Tomato,18-06-2026,711,1600,2200,3000
Andhra Pradesh,Annamayya,B.Kothakota H/Q Angallu,Vegetables,Tomato,19-06-2026,698,1300,2000,2500
Andhra Pradesh,Annamayya,B.Kothakota H/Q Angallu,Vegetables,Tomato,20-06-2026,783,1300,2000,2500
Andhra Pradesh,Annamayya,B.Kothakota H/Q Angallu,Vegetables,Tomato,21-06-2026,881,1300,2000,2500
Andhra Pradesh,Annamayya,B.Kothakota H/Q Angallu,Vegetables,Tomato,22-06-2026,968,1000,1500,2000
Andhra Pradesh,Annamayya,B.Kothakota H/Q Angallu,Vegetables,Tomato,23-06-2026,774,1200,1700,2200
Andhra Pradesh,Annamayya,B.Kothakota H/Q Angallu,Vegetables,Tomato,24-06-2026,966,1200,1700,2000
Andhra Pradesh,Annamayya,B.Kothakota H/Q Angallu,Vegetables,Tomato,25-06-2026,927,1200,1700,2000
Andhra Pradesh,Annamayya,B.Kothakota H/Q Angallu,Vegetables,Tomato,26-06-2026,915,800,1200,1800
Andhra Pradesh,Annamayya,B.Kothakota H/Q Angallu,Vegetables,Tomato,28-06-2026,814,800,1200,1800
Andhra Pradesh,Annamayya,B.Kothakota H/Q Angallu,Vegetables,Tomato,29-06-2026,851,800,1200,1800
Andhra Pradesh,Annamayya,B.Kothakota H/Q Angallu,Vegetables,Tomato,30-06-2026,839,1000,1500,2000
Andhra Pradesh,Annamayya,B.Kothakota H/Q Angallu,Vegetables,Tomato,01-07-2026,659,1300,2000,2500
Andhra Pradesh,Annamayya,B.Kothakota H/Q Angallu,Vegetables,Tomato,02-07-2026,661,1200,1900,2300
Andhra Pradesh,Annamayya,B.Kothakota H/Q Angallu,Vegetables,Tomato,03-07-2026,610,1200,1500,1900
Andhra Pradesh,Annamayya,B.Kothakota H/Q Angallu,Vegetables,Tomato,04-07-2026,648,1200,1500,1900
Andhra Pradesh,Annamayya,B.Kothakota H/Q Angallu,Vegetables,Tomato,05-07-2026,629,1200,1500,1900
Andhra Pradesh,Annamayya,B.Kothakota H/Q Angallu,Vegetables,Tomato,06-07-2026,603,1200,1500,1900
Andhra Pradesh,Annamayya,B.Kothakota H/Q Angallu,Vegetables,Tomato,07-07-2026,576,1000,1400,1800
Andhra Pradesh,Annamayya,B.Kothakota H/Q Angallu,Vegetables,Tomato,08-07-2026,523,1000,1200,1600
Andhra Pradesh,Annamayya,B.Kothakota H/Q Angallu,Vegetables,Tomato,09-07-2026,569,1000,1300,1700
Andhra Pradesh,Annamayya,B.Kothakota H/Q Angallu,Vegetables,Tomato,10-07-2026,581,1000,1300,1700
Andhra Pradesh,Annamayya,B.Kothakota H/Q Angallu,Vegetables,Tomato,11-07-2026,601,1200,1500,1900
Andhra Pradesh,Annamayya,B.Kothakota H/Q Angallu,Vegetables,Tomato,12-07-2026,581,1200,1500,1900
Andhra Pradesh,Annamayya,B.Kothakota H/Q Angallu,Vegetables,Tomato,13-07-2026,516,1100,1500,1800
Andhra Pradesh,Annamayya,B.Kothakota H/Q Angallu,Vegetables,Tomato,14-07-2026,502,1100,1500,1800
Andhra Pradesh,Annamayya,B.Kothakota H/Q Angallu,Vegetables,Tomato,15-07-2026,535,1400,1800,2200
Andhra Pradesh,Annamayya,B.Kothakota H/Q Angallu,Vegetables,Tomato,16-07-2026,519,1400,1800,2200
Andhra Pradesh,Annamayya,B.Kothakota H/Q Angallu,Vegetables,Tomato,17-07-2026,569,1200,1600,2000
Andhra Pradesh,Annamayya,B.Kothakota H/Q Angallu,Vegetables,Tomato,18-07-2026,511,1200,1600,2000
Andhra Pradesh,Annamayya,B.Kothakota H/Q Angallu,Vegetables,Tomato,19-07-2026,560,1000,1300,1600
Andhra Pradesh,Annamayya,B.Kothakota H/Q Angallu,Vegetables,Tomato,20-07-2026,555,1000,1300,1600
Andhra Pradesh,Annamayya,B.Kothakota H/Q Angallu,Vegetables,Tomato,21-07-2026,546,1000,1200,1400
Andhra Pradesh,Annamayya,B.Kothakota H/Q Angallu,Vegetables,Tomato,22-07-2026,560,1000,1200,1400
Andhra Pradesh,Annamayya,B.Kothakota H/Q Angallu,Vegetables,Tomato,23-07-2026,462,1000,1100,1200
Andhra Pradesh,Annamayya,B.Kothakota H/Q Angallu,Vegetables,Tomato,24-07-2026,501,1000,1100,1200
Andhra Pradesh,Annamayya,B.Kothakota H/Q Angallu,Vegetables,Tomato,25-07-2026,492,900,1000,1200
Andhra Pradesh,Annamayya,B.Kothakota H/Q Angallu,Vegetables,Tomato,26-07-2026,494,1000,1200,1500
Andhra Pradesh,Annamayya,B.Kothakota H/Q Angallu,Vegetables,Tomato,27-07-2026,490,1000,1200,1500
Andhra Pradesh,Annamayya,B.Kothakota H/Q Angallu,Vegetables,Tomato,28-07-2026,537,1100,1200,1600
Andhra Pradesh,Annamayya,B.Kothakota H/Q Angallu,Vegetables,Tomato,29-07-2026,517,900,1100,1400
Andhra Pradesh,Annamayya,B.Kothakota H/Q Angallu,Vegetables,Tomato,30-07-2026,467,1000,1100,1500
Andhra Pradesh,Annamayya,B.Kothakota H/Q Angallu,Vegetables,Tomato,31-07-2026,439,800,1200,1500
Andhra Pradesh,Annamayya,B.Kothakota H/Q Angallu,Vegetables,Tomato,01-08-2026,427,800,1100,1500
Andhra Pradesh,Annamayya,B.Kothakota H/Q Angallu,Vegetables,Tomato,02-08-2026,413,1000,1100,1400
Andhra Pradesh,Annamayya,B.Kothakota H/Q Angallu,Vegetables,Tomato,03-08-2026,393,1000,1100,1200
Andhra Pradesh,Annamayya,B.Kothakota H/Q Angallu,Vegetables,Tomato,04-08-2026,337,1000,1100,1200
Andhra Pradesh,Annamayya,B.Kothakota H/Q Angallu,Vegetables,Tomato,05-08-2026,348,1000,1100,1200
Andhra Pradesh,Annamayya,B.Kothakota H/Q Angallu,Vegetables,Tomato,06-08-2026,398,1000,1100,1200
Andhra Pradesh,Annamayya,B.Kothakota H/Q Angallu,Vegetables,Tomato,07-08-2026,377,900,1000,1200
Andhra Pradesh,Annamayya,B.Kothakota H/Q Angallu,Vegetables,Tomato,09-08-2026,300,1000,1100,1300
Andhra Pradesh,Annamayya,B.Kothakota H/Q Angallu,Vegetables,Tomato,10-08-2026,248,1000,1200,1300
Andhra Pradesh,Annamayya,Guramkonda Sub-yard of AMC Valmikipuram,Vegetables,Tomato,01-06-2026,32.48,2320,2620,2920
Andhra Pradesh,Annamayya,Guramkonda Sub-yard of AMC Valmikipuram,Vegetables,Tomato,02-06-2026,33.03,2800,3000,3200
Andhra Pradesh,Annamayya,Guramkonda Sub-yard of AMC Valmikipuram,Vegetables,Tomato,03-06-2026,33.95,2600,2800,3000
Andhra Pradesh,Annamayya,Guramkonda Sub-yard of AMC Valmikipuram,Vegetables,Tomato,04-06-2026,33.1,2200,2600,3000
Andhra Pradesh,Annamayya,Guramkonda Sub-yard of AMC Valmikipuram,Vegetables,Tomato,05-06-2026,32.1,2800,3000,3200
Andhra Pradesh,Annamayya,Guramkonda Sub-yard of AMC Valmikipuram,Vegetables,Tomato,06-06-2026,32.58,2840,3040,3240
Andhra Pradesh,Annamayya,Guramkonda Sub-yard of AMC Valmikipuram,Vegetables,Tomato,07-06-2026,17.45,3200,3400,3600
Andhra Pradesh,Annamayya,Guramkonda Sub-yard of AMC Valmikipuram,Vegetables,Tomato,08-06-2026,32.98,3600,3800,4000
Andhra Pradesh,Annamayya,Guramkonda Sub-yard of AMC Valmikipuram,Vegetables,Tomato,09-06-2026,32.68,3800,4000,4200
Andhra Pradesh,Annamayya,Guramkonda Sub-yard of AMC Valmikipuram,Vegetables,Tomato,10-06-2026,29.58,3200,3400,3600
Andhra Pradesh,Annamayya,Guramkonda Sub-yard of AMC Valmikipuram,Vegetables,Tomato,11-06-2026,29.08,2880,3080,3280
Andhra Pradesh,Annamayya,Guramkonda Sub-yard of AMC Valmikipuram,Vegetables,Tomato,12-06-2026,28.98,2800,3000,3200
Andhra Pradesh,Annamayya,Guramkonda Sub-yard of AMC Valmikipuram,Vegetables,Tomato,14-06-2026,17.08,2800,3000,3200
Andhra Pradesh,Annamayya,Guramkonda Sub-yard of AMC Valmikipuram,Vegetables,Tomato,15-06-2026,28.68,2500,2800,3000
Andhra Pradesh,Annamayya,Guramkonda Sub-yard of AMC Valmikipuram,Vegetables,Tomato,16-06-2026,28.83,1800,2200,2600
Andhra Pradesh,Annamayya,Guramkonda Sub-yard of AMC Valmikipuram,Vegetables,Tomato,17-06-2026,29.08,1920,2320,2720
Andhra Pradesh,Annamayya,Guramkonda Sub-yard of AMC Valmikipuram,Vegetables,Tomato,18-06-2026,7.38,1800,2200,2600
Andhra Pradesh,Annamayya,Guramkonda Sub-yard of AMC Valmikipuram,Vegetables,Tomato,19-06-2026,30.08,1400,1800,2200
Andhra Pradesh,Annamayya,Guramkonda Sub-yard of AMC Valmikipuram,Vegetables,Tomato,20-06-2026,41.55,1120,1520,1920
Andhra Pradesh,Annamayya,Guramkonda Sub-yard of AMC Valmikipuram,Vegetables,Tomato,21-06-2026,28.28,1200,1600,2000
Andhra Pradesh,Annamayya,Guramkonda Sub-yard of AMC Valmikipuram,Vegetables,Tomato,22-06-2026,53.25,1400,1800,2200
Andhra Pradesh,Annamayya,Guramkonda Sub-yard of AMC Valmikipuram,Vegetables,Tomato,23-06-2026,60,1800,1800,1800
Andhra Pradesh,Annamayya,Guramkonda Sub-yard of AMC Valmikipuram,Vegetables,Tomato,24-06-2026,137.23,1120,1520,1920
Andhra Pradesh,Annamayya,Guramkonda Sub-yard of AMC Valmikipuram,Vegetables,Tomato,25-06-2026,242.48,1288.01,1480.01,1800
Andhra Pradesh,Annamayya,Guramkonda Sub-yard of AMC Valmikipuram,Vegetables,Tomato,26-06-2026,213.3,1120,1520,1920
Andhra Pradesh,Annamayya,Guramkonda Sub-yard of AMC Valmikipuram,Vegetables,Tomato,27-06-2026,220.88,1040,1200,1600
Andhra Pradesh,Annamayya,Guramkonda Sub-yard of AMC Valmikipuram,Vegetables,Tomato,28-06-2026,92.35,920,1040,1200
Andhra Pradesh,Annamayya,Guramkonda Sub-yard of AMC Valmikipuram,Vegetables,Tomato,29-06-2026,219.83,960,1240,1440
Andhra Pradesh,Annamayya,Guramkonda Sub-yard of AMC Valmikipuram,Vegetables,Tomato,30-06-2026,230.68,1160,1400,1600
Andhra Pradesh,Annamayya,Guramkonda Sub-yard of AMC Valmikipuram,Vegetables,Tomato,01-07-2026,240.08,1520,1920,2320
Andhra Pradesh,Annamayya,Guramkonda Sub-yard of AMC Valmikipuram,Vegetables,Tomato,02-07-2026,216.88,1200,1600,2000
Andhra Pradesh,Annamayya,Guramkonda Sub-yard of AMC Valmikipuram,Vegetables,Tomato,03-07-2026,235.78,1000,1400,1800
Andhra Pradesh,Annamayya,Guramkonda Sub-yard of AMC Valmikipuram,Vegetables,Tomato,04-07-2026,258.9,960,1200,1400
Andhra Pradesh,Annamayya,Guramkonda Sub-yard of AMC Valmikipuram,Vegetables,Tomato,05-07-2026,99.98,920,1080,1280
Andhra Pradesh,Annamayya,Guramkonda Sub-yard of AMC Valmikipuram,Vegetables,Tomato,06-07-2026,250.08,920,1040,1160
Andhra Pradesh,Annamayya,Guramkonda Sub-yard of AMC Valmikipuram,Vegetables,Tomato,07-07-2026,258.95,960,1080,1200
Andhra Pradesh,Annamayya,Guramkonda Sub-yard of AMC Valmikipuram,Vegetables,Tomato,08-07-2026,260.08,960,1160,1360
Andhra Pradesh,Annamayya,Guramkonda Sub-yard of AMC Valmikipuram,Vegetables,Tomato,09-07-2026,259.08,920,1080,1280
Andhra Pradesh,Annamayya,Guramkonda Sub-yard of AMC Valmikipuram,Vegetables,Tomato,10-07-2026,259.5,1040,1200,1400
Andhra Pradesh,Annamayya,Guramkonda Sub-yard of AMC Valmikipuram,Vegetables,Tomato,11-07-2026,210.18,1160,1400,1600
Andhra Pradesh,Annamayya,Guramkonda Sub-yard of AMC Valmikipuram,Vegetables,Tomato,12-07-2026,83.05,1200,1400,1600
Andhra Pradesh,Annamayya,Guramkonda Sub-yard of AMC Valmikipuram,Vegetables,Tomato,13-07-2026,227.23,1160,1320,1480
Andhra Pradesh,Annamayya,Guramkonda Sub-yard of AMC Valmikipuram,Vegetables,Tomato,14-07-2026,229.95,1120,1360,1560
Andhra Pradesh,Annamayya,Guramkonda Sub-yard of AMC Valmikipuram,Vegetables,Tomato,15-07-2026,211.95,1600,1800,2000
Andhra Pradesh,Annamayya,Guramkonda Sub-yard of AMC Valmikipuram,Vegetables,Tomato,16-07-2026,212.5,1600,1800,2000
Andhra Pradesh,Annamayya,Guramkonda Sub-yard of AMC Valmikipuram,Vegetables,Tomato,17-07-2026,201.68,1200,1400,1600
Andhra Pradesh,Annamayya,Guramkonda Sub-yard of AMC Valmikipuram,Vegetables,Tomato,18-07-2026,202.75,1000,1200,1400
Andhra Pradesh,Annamayya,Guramkonda Sub-yard of AMC Valmikipuram,Vegetables,Tomato,19-07-2026,78.75,1000,1200,1400
Andhra Pradesh,Annamayya,Guramkonda Sub-yard of AMC Valmikipuram,Vegetables,Tomato,20-07-2026,215.4,1000,1200,1400
Andhra Pradesh,Annamayya,Guramkonda Sub-yard of AMC Valmikipuram,Vegetables,Tomato,21-07-2026,214.9,1000,1200,1400
Andhra Pradesh,Annamayya,Guramkonda Sub-yard of AMC Valmikipuram,Vegetables,Tomato,22-07-2026,216.5,1000,1200,1400
Andhra Pradesh,Annamayya,Guramkonda Sub-yard of AMC Valmikipuram,Vegetables,Tomato,23-07-2026,212.8,880,900,960
Andhra Pradesh,Annamayya,Guramkonda Sub-yard of AMC Valmikipuram,Vegetables,Tomato,24-07-2026,212.1,800,880,1000
Andhra Pradesh,Annamayya,Guramkonda Sub-yard of AMC Valmikipuram,Vegetables,Tomato,25-07-2026,213.3,920,1000,1120
Andhra Pradesh,Annamayya,Guramkonda Sub-yard of AMC Valmikipuram,Vegetables,Tomato,26-07-2026,52.35,1000,1200,1400
Andhra Pradesh,Annamayya,Guramkonda Sub-yard of AMC Valmikipuram,Vegetables,Tomato,27-07-2026,208.8,920,1000,1120
Andhra Pradesh,Annamayya,Guramkonda Sub-yard of AMC Valmikipuram,Vegetables,Tomato,28-07-2026,207.38,960,1080,1200
Andhra Pradesh,Annamayya,Guramkonda Sub-yard of AMC Valmikipuram,Vegetables,Tomato,29-07-2026,211.88,920,1000,1120
Andhra Pradesh,Annamayya,Guramkonda Sub-yard of AMC Valmikipuram,Vegetables,Tomato,30-07-2026,215.98,960,1040,1160
Andhra Pradesh,Annamayya,Guramkonda Sub-yard of AMC Valmikipuram,Vegetables,Tomato,31-07-2026,216.35,880,1080,1200
Andhra Pradesh,Annamayya,Guramkonda Sub-yard of AMC Valmikipuram,Vegetables,Tomato,01-08-2026,200.08,920,1040,1120
Andhra Pradesh,Annamayya,Guramkonda Sub-yard of AMC Valmikipuram,Vegetables,Tomato,02-08-2026,75.45,880,1000,1160
Andhra Pradesh,Annamayya,Guramkonda Sub-yard of AMC Valmikipuram,Vegetables,Tomato,04-08-2026,202.98,1000,1200,1400
Andhra Pradesh,Annamayya,Guramkonda Sub-yard of AMC Valmikipuram,Vegetables,Tomato,05-08-2026,198.98,960,1120,1280
Andhra Pradesh,Annamayya,Guramkonda Sub-yard of AMC Valmikipuram,Vegetables,Tomato,06-08-2026,189.88,920,1080,1200
Andhra Pradesh,Annamayya,Guramkonda Sub-yard of AMC Valmikipuram,Vegetables,Tomato,07-08-2026,192.73,840,960,1080
Andhra Pradesh,Annamayya,Guramkonda Sub-yard of AMC Valmikipuram,Vegetables,Tomato,08-08-2026,151.88,880,1000,1120
Andhra Pradesh,Annamayya,Guramkonda Sub-yard of AMC Valmikipuram,Vegetables,Tomato,09-08-2026,60.6,800,1000,1200
Andhra Pradesh,Annamayya,Guramkonda Sub-yard of AMC Valmikipuram,Vegetables,Tomato,10-08-2026,150.08,928,1040,1120
Andhra Pradesh,Annamayya,Kalikiri APMC,Vegetables,Tomato,04-01-2023,4.44,600,1000,1200
Andhra Pradesh,Annamayya,Kalikiri APMC,Vegetables,Tomato,05-01-2023,7.1,600,1060,1200
Andhra Pradesh,Annamayya,Kalikiri APMC,Vegetables,Tomato,08-01-2023,5.4,700,960,1200
Andhra Pradesh,Annamayya,Kalikiri APMC,Vegetables,Tomato,09-01-2023,7.5,700,1100,1450
Andhra Pradesh,Annamayya,Kalikiri APMC,Vegetables,Tomato,10-01-2023,7.1,660,1330,1530
Andhra Pradesh,Annamayya,Kalikiri APMC,Vegetables,Tomato,23-01-2023,4.32,1400,2600,3500
Andhra Pradesh,Annamayya,Kalikiri APMC,Vegetables,Tomato,24-01-2023,2.55,900,1500,2200
Andhra Pradesh,Annamayya,Kalikiri APMC,Vegetables,Tomato,25-01-2023,3.29,800,1260,1800
Andhra Pradesh,Annamayya,Kalikiri APMC,Vegetables,Tomato,02-02-2023,4.21,1000,1530,2000
Andhra Pradesh,Annamayya,Kalikiri APMC,Vegetables,Tomato,03-02-2023,4.11,1000,1500,2000
Andhra Pradesh,Annamayya,Kalikiri APMC,Vegetables,Tomato,07-02-2023,4.4,800,1200,1600
Andhra Pradesh,Annamayya,Kalikiri APMC,Vegetables,Tomato,08-02-2023,7.5,700,1260,1700
Andhra Pradesh,Annamayya,Kalikiri APMC,Vegetables,Tomato,09-02-2023,4.21,1000,1700,2200
Andhra Pradesh,Annamayya,Kalikiri APMC,Vegetables,Tomato,13-02-2023,4.68,1200,1800,2400
Andhra Pradesh,Annamayya,Kalikiri APMC,Vegetables,Tomato,14-02-2023,5.56,1200,1860,2530
Andhra Pradesh,Annamayya,Kalikiri APMC,Vegetables,Tomato,15-02-2023,4.74,1200,1860,2530
Andhra Pradesh,Annamayya,Kalikiri APMC,Vegetables,Tomato,16-02-2023,4.11,1200,1800,2500
Andhra Pradesh,Annamayya,Kalikiri APMC,Vegetables,Tomato,17-02-2023,5.28,1200,1800,2500
Andhra Pradesh,Annamayya,Kalikiri APMC,Vegetables,Tomato,21-02-2023,4.56,1330,2300,3000
Andhra Pradesh,Annamayya,Kalikiri APMC,Vegetables,Tomato,24-04-2023,30.77,510,620,730
Andhra Pradesh,Annamayya,Kalikiri APMC,Vegetables,Tomato,25-04-2023,27.7,530,640,760
Andhra Pradesh,Annamayya,Kalikiri APMC,Vegetables,Tomato,26-04-2023,38.77,530,660,750
Andhra Pradesh,Annamayya,Kalikiri APMC,Vegetables,Tomato,27-04-2023,58.26,500,600,700
Andhra Pradesh,Annamayya,Kalikiri APMC,Vegetables,Tomato,28-04-2023,51.4,500,630,700
Andhra Pradesh,Annamayya,Kalikiri APMC,Vegetables,Tomato,30-04-2023,37.91,530,640,700
Andhra Pradesh,Annamayya,Kalikiri APMC,Vegetables,Tomato,01-05-2023,43.71,530,640,700
Andhra Pradesh,Annamayya,Kalikiri APMC,Vegetables,Tomato,02-05-2023,49.6,530,640,700
Andhra Pradesh,Annamayya,Kalikiri APMC,Vegetables,Tomato,03-05-2023,52.95,500,600,700
Andhra Pradesh,Annamayya,Kalikiri APMC,Vegetables,Tomato,04-05-2023,54.17,500,610,700
Andhra Pradesh,Annamayya,Kalikiri APMC,Vegetables,Tomato,05-05-2023,48.27,500,630,700
Andhra Pradesh,Annamayya,Kalikiri APMC,Vegetables,Tomato,07-05-2023,33.55,500,640,700
Andhra Pradesh,Annamayya,Kalikiri APMC,Vegetables,Tomato,08-05-2023,34.53,500,640,760
Andhra Pradesh,Annamayya,Kalikiri APMC,Vegetables,Tomato,09-05-2023,50.86,600,760,900
Andhra Pradesh,Annamayya,Kalikiri APMC,Vegetables,Tomato,10-05-2023,52.95,600,730,860
Andhra Pradesh,Annamayya,Kalikiri APMC,Vegetables,Tomato,11-05-2023,70.2,500,660,800
Andhra Pradesh,Annamayya,Kalikiri APMC,Vegetables,Tomato,12-05-2023,52.05,550,700,860
Andhra Pradesh,Annamayya,Kalikiri APMC,Vegetables,Tomato,14-05-2023,50.11,600,800,1000
Andhra Pradesh,Annamayya,Kalikiri APMC,Vegetables,Tomato,15-05-2023,51.2,600,960,1330
Andhra Pradesh,Annamayya,Kalikiri APMC,Vegetables,Tomato,16-05-2023,55.58,600,960,1330
Andhra Pradesh,Annamayya,Kalikiri APMC,Vegetables,Tomato,17-05-2023,56.4,600,960,1330
Andhra Pradesh,Annamayya,Kalikiri APMC,Vegetables,Tomato,18-05-2023,50.25,600,830,1060
Andhra Pradesh,Annamayya,Kalikiri APMC,Vegetables,Tomato,19-05-2023,75.27,600,850,1030
Andhra Pradesh,Annamayya,Kalikiri APMC,Vegetables,Tomato,20-05-2023,15.75,600,830,1060
Andhra Pradesh,Annamayya,Kalikiri APMC,Vegetables,Tomato,21-05-2023,53.1,600,860,1030
Andhra Pradesh,Annamayya,Kalikiri APMC,Vegetables,Tomato,22-05-2023,52.8,660,930,1200
Andhra Pradesh,Annamayya,Kalikiri APMC,Vegetables,Tomato,23-05-2023,71.78,700,990,1150
Andhra Pradesh,Annamayya,Kalikiri APMC,Vegetables,Tomato,24-05-2023,67.58,700,990,1150
Andhra Pradesh,Annamayya,Kalikiri APMC,Vegetables,Tomato,25-05-2023,63.67,700,900,1060
Andhra Pradesh,Annamayya,Kalikiri APMC,Vegetables,Tomato,26-05-2023,51.08,600,900,1060
Andhra Pradesh,Annamayya,Kalikiri APMC,Vegetables,Tomato,27-05-2023,25.95,600,900,1060
Andhra Pradesh,Annamayya,Kalikiri APMC,Vegetables,Tomato,28-05-2023,68.25,700,1000,1300
Andhra Pradesh,Annamayya,Kalikiri APMC,Vegetables,Tomato,29-05-2023,54.66,700,1100,1400
Andhra Pradesh,Annamayya,Kalikiri APMC,Vegetables,Tomato,30-05-2023,51.21,1000,1660,2200
Andhra Pradesh,Annamayya,Kalikiri APMC,Vegetables,Tomato,31-05-2023,51.52,1000,2100,3000
Andhra Pradesh,Annamayya,Kalikiri APMC,Vegetables,Tomato,01-06-2023,57.3,1060,1860,2530
Andhra Pradesh,Annamayya,Kalikiri APMC,Vegetables,Tomato,02-06-2023,71.04,860,1500,2000
Andhra Pradesh,Annamayya,Kalikiri APMC,Vegetables,Tomato,03-06-2023,24.57,600,1160,1600
Andhra Pradesh,Annamayya,Kalikiri APMC,Vegetables,Tomato,04-06-2023,64.47,1000,2000,2700
Andhra Pradesh,Annamayya,Kalikiri APMC,Vegetables,Tomato,05-06-2023,51.69,1000,1800,2660
Andhra Pradesh,Annamayya,Kalikiri APMC,Vegetables,Tomato,06-06-2023,69.6,1000,1900,2500
Andhra Pradesh,Annamayya,Kalikiri APMC,Vegetables,Tomato,07-06-2023,70.4,1000,2000,2700
Andhra Pradesh,Annamayya,Kalikiri APMC,Vegetables,Tomato,08-06-2023,51.66,1000,1800,2350
Andhra Pradesh,Annamayya,Kalikiri APMC,Vegetables,Tomato,09-06-2023,50.4,1000,2000,2700
Andhra Pradesh,Annamayya,Kalikiri APMC,Vegetables,Tomato,10-06-2023,8.7,1000,2400,3000
Andhra Pradesh,Annamayya,Kalikiri APMC,Vegetables,Tomato,11-06-2023,55.2,1000,2000,2600
Andhra Pradesh,Annamayya,Kalikiri APMC,Vegetables,Tomato,12-06-2023,38.2,1000,2600,3200
Andhra Pradesh,Annamayya,Kalikiri APMC,Vegetables,Tomato,13-06-2023,42.7,1200,2800,4000
Andhra Pradesh,Annamayya,Kalikiri APMC,Vegetables,Tomato,14-06-2023,51.66,1000,1800,2350
Andhra Pradesh,Annamayya,Kalikiri APMC,Vegetables,Tomato,15-06-2023,61.44,1000,2500,3700
Andhra Pradesh,Annamayya,Kalikiri APMC,Vegetables,Tomato,16-06-2023,51.93,1000,2000,2900
Andhra Pradesh,Annamayya,Kalikiri APMC,Vegetables,Tomato,17-06-2023,8.7,1000,2000,2660
Andhra Pradesh,Annamayya,Kalikiri APMC,Vegetables,Tomato,18-06-2023,53.7,1000,2600,3500
Andhra Pradesh,Annamayya,Kalikiri APMC,Vegetables,Tomato,19-06-2023,53.73,1000,2700,3500
Andhra Pradesh,Annamayya,Kalikiri APMC,Vegetables,Tomato,20-06-2023,53.52,1000,2460,3700
Andhra Pradesh,Annamayya,Kalikiri APMC,Vegetables,Tomato,21-06-2023,54.42,1000,2600,3400
Andhra Pradesh,Annamayya,Kalikiri APMC,Vegetables,Tomato,22-06-2023,52.13,1000,2500,3700
Andhra Pradesh,Annamayya,Kalikiri APMC,Vegetables,Tomato,23-06-2023,52.35,1000,2800,4000
Andhra Pradesh,Annamayya,Kalikiri APMC,Vegetables,Tomato,25-06-2023,51.72,1200,3200,5700
Andhra Pradesh,Annamayya,Kalikiri APMC,Vegetables,Tomato,26-06-2023,33.75,1200,5000,5000
Andhra Pradesh,Annamayya,Kalikiri APMC,Vegetables,Tomato,27-06-2023,40.73,1200,5000,5000
Andhra Pradesh,Annamayya,Kalikiri APMC,Vegetables,Tomato,28-06-2023,39.93,1200,4000,6000
Andhra Pradesh,Annamayya,Kalikiri APMC,Vegetables,Tomato,29-06-2023,21.87,2000,6000,7700
Andhra Pradesh,Annamayya,Kalikiri APMC,Vegetables,Tomato,30-06-2023,39.38,3200,6600,9200
Andhra Pradesh,Annamayya,Kalikiri APMC,Vegetables,Tomato,12-08-2023,7.7,2800,3200,4500
Andhra Pradesh,Annamayya,Kalikiri APMC,Vegetables,Tomato,20-08-2023,25.5,1860,2800,3200
Andhra Pradesh,Annamayya,Kalikiri APMC,Vegetables,Tomato,21-08-2023,37.7,1860,2800,3200
Andhra Pradesh,Annamayya,Kalikiri APMC,Vegetables,Tomato,22-08-2023,29.8,2600,3400,4000
Andhra Pradesh,Annamayya,Kalikiri APMC,Vegetables,Tomato,23-08-2023,41,1000,2000,3000
Andhra Pradesh,Annamayya,Kalikiri APMC,Vegetables,Tomato,24-08-2023,30.8,1000,1500,2100
Andhra Pradesh,Annamayya,Kalikiri APMC,Vegetables,Tomato,25-08-2023,38.5,1200,2000,2700
Andhra Pradesh,Annamayya,Kalikiri APMC,Vegetables,Tomato,27-08-2023,35,1500,2400,3000
Andhra Pradesh,Annamayya,Kalikiri APMC,Vegetables,Tomato,28-08-2023,24.6,1000,2000,2800
Andhra Pradesh,Annamayya,Kalikiri APMC,Vegetables,Tomato,29-08-2023,28.5,1000,1860,2400
Andhra Pradesh,Annamayya,Kalikiri APMC,Vegetables,Tomato,30-08-2023,20.4,1000,1530,2000
Andhra Pradesh,Annamayya,Kalikiri APMC,Vegetables,Tomato,31-08-2023,19.1,800,1260,1600
Andhra Pradesh,Annamayya,Kalikiri APMC,Vegetables,Tomato,01-09-2023,19.3,800,1200,1600
Andhra Pradesh,Annamayya,Kalikiri APMC,Vegetables,Tomato,03-09-2023,27.3,860,1300,1700
Andhra Pradesh,Annamayya,Kalikiri APMC,Vegetables,Tomato,04-09-2023,27.4,800,1200,1460
Andhra Pradesh,Annamayya,Kalikiri APMC,Vegetables,Tomato,05-09-2023,26,800,1200,1400
Andhra Pradesh,Annamayya,Kalikiri APMC,Vegetables,Tomato,06-09-2023,28.27,800,1060,1300
Andhra Pradesh,Annamayya,Kalikiri APMC,Vegetables,Tomato,07-09-2023,25.1,750,900,1060
Andhra Pradesh,Annamayya,Kalikiri APMC,Vegetables,Tomato,08-09-2023,22.23,700,800,1000
Andhra Pradesh,Annamayya,Kalikiri APMC,Vegetables,Tomato,10-09-2023,20.2,700,900,1130
Andhra Pradesh,Annamayya,Kalikiri APMC,Vegetables,Tomato,11-09-2023,30.8,800,1000,1200
Andhra Pradesh,Annamayya,Kalikiri APMC,Vegetables,Tomato,12-09-2023,22.92,800,1000,1170
Andhra Pradesh,Annamayya,Kalikiri APMC,Vegetables,Tomato,13-09-2023,11.34,750,900,1030
Andhra Pradesh,Annamayya,Kalikiri APMC,Vegetables,Tomato,14-09-2023,12.15,700,800,900
Andhra Pradesh,Annamayya,Kalikiri APMC,Vegetables,Tomato,15-09-2023,14.18,750,900,1030
Andhra Pradesh,Annamayya,Kalikiri APMC,Vegetables,Tomato,18-09-2023,7.5,600,750,900
Andhra Pradesh,Annamayya,Kalikiri APMC,Vegetables,Tomato,19-09-2023,6.5,600,750,900
Andhra Pradesh,Annamayya,Kalikiri APMC,Vegetables,Tomato,20-09-2023,13.4,600,830,1000
Andhra Pradesh,Annamayya,Kalikiri APMC,Vegetables,Tomato,21-09-2023,11.07,600,800,960
Andhra Pradesh,Annamayya,Kalikiri APMC,Vegetables,Tomato,22-09-2023,21.54,650,800,980
Andhra Pradesh,Annamayya,Kalikiri APMC,Vegetables,Tomato,23-09-2023,10.65,660,800,990
Andhra Pradesh,Annamayya,Kalikiri APMC,Vegetables,Tomato,24-09-2023,24.2,650,800,1000
Andhra Pradesh,Annamayya,Kalikiri APMC,Vegetables,Tomato,25-09-2023,18.26,650,860,1030
Andhra Pradesh,Annamayya,Kalikiri APMC,Vegetables,Tomato,26-09-2023,25.8,650,860,1030
Andhra Pradesh,Annamayya,Kalikiri APMC,Vegetables,Tomato,27-09-2023,16.6,650,830,1000
Andhra Pradesh,Annamayya,Kalikiri APMC,Vegetables,Tomato,28-09-2023,12,750,900,1100
Andhra Pradesh,Annamayya,Kalikiri APMC,Vegetables,Tomato,29-09-2023,14.9,650,830,1000
Andhra Pradesh,Annamayya,Kalikiri APMC,Vegetables,Tomato,02-10-2023,14.1,600,800,930
Andhra Pradesh,Annamayya,Kalikiri APMC,Vegetables,Tomato,03-10-2023,17.4,600,750,900
Andhra Pradesh,Annamayya,Kalikiri APMC,Vegetables,Tomato,04-10-2023,17.63,600,750,900
Andhra Pradesh,Annamayya,Kalikiri APMC,Vegetables,Tomato,05-10-2023,15.7,600,830,900
Andhra Pradesh,Annamayya,Kalikiri APMC,Vegetables,Tomato,06-10-2023,14.6,600,750,900
Andhra Pradesh,Annamayya,Kalikiri APMC,Vegetables,Tomato,08-10-2023,17.32,600,830,900
Andhra Pradesh,Annamayya,Kalikiri APMC,Vegetables,Tomato,09-10-2023,15.5,600,750,860
Andhra Pradesh,Annamayya,Kalikiri APMC,Vegetables,Tomato,10-10-2023,19.4,600,830,1000
Andhra Pradesh,Annamayya,Kalikiri APMC,Vegetables,Tomato,11-10-2023,13.1,650,900,1130
Andhra Pradesh,Annamayya,Kalikiri APMC,Vegetables,Tomato,12-10-2023,16.92,650,830,950
Andhra Pradesh,Annamayya,Kalikiri APMC,Vegetables,Tomato,13-10-2023,13.8,660,980,1200
Andhra Pradesh,Annamayya,Kalikiri APMC,Vegetables,Tomato,14-10-2023,5.6,650,960,1100
Andhra Pradesh,Annamayya,Kalikiri APMC,Vegetables,Tomato,15-10-2023,15.53,730,1000,1200
Andhra Pradesh,Annamayya,Kalikiri APMC,Vegetables,Tomato,16-10-2023,18.52,730,960,1100
Andhra Pradesh,Annamayya,Kalikiri APMC,Vegetables,Tomato,17-10-2023,17,730,960,1100
Andhra Pradesh,Annamayya,Kalikiri APMC,Vegetables,Tomato,18-10-2023,19,700,900,1060
Andhra Pradesh,Annamayya,Kalikiri APMC,Vegetables,Tomato,19-10-2023,16.6,750,1000,1200
Andhra Pradesh,Annamayya,Kalikiri APMC,Vegetables,Tomato,20-10-2023,18.5,660,900,1060
Andhra Pradesh,Annamayya,Kalikiri APMC,Vegetables,Tomato,24-10-2023,13.3,660,850,1000
Andhra Pradesh,Annamayya,Kalikiri APMC,Vegetables,Tomato,25-10-2023,16.4,750,1000,1400
Andhra Pradesh,Annamayya,Kalikiri APMC,Vegetables,Tomato,26-10-2023,16.7,1000,1500,2000
Andhra Pradesh,Annamayya,Kalikiri APMC,Vegetables,Tomato,27-10-2023,13.3,1000,2200,2800
Andhra Pradesh,Annamayya,Kalikiri APMC,Vegetables,Tomato,29-10-2023,18,1100,1800,2330
Andhra Pradesh,Annamayya,Kalikiri APMC,Vegetables,Tomato,30-10-2023,18.5,1200,1800,2330
Andhra Pradesh,Annamayya,Kalikiri APMC,Vegetables,Tomato,31-10-2023,18.3,1200,2000,2400
Andhra Pradesh,Annamayya,Kalikiri APMC,Vegetables,Tomato,01-11-2023,13.4,1000,1660,2400
Andhra Pradesh,Annamayya,Kalikiri APMC,Vegetables,Tomato,02-11-2023,13.24,1000,1660,2200
Andhra Pradesh,Annamayya,Kalikiri APMC,Vegetables,Tomato,05-11-2023,16.7,1200,2000,2600
Andhra Pradesh,Annamayya,Kalikiri APMC,Vegetables,Tomato,06-11-2023,14.5,1000,1800,2400
Andhra Pradesh,Annamayya,Kalikiri APMC,Vegetables,Tomato,07-11-2023,11.9,1300,2500,3400
Andhra Pradesh,Annamayya,Kalikiri APMC,Vegetables,Tomato,08-11-2023,12.9,1000,2100,3000
Andhra Pradesh,Annamayya,Kalikiri APMC,Vegetables,Tomato,09-11-2023,12.7,1200,2000,2660
Andhra Pradesh,Annamayya,Kalikiri APMC,Vegetables,Tomato,10-11-2023,13.2,1200,2200,2860
Andhra Pradesh,Annamayya,Kalikiri APMC,Vegetables,Tomato,13-11-2023,7.2,1200,2100,3000
Andhra Pradesh,Annamayya,Kalikiri APMC,Vegetables,Tomato,14-11-2023,14.2,1200,2100,2900
Andhra Pradesh,Annamayya,Kalikiri APMC,Vegetables,Tomato,15-11-2023,14.9,1200,1900,2400
Andhra Pradesh,Annamayya,Kalikiri APMC,Vegetables,Tomato,16-11-2023,15.2,1000,1660,2200
Andhra Pradesh,Annamayya,Kalikiri APMC,Vegetables,Tomato,17-11-2023,14.9,1000,1660,2000
Andhra Pradesh,Annamayya,Kalikiri APMC,Vegetables,Tomato,19-11-2023,13,1200,2200,3000
Andhra Pradesh,Annamayya,Kalikiri APMC,Vegetables,Tomato,20-11-2023,14.3,1200,2200,3000
Andhra Pradesh,Annamayya,Kalikiri APMC,Vegetables,Tomato,21-11-2023,10.3,1200,2000,2800
Andhra Pradesh,Annamayya,Kalikiri APMC,Vegetables,Tomato,22-11-2023,11.8,1200,2000,2800
Andhra Pradesh,Annamayya,Kalikiri APMC,Vegetables,Tomato,23-11-2023,12.9,1300,2400,3300
Andhra Pradesh,Annamayya,Kalikiri APMC,Vegetables,Tomato,24-11-2023,14.9,1460,2800,3700
Andhra Pradesh,Annamayya,Kalikiri APMC,Vegetables,Tomato,27-11-2023,13,1200,2000,3000
Andhra Pradesh,Annamayya,Kalikiri APMC,Vegetables,Tomato,28-11-2023,13,1200,2000,3000
Andhra Pradesh,Annamayya,Kalikiri APMC,Vegetables,Tomato,29-11-2023,12.5,1000,1830,2460
Andhra Pradesh,Annamayya,Kalikiri APMC,Vegetables,Tomato,30-11-2023,11.2,1100,2200,2800
Andhra Pradesh,Annamayya,Kalikiri APMC,Vegetables,Tomato,01-12-2023,15.3,1000,1700,2300
Andhra Pradesh,Annamayya,Kalikiri APMC,Vegetables,Tomato,03-12-2023,10.2,1200,2000,2800
Andhra Pradesh,Annamayya,Kalikiri APMC,Vegetables,Tomato,04-12-2023,5.4,1000,1800,2660
Andhra Pradesh,Annamayya,Kalikiri APMC,Vegetables,Tomato,05-12-2023,4.8,1000,1900,2660
Andhra Pradesh,Annamayya,Kalikiri APMC,Vegetables,Tomato,07-12-2023,12.7,900,1500,2000
Andhra Pradesh,Annamayya,Kalikiri APMC,Vegetables,Tomato,08-12-2023,11.6,1000,1700,2330
Andhra Pradesh,Annamayya,Kalikiri APMC,Vegetables,Tomato,10-12-2023,11.2,1000,1600,2000
Andhra Pradesh,Annamayya,Kalikiri APMC,Vegetables,Tomato,11-12-2023,12.1,1000,1600,2100
Andhra Pradesh,Annamayya,Kalikiri APMC,Vegetables,Tomato,12-12-2023,10.63,900,1400,1860
Andhra Pradesh,Annamayya,Kalikiri APMC,Vegetables,Tomato,13-12-2023,11,800,1260,1600
Andhra Pradesh,Annamayya,Kalikiri APMC,Vegetables,Tomato,14-12-2023,9,800,1200,1660
Andhra Pradesh,Annamayya,Kalikiri APMC,Vegetables,Tomato,15-12-2023,10.5,660,1000,1330
Andhra Pradesh,Annamayya,Kalikiri APMC,Vegetables,Tomato,17-12-2023,13.5,800,1300,1700
Andhra Pradesh,Annamayya,Kalikiri APMC,Vegetables,Tomato,18-12-2023,10.2,800,1300,1700
Andhra Pradesh,Annamayya,Kalikiri APMC,Vegetables,Tomato,19-12-2023,14.5,800,1300,1700
Andhra Pradesh,Annamayya,Kalikiri APMC,Vegetables,Tomato,20-12-2023,11.4,860,1330,1760
Andhra Pradesh,Annamayya,Kalikiri APMC,Vegetables,Tomato,21-12-2023,13.5,860,1330,1760
Andhra Pradesh,Annamayya,Kalikiri APMC,Vegetables,Tomato,22-12-2023,11.4,800,1530,1860
Andhra Pradesh,Annamayya,Kalikiri APMC,Vegetables,Tomato,26-12-2023,8.4,900,1700,2330
Andhra Pradesh,Annamayya,Kalikiri APMC,Vegetables,Tomato,27-12-2023,10,900,1500,2000
Andhra Pradesh,Annamayya,Kalikiri APMC,Vegetables,Tomato,28-12-2023,8.6,900,1700,2330
Andhra Pradesh,Annamayya,Kalikiri APMC,Vegetables,Tomato,29-12-2023,10.6,1000,1500,2000
Andhra Pradesh,Annamayya,Kalikiri APMC,Vegetables,Tomato,31-12-2023,12.5,960,1500,2000
Andhra Pradesh,Annamayya,Kalikiri APMC,Vegetables,Tomato,01-01-2024,9.4,1000,1500,2000
Andhra Pradesh,Annamayya,Kalikiri APMC,Vegetables,Tomato,02-01-2024,7,1000,1700,2300
Andhra Pradesh,Annamayya,Kalikiri APMC,Vegetables,Tomato,03-01-2024,8.3,1200,2000,2660
Andhra Pradesh,Annamayya,Kalikiri APMC,Vegetables,Tomato,04-01-2024,8.2,900,1600,2000
Andhra Pradesh,Annamayya,Kalikiri APMC,Vegetables,Tomato,05-01-2024,7,1000,1700,2300
Andhra Pradesh,Annamayya,Kalikiri APMC,Vegetables,Tomato,07-01-2024,9,1000,1700,2300
Andhra Pradesh,Annamayya,Kalikiri APMC,Vegetables,Tomato,08-01-2024,15.1,1000,1700,2300
Andhra Pradesh,Annamayya,Kalikiri APMC,Vegetables,Tomato,09-01-2024,2.6,1000,1700,2330
Andhra Pradesh,Annamayya,Kalikiri APMC,Vegetables,Tomato,10-01-2024,2.6,1000,1700,2330
Andhra Pradesh,Annamayya,Kalikiri APMC,Vegetables,Tomato,11-01-2024,8.3,1000,1660,2100
Andhra Pradesh,Annamayya,Kalikiri APMC,Vegetables,Tomato,12-01-2024,8,1000,1700,2300
Andhra Pradesh,Annamayya,Kalikiri APMC,Vegetables,Tomato,15-01-2024,8.3,900,1600,2000
Andhra Pradesh,Annamayya,Kalikiri APMC,Vegetables,Tomato,18-01-2024,2.4,1000,1500,2000
Andhra Pradesh,Annamayya,Kalikiri APMC,Vegetables,Tomato,19-01-2024,8.1,960,1600,2000
Andhra Pradesh,Annamayya,Kalikiri APMC,Vegetables,Tomato,21-01-2024,9.6,900,1600,2000
Andhra Pradesh,Annamayya,Kalikiri APMC,Vegetables,Tomato,22-01-2024,8.3,0,1260,1600
Andhra Pradesh,Annamayya,Kalikiri APMC,Vegetables,Tomato,23-01-2024,6.3,800,1200,1800
Andhra Pradesh,Annamayya,Kalikiri APMC,Vegetables,Tomato,24-01-2024,6.8,1000,1600,2200
Andhra Pradesh,Annamayya,Kalikiri APMC,Vegetables,Tomato,25-01-2024,5,1000,1600,2200
Andhra Pradesh,Annamayya,Kalikiri APMC,Vegetables,Tomato,26-01-2024,9.9,1000,1600,2200
Andhra Pradesh,Annamayya,Kalikiri APMC,Vegetables,Tomato,27-01-2024,9.9,1000,1600,2200
Andhra Pradesh,Annamayya,Kalikiri APMC,Vegetables,Tomato,28-01-2024,8.1,1000,1800,2400
Andhra Pradesh,Annamayya,Kalikiri APMC,Vegetables,Tomato,29-01-2024,9.6,1000,1600,2200
Andhra Pradesh,Annamayya,Kalikiri APMC,Vegetables,Tomato,30-01-2024,4.5,1000,1600,2200
Andhra Pradesh,Annamayya,Kalikiri APMC,Vegetables,Tomato,31-01-2024,7.1,1000,1600,2200
Andhra Pradesh,Annamayya,Kalikiri APMC,Vegetables,Tomato,04-02-2024,6,1500,2600,3200
Andhra Pradesh,Annamayya,Kalikiri APMC,Vegetables,Tomato,05-02-2024,6.5,1200,2000,2800
Andhra Pradesh,Annamayya,Kalikiri APMC,Vegetables,Tomato,06-02-2024,5.9,1200,2600,3000
Andhra Pradesh,Annamayya,Kalikiri APMC,Vegetables,Tomato,08-02-2024,6.3,1200,2200,3000
Andhra Pradesh,Annamayya,Kalikiri APMC,Vegetables,Tomato,09-02-2024,6.1,1200,2000,2600
Andhra Pradesh,Annamayya,Kalikiri APMC,Vegetables,Tomato,11-02-2024,7.5,1000,1600,2000
Andhra Pradesh,Annamayya,Kalikiri APMC,Vegetables,Tomato,12-02-2024,7.8,1000,1660,2200
Andhra Pradesh,Annamayya,Kalikiri APMC,Vegetables,Tomato,13-02-2024,6.7,900,1500,1800
Andhra Pradesh,Annamayya,Kalikiri APMC,Vegetables,Tomato,14-02-2024,7.8,900,1330,1600
Andhra Pradesh,Annamayya,Kalikiri APMC,Vegetables,Tomato,16-02-2024,6.2,800,1100,1400
Andhra Pradesh,Annamayya,Kalikiri APMC,Vegetables,Tomato,18-02-2024,7.1,800,1000,1330
Andhra Pradesh,Annamayya,Kalikiri APMC,Vegetables,Tomato,19-02-2024,7.2,800,1000,1400
Andhra Pradesh,Annamayya,Kalikiri APMC,Vegetables,Tomato,21-02-2024,5.3,900,1460,1800
Andhra Pradesh,Annamayya,Kalikiri APMC,Vegetables,Tomato,22-02-2024,6.6,900,1460,1800
Andhra Pradesh,Annamayya,Kalikiri APMC,Vegetables,Tomato,23-02-2024,7.6,900,1460,1800
Andhra Pradesh,Annamayya,Kalikiri APMC,Vegetables,Tomato,26-02-2024,6.3,800,1200,1500
Andhra Pradesh,Annamayya,Kalikiri APMC,Vegetables,Tomato,27-02-2024,9,700,1000,1360
Andhra Pradesh,Annamayya,Kalikiri APMC,Vegetables,Tomato,28-02-2024,8.9,700,1060,1300
Andhra Pradesh,Annamayya,Kalikiri APMC,Vegetables,Tomato,29-02-2024,7.2,700,1000,1300
Andhra Pradesh,Annamayya,Kalikiri APMC,Vegetables,Tomato,05-03-2024,5.7,800,1200,1700
Andhra Pradesh,Annamayya,Kalikiri APMC,Vegetables,Tomato,06-03-2024,6.9,800,1360,1800
Andhra Pradesh,Annamayya,Kalikiri APMC,Vegetables,Tomato,07-03-2024,7.5,800,1260,1530
Andhra Pradesh,Annamayya,Kalikiri APMC,Vegetables,Tomato,08-03-2024,6.6,700,1160,1500
Andhra Pradesh,Annamayya,Kalikiri APMC,Vegetables,Tomato,11-03-2024,6.6,900,1400,1860
Andhra Pradesh,Annamayya,Kalikiri APMC,Vegetables,Tomato,12-03-2024,8.3,800,1160,1500
Andhra Pradesh,Annamayya,Kalikiri APMC,Vegetables,Tomato,13-03-2024,7.1,1000,1600,2000
Andhra Pradesh,Annamayya,Kalikiri APMC,Vegetables,Tomato,14-03-2024,5,900,1400,1800
Andhra Pradesh,Annamayya,Kalikiri APMC,Vegetables,Tomato,15-03-2024,7.7,1000,1660,2200
Andhra Pradesh,Annamayya,Kalikiri APMC,Vegetables,Tomato,17-03-2024,7.4,800,1600,2000
Andhra Pradesh,Annamayya,Kalikiri APMC,Vegetables,Tomato,18-03-2024,9.9,1000,1460,1800
Andhra Pradesh,Annamayya,Kalikiri APMC,Vegetables,Tomato,21-03-2024,14.1,900,1400,1800
Andhra Pradesh,Annamayya,Kalikiri APMC,Vegetables,Tomato,22-03-2024,15.1,1000,1400,1700
Andhra Pradesh,Annamayya,Kalikiri APMC,Vegetables,Tomato,25-03-2024,18.1,800,1260,1500
Andhra Pradesh,Annamayya,Kalikiri APMC,Vegetables,Tomato,26-03-2024,13.1,900,1360,1700
Andhra Pradesh,Annamayya,Kalikiri APMC,Vegetables,Tomato,27-03-2024,11.2,900,1400,1800
Andhra Pradesh,Annamayya,Kalikiri APMC,Vegetables,Tomato,28-03-2024,16.9,1000,1400,1800
Andhra Pradesh,Annamayya,Kalikiri APMC,Vegetables,Tomato,03-04-2024,15.9,1200,2100,2800
Andhra Pradesh,Annamayya,Kalikiri APMC,Vegetables,Tomato,04-04-2024,19.4,1100,2300,2800
Andhra Pradesh,Annamayya,Kalikiri APMC,Vegetables,Tomato,05-04-2024,17.7,1000,2000,2500
Andhra Pradesh,Annamayya,Kalikiri APMC,Vegetables,Tomato,07-04-2024,17.7,1200,1860,2400
Andhra Pradesh,Annamayya,Kalikiri APMC,Vegetables,Tomato,08-04-2024,26.1,1200,1860,2400
Andhra Pradesh,Annamayya,Kalikiri APMC,Vegetables,Tomato,09-04-2024,19.2,1300,2200,3000
Andhra Pradesh,Annamayya,Kalikiri APMC,Vegetables,Tomato,10-04-2024,20.4,1000,1800,2200
Andhra Pradesh,Annamayya,Kalikiri APMC,Vegetables,Tomato,11-04-2024,26.3,1000,1500,1800
Andhra Pradesh,Annamayya,Kalikiri APMC,Vegetables,Tomato,12-04-2024,26.5,800,1200,1600
Andhra Pradesh,Annamayya,Kalikiri APMC,Vegetables,Tomato,14-04-2024,45.6,1000,1400,1800
Andhra Pradesh,Annamayya,Kalikiri APMC,Vegetables,Tomato,15-04-2024,45.6,860,1100,1400
Andhra Pradesh,Annamayya,Kalikiri APMC,Vegetables,Tomato,16-04-2024,42.1,900,1200,1500
Andhra Pradesh,Annamayya,Kalikiri APMC,Vegetables,Tomato,17-04-2024,41.4,860,1200,1530
Andhra Pradesh,Annamayya,Kalikiri APMC,Vegetables,Tomato,18-04-2024,39.6,760,1000,1330
Andhra Pradesh,Annamayya,Kalikiri APMC,Vegetables,Tomato,20-04-2024,10,900,1130,1300
Andhra Pradesh,Annamayya,Kalikiri APMC,Vegetables,Tomato,21-04-2024,42.4,1200,1860,2400
Andhra Pradesh,Annamayya,Kalikiri APMC,Vegetables,Tomato,22-04-2024,42.7,1000,1730,2200
Andhra Pradesh,Annamayya,Kalikiri APMC,Vegetables,Tomato,23-04-2024,61.8,1000,1430,1800
Andhra Pradesh,Annamayya,Kalikiri APMC,Vegetables,Tomato,24-04-2024,57.9,1000,1460,1800
Andhra Pradesh,Annamayya,Kalikiri APMC,Vegetables,Tomato,25-04-2024,66,900,1200,1660
Andhra Pradesh,Annamayya,Kalikiri APMC,Vegetables,Tomato,26-04-2024,65.6,960,1500,1800
Andhra Pradesh,Annamayya,Kalikiri APMC,Vegetables,Tomato,27-04-2024,10.2,1000,1430,1800
Andhra Pradesh,Annamayya,Kalikiri APMC,Vegetables,Tomato,28-04-2024,53.8,1000,1430,1800
Andhra Pradesh,Annamayya,Kalikiri APMC,Vegetables,Tomato,29-04-2024,85,1000,1400,1800
Andhra Pradesh,Annamayya,Kalikiri APMC,Vegetables,Tomato,30-04-2024,80.2,1000,1400,1800
Andhra Pradesh,Annamayya,Kalikiri APMC,Vegetables,Tomato,01-05-2024,68.7,830,1250,1660
Andhra Pradesh,Annamayya,Kalikiri APMC,Vegetables,Tomato,02-05-2024,66.8,800,1100,1400
Andhra Pradesh,Annamayya,Kalikiri APMC,Vegetables,Tomato,03-05-2024,96.4,730,1100,1400
Andhra Pradesh,Annamayya,Kalikiri APMC,Vegetables,Tomato,04-05-2024,21.1,800,1200,1500
Andhra Pradesh,Annamayya,Kalikiri APMC,Vegetables,Tomato,05-05-2024,82,1000,1400,1800
Andhra Pradesh,Annamayya,Kalikiri APMC,Vegetables,Tomato,06-05-2024,64,800,1200,1500
Andhra Pradesh,Annamayya,Kalikiri APMC,Vegetables,Tomato,07-05-2024,92,1000,1360,1630
Andhra Pradesh,Annamayya,Kalikiri APMC,Vegetables,Tomato,08-05-2024,76.5,1000,1400,1800
Andhra Pradesh,Annamayya,Kalikiri APMC,Vegetables,Tomato,09-05-2024,82.4,1000,1400,1800
Andhra Pradesh,Annamayya,Kalikiri APMC,Vegetables,Tomato,10-05-2024,112.9,1000,1430,1860
Andhra Pradesh,Annamayya,Kalikiri APMC,Vegetables,Tomato,13-05-2024,10.9,1000,1400,1660
Andhra Pradesh,Annamayya,Kalikiri APMC,Vegetables,Tomato,14-05-2024,54.9,850,1200,1460
Andhra Pradesh,Annamayya,Kalikiri APMC,Vegetables,Tomato,15-05-2024,106.8,1200,1700,2100
Andhra Pradesh,Annamayya,Kalikiri APMC,Vegetables,Tomato,16-05-2024,91.2,900,1200,1500
Andhra Pradesh,Annamayya,Kalikiri APMC,Vegetables,Tomato,17-05-2024,132.5,900,1200,1500
Andhra Pradesh,Annamayya,Kalikiri APMC,Vegetables,Tomato,18-05-2024,19.8,1000,1300,1600
Andhra Pradesh,Annamayya,Kalikiri APMC,Vegetables,Tomato,21-05-2024,111.4,1600,2300,2800
Andhra Pradesh,Annamayya,Kalikiri APMC,Vegetables,Tomato,22-05-2024,81,2000,2600,3000
Andhra Pradesh,Annamayya,Kalikiri APMC,Vegetables,Tomato,23-05-2024,95,1800,2460,3000
Andhra Pradesh,Annamayya,Kalikiri APMC,Vegetables,Tomato,24-05-2024,97.3,1700,2600,3000
Andhra Pradesh,Annamayya,Kalikiri APMC,Vegetables,Tomato,25-05-2024,21.8,2200,3100,4000
Andhra Pradesh,Annamayya,Kalikiri APMC,Vegetables,Tomato,26-05-2024,81.6,2000,3200,4600
Andhra Pradesh,Annamayya,Kalikiri APMC,Vegetables,Tomato,27-05-2024,80.5,2000,3000,4000
Andhra Pradesh,Annamayya,Kalikiri APMC,Vegetables,Tomato,28-05-2024,91.8,1700,2800,3600
Andhra Pradesh,Annamayya,Kalikiri APMC,Vegetables,Tomato,29-05-2024,89.4,2200,3000,3660
Andhra Pradesh,Annamayya,Kalikiri APMC,Vegetables,Tomato,30-05-2024,72,1660,2400,3000
Andhra Pradesh,Annamayya,Kalikiri APMC,Vegetables,Tomato,31-05-2024,97.4,1660,2330,3000
Andhra Pradesh,Annamayya,Kalikiri APMC,Vegetables,Tomato,01-06-2024,12,1400,2000,2660
Andhra Pradesh,Annamayya,Kalikiri APMC,Vegetables,Tomato,02-06-2024,75.3,2000,2700,3300
Andhra Pradesh,Annamayya,Kalikiri APMC,Vegetables,Tomato,03-06-2024,45.5,2000,2800,3660
Andhra Pradesh,Annamayya,Kalikiri APMC,Vegetables,Tomato,04-06-2024,35.1,2000,3360,4400
Andhra Pradesh,Annamayya,Kalikiri APMC,Vegetables,Tomato,05-06-2024,50.7,2400,4200,5500
Andhra Pradesh,Annamayya,Kalikiri APMC,Vegetables,Tomato,06-06-2024,52.9,2200,3000,3700
Andhra Pradesh,Annamayya,Kalikiri APMC,Vegetables,Tomato,07-06-2024,72.4,2700,3500,4600
Andhra Pradesh,Annamayya,Kalikiri APMC,Vegetables,Tomato,08-06-2024,12,1800,2400,3000
Andhra Pradesh,Annamayya,Kalikiri APMC,Vegetables,Tomato,09-06-2024,63.4,2400,3800,5000
Andhra Pradesh,Annamayya,Kalikiri APMC,Vegetables,Tomato,10-06-2024,41.6,2500,4000,5300
Andhra Pradesh,Annamayya,Kalikiri APMC,Vegetables,Tomato,11-06-2024,35.8,2500,4000,5300
Andhra Pradesh,Annamayya,Kalikiri APMC,Vegetables,Tomato,12-06-2024,33.5,2500,4000,5300
Andhra Pradesh,Annamayya,Kalikiri APMC,Vegetables,Tomato,13-06-2024,42.1,2400,4200,5000
Andhra Pradesh,Annamayya,Kalikiri APMC,Vegetables,Tomato,14-06-2024,38.2,2400,3800,5000
Andhra Pradesh,Annamayya,Kalikiri APMC,Vegetables,Tomato,15-06-2024,15.3,2400,3800,5000
Andhra Pradesh,Annamayya,Kalikiri APMC,Vegetables,Tomato,16-06-2024,44.9,2600,4000,5600
Andhra Pradesh,Annamayya,Kalikiri APMC,Vegetables,Tomato,17-06-2024,25.8,3000,4800,6300
Andhra Pradesh,Annamayya,Kalikiri APMC,Vegetables,Tomato,18-06-2024,27.3,3000,4800,6000
Andhra Pradesh,Annamayya,Kalikiri APMC,Vegetables,Tomato,19-06-2024,28.9,3300,5000,6500
Andhra Pradesh,Annamayya,Kalikiri APMC,Vegetables,Tomato,20-06-2024,29.1,5800,6500,7200
Andhra Pradesh,Annamayya,Kalikiri APMC,Vegetables,Tomato,21-06-2024,28,5000,6200,7300
Andhra Pradesh,Annamayya,Kalikiri APMC,Vegetables,Tomato,22-06-2024,4.6,4700,5500,6300
Andhra Pradesh,Annamayya,Kalikiri APMC,Vegetables,Tomato,23-06-2024,31.1,4800,5500,6300
Andhra Pradesh,Annamayya,Kalikiri APMC,Vegetables,Tomato,24-06-2024,41.2,4000,5200,6000
Andhra Pradesh,Annamayya,Kalikiri APMC,Vegetables,Tomato,25-06-2024,42.5,3200,3800,4500
Andhra Pradesh,Annamayya,Kalikiri APMC,Vegetables,Tomato,26-06-2024,49.8,2400,3200,3800
Andhra Pradesh,Annamayya,Kalikiri APMC,Vegetables,Tomato,27-06-2024,40.8,2800,3200,3660
Andhra Pradesh,Annamayya,Kalikiri APMC,Vegetables,Tomato,28-06-2024,52.5,2700,3260,3730
Andhra Pradesh,Annamayya,Kalikiri APMC,Vegetables,Tomato,29-06-2024,7.2,2200,2700,3300
Andhra Pradesh,Annamayya,Kalikiri APMC,Vegetables,Tomato,30-06-2024,51.9,2000,2660,3200
Andhra Pradesh,Annamayya,Kalikiri APMC,Vegetables,Tomato,01-07-2024,72.1,2200,2800,3500
Andhra Pradesh,Annamayya,Kalikiri APMC,Vegetables,Tomato,02-07-2024,73.4,2500,3200,3700
Andhra Pradesh,Annamayya,Kalikiri APMC,Vegetables,Tomato,03-07-2024,73.1,2500,2900,3300
Andhra Pradesh,Annamayya,Kalikiri APMC,Vegetables,Tomato,04-07-2024,85.9,2600,3000,3300
Andhra Pradesh,Annamayya,Kalikiri APMC,Vegetables,Tomato,05-07-2024,92.4,2400,2900,3200
Andhra Pradesh,Annamayya,Kalikiri APMC,Vegetables,Tomato,06-07-2024,31.8,2200,2800,3300
Andhra Pradesh,Annamayya,Kalikiri APMC,Vegetables,Tomato,07-07-2024,107.3,2500,3000,3660
Andhra Pradesh,Annamayya,Kalikiri APMC,Vegetables,Tomato,08-07-2024,101.9,2400,2800,3300
Andhra Pradesh,Annamayya,Kalikiri APMC,Vegetables,Tomato,09-07-2024,87.9,2500,3000,3660
Andhra Pradesh,Annamayya,Kalikiri APMC,Vegetables,Tomato,10-07-2024,75.2,2800,3600,4500
Andhra Pradesh,Annamayya,Kalikiri APMC,Vegetables,Tomato,11-07-2024,52,4000,4600,5200
Andhra Pradesh,Annamayya,Kalikiri APMC,Vegetables,Tomato,12-07-2024,70.3,4000,4600,5200
Andhra Pradesh,Annamayya,Kalikiri APMC,Vegetables,Tomato,13-07-2024,28.7,4000,4500,5000
Andhra Pradesh,Annamayya,Kalikiri APMC,Vegetables,Tomato,14-07-2024,46.1,4730,5660,6000
Andhra Pradesh,Annamayya,Kalikiri APMC,Vegetables,Tomato,15-07-2024,82.6,4800,5400,5900
Andhra Pradesh,Annamayya,Kalikiri APMC,Vegetables,Tomato,16-07-2024,42.7,5840,6330,7000
Andhra Pradesh,Annamayya,Kalikiri APMC,Vegetables,Tomato,17-07-2024,52.8,5530,6000,6600
Andhra Pradesh,Annamayya,Kalikiri APMC,Vegetables,Tomato,18-07-2024,54.9,5130,5500,6000
Andhra Pradesh,Annamayya,Kalikiri APMC,Vegetables,Tomato,19-07-2024,62.4,4830,5460,6000
Andhra Pradesh,Annamayya,Kalikiri APMC,Vegetables,Tomato,20-07-2024,6.9,5260,5730,6280
Andhra Pradesh,Annamayya,Kalikiri APMC,Vegetables,Tomato,21-07-2024,57.6,5000,5400,5700
Andhra Pradesh,Annamayya,Kalikiri APMC,Vegetables,Tomato,22-07-2024,62.9,5200,5600,6000
Andhra Pradesh,Annamayya,Kalikiri APMC,Vegetables,Tomato,23-07-2024,57.2,4130,4500,5000
Andhra Pradesh,Annamayya,Kalikiri APMC,Vegetables,Tomato,24-07-2024,84.9,3800,4160,4530
Andhra Pradesh,Annamayya,Kalikiri APMC,Vegetables,Tomato,25-07-2024,69.3,2460,2800,3300
Andhra Pradesh,Annamayya,Kalikiri APMC,Vegetables,Tomato,26-07-2024,73.8,1800,2460,2800
Andhra Pradesh,Annamayya,Kalikiri APMC,Vegetables,Tomato,27-07-2024,29.6,1800,2060,2330
Andhra Pradesh,Annamayya,Kalikiri APMC,Vegetables,Tomato,30-07-2024,39.4,1800,2200,2660
Andhra Pradesh,Annamayya,Kalikiri APMC,Vegetables,Tomato,31-07-2024,58.7,1800,2230,2700
Andhra Pradesh,Annamayya,Kalikiri APMC,Vegetables,Tomato,01-08-2024,54.7,1830,2260,2500
Andhra Pradesh,Annamayya,Kalikiri APMC,Vegetables,Tomato,02-08-2024,71.7,1800,2230,2460
Andhra Pradesh,Annamayya,Kalikiri APMC,Vegetables,Tomato,03-08-2024,8.4,1830,2260,2400
Andhra Pradesh,Annamayya,Kalikiri APMC,Vegetables,Tomato,04-08-2024,76.7,1800,2130,2400
Andhra Pradesh,Annamayya,Kalikiri APMC,Vegetables,Tomato,05-08-2024,40.5,1800,2180,2500
Andhra Pradesh,Annamayya,Kalikiri APMC,Vegetables,Tomato,06-08-2024,69.24,1760,2100,2430
Andhra Pradesh,Annamayya,Kalikiri APMC,Vegetables,Tomato,07-08-2024,39.5,2230,2660,3000
Andhra Pradesh,Annamayya,Kalikiri APMC,Vegetables,Tomato,08-08-2024,43.3,1760,2100,2430
Andhra Pradesh,Annamayya,Kalikiri APMC,Vegetables,Tomato,09-08-2024,38.4,1800,2230,2660
Andhra Pradesh,Annamayya,Kalikiri APMC,Vegetables,Tomato,10-08-2024,4.3,2000,2400,2660
Andhra Pradesh,Annamayya,Kalikiri APMC,Vegetables,Tomato,11-08-2024,42,2000,2400,2660
Andhra Pradesh,Annamayya,Kalikiri APMC,Vegetables,Tomato,12-08-2024,59.8,1530,1860,2130
Andhra Pradesh,Annamayya,Kalikiri APMC,Vegetables,Tomato,13-08-2024,50.6,1530,1860,2130
Andhra Pradesh,Annamayya,Kalikiri APMC,Vegetables,Tomato,14-08-2024,51.6,1430,1700,2060
Andhra Pradesh,Annamayya,Kalikiri APMC,Vegetables,Tomato,15-08-2024,28.3,1830,2200,2660
Andhra Pradesh,Annamayya,Kalikiri APMC,Vegetables,Tomato,16-08-2024,45.2,1860,2230,2700
Andhra Pradesh,Annamayya,Kalikiri APMC,Vegetables,Tomato,17-08-2024,6,1860,2230,2660
Andhra Pradesh,Annamayya,Kalikiri APMC,Vegetables,Tomato,18-08-2024,35.5,2130,2660,3000
Andhra Pradesh,Annamayya,Kalikiri APMC,Vegetables,Tomato,19-08-2024,40.4,1530,1800,2000
Andhra Pradesh,Annamayya,Kalikiri APMC,Vegetables,Tomato,20-08-2024,48.6,1530,1800,2000
Andhra Pradesh,Annamayya,Kalikiri APMC,Vegetables,Tomato,21-08-2024,44.4,1530,1800,2000
Andhra Pradesh,Annamayya,Kalikiri APMC,Vegetables,Tomato,22-08-2024,44.1,1760,2100,2330
Andhra Pradesh,Annamayya,Kalikiri APMC,Vegetables,Tomato,23-08-2024,45.6,1800,2260,2530
Andhra Pradesh,Annamayya,Kalikiri APMC,Vegetables,Tomato,24-08-2024,4.1,1760,2030,2200
Andhra Pradesh,Annamayya,Kalikiri APMC,Vegetables,Tomato,26-08-2024,44.6,1760,2000,2230
Andhra Pradesh,Annamayya,Kalikiri APMC,Vegetables,Tomato,27-08-2024,41.9,1530,1860,2060
Andhra Pradesh,Annamayya,Kalikiri APMC,Vegetables,Tomato,28-08-2024,28.4,1560,1930,2100
Andhra Pradesh,Annamayya,Kalikiri APMC,Vegetables,Tomato,29-08-2024,30.63,1400,1600,1860
Andhra Pradesh,Annamayya,Kalikiri APMC,Vegetables,Tomato,30-08-2024,35,1530,1750,2000
Andhra Pradesh,Annamayya,Kalikiri APMC,Vegetables,Tomato,01-09-2024,36.8,1560,1850,2130
Andhra Pradesh,Annamayya,Kalikiri APMC,Vegetables,Tomato,02-09-2024,24.3,1860,2280,2530
Andhra Pradesh,Annamayya,Kalikiri APMC,Vegetables,Tomato,03-09-2024,36.9,1860,2280,2530
Andhra Pradesh,Annamayya,Kalikiri APMC,Vegetables,Tomato,04-09-2024,32.9,1830,2260,2530
Andhra Pradesh,Annamayya,Kalikiri APMC,Vegetables,Tomato,05-09-2024,34.3,1660,2100,2430
Andhra Pradesh,Annamayya,Kalikiri APMC,Vegetables,Tomato,06-09-2024,30.6,1830,2260,2530
Andhra Pradesh,Annamayya,Kalikiri APMC,Vegetables,Tomato,07-09-2024,2.1,1600,1900,2200
Andhra Pradesh,Annamayya,Kalikiri APMC,Vegetables,Tomato,08-09-2024,20.4,2400,2700,3200
Andhra Pradesh,Annamayya,Kalikiri APMC,Vegetables,Tomato,09-09-2024,31.5,2060,2330,2660
Andhra Pradesh,Annamayya,Kalikiri APMC,Vegetables,Tomato,10-09-2024,34.1,2000,2300,2700
Andhra Pradesh,Annamayya,Kalikiri APMC,Vegetables,Tomato,11-09-2024,31.4,1800,2200,2500
Andhra Pradesh,Annamayya,Kalikiri APMC,Vegetables,Tomato,16-09-2024,25.2,2700,3000,3530
Andhra Pradesh,Annamayya,Kalikiri APMC,Vegetables,Tomato,17-09-2024,31.47,2730,3060,3530
Andhra Pradesh,Annamayya,Kalikiri APMC,Vegetables,Tomato,18-09-2024,29.3,2700,3200,3500
Andhra Pradesh,Annamayya,Kalikiri APMC,Vegetables,Tomato,19-09-2024,31.3,2800,3100,3700
Andhra Pradesh,Annamayya,Kalikiri APMC,Vegetables,Tomato,20-09-2024,17.9,2800,3130,3600
Andhra Pradesh,Annamayya,Kalikiri APMC,Vegetables,Tomato,21-09-2024,5.1,2800,3130,3600
Andhra Pradesh,Annamayya,Kalikiri APMC,Vegetables,Tomato,22-09-2024,29.5,3300,3700,4000
Andhra Pradesh,Annamayya,Kalikiri APMC,Vegetables,Tomato,23-09-2024,16,3530,3860,4200
Andhra Pradesh,Annamayya,Kalikiri APMC,Vegetables,Tomato,24-09-2024,17.1,3400,3800,4100
Andhra Pradesh,Annamayya,Kalikiri APMC,Vegetables,Tomato,25-09-2024,18.7,3400,3860,4100
Andhra Pradesh,Annamayya,Kalikiri APMC,Vegetables,Tomato,26-09-2024,18.5,3460,3800,4130
Andhra Pradesh,Annamayya,Kalikiri APMC,Vegetables,Tomato,27-09-2024,18.5,3400,3860,4100
Andhra Pradesh,Annamayya,Kalikiri APMC,Vegetables,Tomato,29-09-2024,19.6,3400,3860,4100
Andhra Pradesh,Annamayya,Kalikiri APMC,Vegetables,Tomato,30-09-2024,27.2,4060,4530,5000
Andhra Pradesh,Annamayya,Kalikiri APMC,Vegetables,Tomato,01-10-2024,17.1,4260,4800,5330
Andhra Pradesh,Annamayya,Kalikiri APMC,Vegetables,Tomato,02-10-2024,25.6,5130,5560,6000
Andhra Pradesh,Annamayya,Kalikiri APMC,Vegetables,Tomato,03-10-2024,20.3,5500,6200,6700
Andhra Pradesh,Annamayya,Kalikiri APMC,Vegetables,Tomato,04-10-2024,22.5,5800,6530,7000
Andhra Pradesh,Annamayya,Kalikiri APMC,Vegetables,Tomato,06-10-2024,22.5,5800,6200,6700
Andhra Pradesh,Annamayya,Kalikiri APMC,Vegetables,Tomato,07-10-2024,22.7,5900,6300,6700
Andhra Pradesh,Annamayya,Kalikiri APMC,Vegetables,Tomato,08-10-2024,23.3,6000,6400,6860
Andhra Pradesh,Annamayya,Kalikiri APMC,Vegetables,Tomato,09-10-2024,23.4,4600,5050,5400
Andhra Pradesh,Annamayya,Kalikiri APMC,Vegetables,Tomato,10-10-2024,23.5,3200,3660,4000
Andhra Pradesh,Annamayya,Kalikiri APMC,Vegetables,Tomato,11-10-2024,24.7,3200,3600,4100
Andhra Pradesh,Annamayya,Kalikiri APMC,Vegetables,Tomato,12-10-2024,24.7,3200,3600,4100
Andhra Pradesh,Annamayya,Kalikiri APMC,Vegetables,Tomato,13-10-2024,24.3,5900,6400,6800
Andhra Pradesh,Annamayya,Kalikiri APMC,Vegetables,Tomato,14-10-2024,26,4300,4800,5200
Andhra Pradesh,Annamayya,Kalikiri APMC,Vegetables,Tomato,15-10-2024,24.9,5000,5460,5830
Andhra Pradesh,Annamayya,Kalikiri APMC,Vegetables,Tomato,16-10-2024,15,4200,4660,5000
Andhra Pradesh,Annamayya,Kalikiri APMC,Vegetables,Tomato,17-10-2024,7.4,3800,4330,4700
Andhra Pradesh,Annamayya,Kalikiri APMC,Vegetables,Tomato,18-10-2024,18.1,3900,4360,4730
Andhra Pradesh,Annamayya,Kalikiri APMC,Vegetables,Tomato,19-10-2024,5,3700,4200,4600
Andhra Pradesh,Annamayya,Kalikiri APMC,Vegetables,Tomato,21-10-2024,32.4,3800,4060,4400
Andhra Pradesh,Annamayya,Kalikiri APMC,Vegetables,Tomato,22-10-2024,32.1,4000,4400,4800
Andhra Pradesh,Annamayya,Kalikiri APMC,Vegetables,Tomato,23-10-2024,20.3,3800,4060,4300
Andhra Pradesh,Annamayya,Kalikiri APMC,Vegetables,Tomato,24-10-2024,32.7,2200,2500,2800
Andhra Pradesh,Annamayya,Kalikiri APMC,Vegetables,Tomato,25-10-2024,32.1,2930,3200,3660
Andhra Pradesh,Annamayya,Kalikiri APMC,Vegetables,Tomato,26-10-2024,3,2900,3200,3660
Andhra Pradesh,Annamayya,Kalikiri APMC,Vegetables,Tomato,27-10-2024,35.7,3200,3500,3800
Andhra Pradesh,Annamayya,Kalikiri APMC,Vegetables,Tomato,28-10-2024,35.2,2800,3200,3660
Andhra Pradesh,Annamayya,Kalikiri APMC,Vegetables,Tomato,29-10-2024,24.8,2700,3000,3300
Andhra Pradesh,Annamayya,Kalikiri APMC,Vegetables,Tomato,30-10-2024,24.8,2600,3000,3300
Andhra Pradesh,Annamayya,Kalikiri APMC,Vegetables,Tomato,31-10-2024,25.2,2000,2400,2800
Andhra Pradesh,Annamayya,Kalikiri APMC,Vegetables,Tomato,01-11-2024,15.6,2400,2800,3000
Andhra Pradesh,Annamayya,Kalikiri APMC,Vegetables,Tomato,02-11-2024,3.3,2700,3000,3300
Andhra Pradesh,Annamayya,Kalikiri APMC,Vegetables,Tomato,03-11-2024,22.5,2700,3000,3300
Andhra Pradesh,Annamayya,Kalikiri APMC,Vegetables,Tomato,04-11-2024,25.4,2500,2730,3000
Andhra Pradesh,Annamayya,Kalikiri APMC,Vegetables,Tomato,05-11-2024,20.7,2200,2500,2800
Andhra Pradesh,Annamayya,Kalikiri APMC,Vegetables,Tomato,06-11-2024,25.8,2000,2330,2660
Andhra Pradesh,Annamayya,Kalikiri APMC,Vegetables,Tomato,07-11-2024,21.7,2000,2460,2800
Andhra Pradesh,Annamayya,Kalikiri APMC,Vegetables,Tomato,08-11-2024,25.8,2000,2330,2660
Andhra Pradesh,Annamayya,Kalikiri APMC,Vegetables,Tomato,09-11-2024,3,1500,1800,2000
Andhra Pradesh,Annamayya,Kalikiri APMC,Vegetables,Tomato,10-11-2024,23.1,1200,1530,1860
Andhra Pradesh,Annamayya,Kalikiri APMC,Vegetables,Tomato,11-11-2024,27.4,1460,1800,2130
Andhra Pradesh,Annamayya,Kalikiri APMC,Vegetables,Tomato,12-11-2024,24.2,1560,1900,2330
Andhra Pradesh,Annamayya,Kalikiri APMC,Vegetables,Tomato,13-11-2024,25.8,1560,1900,2330
Andhra Pradesh,Annamayya,Kalikiri APMC,Vegetables,Tomato,14-11-2024,28.2,1330,1660,2000
Andhra Pradesh,Annamayya,Kalikiri APMC,Vegetables,Tomato,15-11-2024,27.3,1760,2000,2330
Andhra Pradesh,Annamayya,Kalikiri APMC,Vegetables,Tomato,18-11-2024,27.2,1800,2060,2330
Andhra Pradesh,Annamayya,Kalikiri APMC,Vegetables,Tomato,19-11-2024,17.7,2000,2530,2800
Andhra Pradesh,Annamayya,Kalikiri APMC,Vegetables,Tomato,20-11-2024,18.9,2400,2800,3300
Andhra Pradesh,Annamayya,Kalikiri APMC,Vegetables,Tomato,21-11-2024,17.4,2400,2700,3000
Andhra Pradesh,Annamayya,Kalikiri APMC,Vegetables,Tomato,22-11-2024,39.8,2400,2860,3200
Andhra Pradesh,Annamayya,Kalikiri APMC,Vegetables,Tomato,23-11-2024,2,2400,2700,3000
Andhra Pradesh,Annamayya,Kalikiri APMC,Vegetables,Tomato,24-11-2024,39.5,2800,3200,3660
Andhra Pradesh,Annamayya,Kalikiri APMC,Vegetables,Tomato,25-11-2024,31.1,2800,3200,3660
Andhra Pradesh,Annamayya,Kalikiri APMC,Vegetables,Tomato,26-11-2024,20.8,3200,3730,4200
Andhra Pradesh,Annamayya,Kalikiri APMC,Vegetables,Tomato,27-11-2024,20.4,3200,3730,4330
Andhra Pradesh,Annamayya,Kalikiri APMC,Vegetables,Tomato,28-11-2024,15.5,4000,4460,4800
Andhra Pradesh,Annamayya,Kalikiri APMC,Vegetables,Tomato,29-11-2024,15.5,4200,4700,5330
Andhra Pradesh,Annamayya,Kalikiri APMC,Vegetables,Tomato,30-11-2024,1.7,3500,3900,4330
Andhra Pradesh,Annamayya,Kalikiri APMC,Vegetables,Tomato,01-12-2024,6,4000,4300,4660
Andhra Pradesh,Annamayya,Kalikiri APMC,Vegetables,Tomato,02-12-2024,2,4000,4300,4660
Andhra Pradesh,Annamayya,Kalikiri APMC,Vegetables,Tomato,03-12-2024,10.2,3700,4000,4330
Andhra Pradesh,Annamayya,Kalikiri APMC,Vegetables,Tomato,04-12-2024,10,3400,4000,4660
Andhra Pradesh,Annamayya,Kalikiri APMC,Vegetables,Tomato,05-12-2024,10.6,3700,4000,4530
Andhra Pradesh,Annamayya,Kalikiri APMC,Vegetables,Tomato,06-12-2024,6.6,4560,5100,5500
Andhra Pradesh,Annamayya,Kalikiri APMC,Vegetables,Tomato,07-12-2024,2.4,3000,3600,4700
Andhra Pradesh,Annamayya,Kalikiri APMC,Vegetables,Tomato,08-12-2024,11.7,2730,3100,3460
Andhra Pradesh,Annamayya,Kalikiri APMC,Vegetables,Tomato,09-12-2024,10,1700,2000,2330
Andhra Pradesh,Annamayya,Kalikiri APMC,Vegetables,Tomato,10-12-2024,20.9,860,1100,1330
Andhra Pradesh,Annamayya,Kalikiri APMC,Vegetables,Tomato,11-12-2024,15,930,1100,1660
Andhra Pradesh,Annamayya,Kalikiri APMC,Vegetables,Tomato,12-12-2024,25.2,1460,1760,2000
Andhra Pradesh,Annamayya,Kalikiri APMC,Vegetables,Tomato,15-12-2024,15,900,1100,1330
Andhra Pradesh,Annamayya,Kalikiri APMC,Vegetables,Tomato,16-12-2024,10.6,900,1150,1330
Andhra Pradesh,Annamayya,Kalikiri APMC,Vegetables,Tomato,17-12-2024,10.5,900,1150,1330
Andhra Pradesh,Annamayya,Kalikiri APMC,Vegetables,Tomato,18-12-2024,7.4,900,1150,1330
Andhra Pradesh,Annamayya,Kalikiri APMC,Vegetables,Tomato,19-12-2024,8.7,1060,1330,1530
Andhra Pradesh,Annamayya,Kalikiri APMC,Vegetables,Tomato,20-12-2024,7.4,1000,1330,1500
Andhra Pradesh,Annamayya,Kalikiri APMC,Vegetables,Tomato,22-12-2024,7.7,2000,2350,2660
Andhra Pradesh,Annamayya,Kalikiri APMC,Vegetables,Tomato,23-12-2024,8.4,1000,1330,1600
Andhra Pradesh,Annamayya,Kalikiri APMC,Vegetables,Tomato,24-12-2024,9.2,1300,1550,1800
Andhra Pradesh,Annamayya,Kalikiri APMC,Vegetables,Tomato,25-12-2024,8.1,1330,1550,1800
Andhra Pradesh,Annamayya,Kalikiri APMC,Vegetables,Tomato,26-12-2024,5.1,1330,1550,1830
Andhra Pradesh,Annamayya,Kalikiri APMC,Vegetables,Tomato,27-12-2024,3,1300,1530,1860
Andhra Pradesh,Annamayya,Kalikiri APMC,Vegetables,Tomato,29-12-2024,14.7,1230,1400,1660
Andhra Pradesh,Annamayya,Kalikiri APMC,Vegetables,Tomato,30-12-2024,11.9,830,1060,1200
Andhra Pradesh,Annamayya,Kalikiri APMC,Vegetables,Tomato,31-12-2024,7.1,860,980,1130
Andhra Pradesh,Annamayya,Kalikiri APMC,Vegetables,Tomato,01-01-2025,5.3,930,1100,1330
Andhra Pradesh,Annamayya,Kalikiri APMC,Vegetables,Tomato,02-01-2025,5.4,860,1000,1200
Andhra Pradesh,Annamayya,Kalikiri APMC,Vegetables,Tomato,03-01-2025,6.4,930,1060,1330
Andhra Pradesh,Annamayya,Kalikiri APMC,Vegetables,Tomato,05-01-2025,12.2,800,1060,1200
Andhra Pradesh,Annamayya,Kalikiri APMC,Vegetables,Tomato,06-01-2025,12.2,880,1030,1260
Andhra Pradesh,Annamayya,Kalikiri APMC,Vegetables,Tomato,07-01-2025,11.2,880,1030,1260
Andhra Pradesh,Annamayya,Kalikiri APMC,Vegetables,Tomato,08-01-2025,7.8,800,1060,1200
Andhra Pradesh,Annamayya,Kalikiri APMC,Vegetables,Tomato,09-01-2025,7.1,850,1000,1230
Andhra Pradesh,Annamayya,Kalikiri APMC,Vegetables,Tomato,10-01-2025,5.9,850,1000,1230
Andhra Pradesh,Annamayya,Kalikiri APMC,Vegetables,Tomato,16-01-2025,1.1,800,1060,1200
Andhra Pradesh,Annamayya,Kalikiri APMC,Vegetables,Tomato,17-01-2025,6.9,1330,1550,1700
Andhra Pradesh,Annamayya,Kalikiri APMC,Vegetables,Tomato,18-01-2025,1.1,1400,1600,1800
Andhra Pradesh,Annamayya,Kalikiri APMC,Vegetables,Tomato,19-01-2025,10.5,1400,1640,1800
Andhra Pradesh,Annamayya,Kalikiri APMC,Vegetables,Tomato,20-01-2025,1.4,1100,1300,1530
Andhra Pradesh,Annamayya,Kalikiri APMC,Vegetables,Tomato,21-01-2025,3.2,1260,1400,1600
Andhra Pradesh,Annamayya,Kalikiri APMC,Vegetables,Tomato,22-01-2025,5.4,1230,1400,1660
Andhra Pradesh,Annamayya,Kalikiri APMC,Vegetables,Tomato,23-01-2025,5.1,1260,1530,1700
Andhra Pradesh,Annamayya,Kalikiri APMC,Vegetables,Tomato,24-01-2025,5.6,1200,1500,1700
Andhra Pradesh,Annamayya,Kalikiri APMC,Vegetables,Tomato,25-01-2025,4.1,1400,1660,1860
Andhra Pradesh,Annamayya,Kalikiri APMC,Vegetables,Tomato,26-01-2025,5,1400,1600,1800
Andhra Pradesh,Annamayya,Kalikiri APMC,Vegetables,Tomato,27-01-2025,6,1400,1650,1860
Andhra Pradesh,Annamayya,Kalikiri APMC,Vegetables,Tomato,28-01-2025,5,1330,1550,1800
Andhra Pradesh,Annamayya,Kalikiri APMC,Vegetables,Tomato,29-01-2025,5.6,1800,2060,2330
Andhra Pradesh,Annamayya,Kalikiri APMC,Vegetables,Tomato,30-01-2025,4.1,1830,2000,2200
Andhra Pradesh,Annamayya,Kalikiri APMC,Vegetables,Tomato,31-01-2025,4.5,1850,2200,2460
Andhra Pradesh,Annamayya,Kalikiri APMC,Vegetables,Tomato,01-02-2025,1,1130,1400,1660
Andhra Pradesh,Annamayya,Kalikiri APMC,Vegetables,Tomato,02-02-2025,3,1700,2000,2330
Andhra Pradesh,Annamayya,Kalikiri APMC,Vegetables,Tomato,03-02-2025,2.7,1550,1830,2000
Andhra Pradesh,Annamayya,Kalikiri APMC,Vegetables,Tomato,04-02-2025,3.3,1330,1550,1800
Andhra Pradesh,Annamayya,Kalikiri APMC,Vegetables,Tomato,05-02-2025,3.6,1430,1600,1830
Andhra Pradesh,Annamayya,Kalikiri APMC,Vegetables,Tomato,06-02-2025,3.3,1400,1640,1830
Andhra Pradesh,Annamayya,Kalikiri APMC,Vegetables,Tomato,07-02-2025,3.6,1530,1750,2000
Andhra Pradesh,Annamayya,Kalikiri APMC,Vegetables,Tomato,08-02-2025,1.6,1430,1650,1860
Andhra Pradesh,Annamayya,Kalikiri APMC,Vegetables,Tomato,09-02-2025,5.3,1330,1550,1700
Andhra Pradesh,Annamayya,Kalikiri APMC,Vegetables,Tomato,10-02-2025,4.5,1430,1600,1860
Andhra Pradesh,Annamayya,Kalikiri APMC,Vegetables,Tomato,11-02-2025,3.5,1430,1600,1860
Andhra Pradesh,Annamayya,Kalikiri APMC,Vegetables,Tomato,12-02-2025,4.5,1260,1400,1660
Andhra Pradesh,Annamayya,Kalikiri APMC,Vegetables,Tomato,13-02-2025,4.5,1100,1330,1500
Andhra Pradesh,Annamayya,Kalikiri APMC,Vegetables,Tomato,14-02-2025,6,830,1000,1260
Andhra Pradesh,Annamayya,Kalikiri APMC,Vegetables,Tomato,15-02-2025,1,830,1000,1260
Andhra Pradesh,Annamayya,Kalikiri APMC,Vegetables,Tomato,16-02-2025,4.2,830,1000,1260
Andhra Pradesh,Annamayya,Kalikiri APMC,Vegetables,Tomato,17-02-2025,6.8,1000,1200,1460
Andhra Pradesh,Annamayya,Kalikiri APMC,Vegetables,Tomato,18-02-2025,4.5,1060,1330,1500
Andhra Pradesh,Annamayya,Kalikiri APMC,Vegetables,Tomato,19-02-2025,6.3,1060,1330,1500
Andhra Pradesh,Annamayya,Kalikiri APMC,Vegetables,Tomato,20-02-2025,7.2,860,1000,1230
Andhra Pradesh,Annamayya,Kalikiri APMC,Vegetables,Tomato,21-02-2025,7.1,1000,1160,1330
Andhra Pradesh,Annamayya,Kalikiri APMC,Vegetables,Tomato,23-02-2025,7.8,930,1000,1260
Andhra Pradesh,Annamayya,Kalikiri APMC,Vegetables,Tomato,24-02-2025,7.5,960,1000,1230
Andhra Pradesh,Annamayya,Kalikiri APMC,Vegetables,Tomato,25-02-2025,8.6,900,1000,1200
Andhra Pradesh,Annamayya,Kalikiri APMC,Vegetables,Tomato,26-02-2025,7.5,930,1060,1200
Andhra Pradesh,Annamayya,Kalikiri APMC,Vegetables,Tomato,27-02-2025,3,900,1000,1130
Andhra Pradesh,Annamayya,Kalikiri APMC,Vegetables,Tomato,28-02-2025,3.3,930,1000,1160
Andhra Pradesh,Annamayya,Kalikiri APMC,Vegetables,Tomato,01-03-2025,3,930,1060,1200
Andhra Pradesh,Annamayya,Kalikiri APMC,Vegetables,Tomato,02-03-2025,12,1000,1100,1300
Andhra Pradesh,Annamayya,Kalikiri APMC,Vegetables,Tomato,03-03-2025,12.6,900,1100,1260
Andhra Pradesh,Annamayya,Kalikiri APMC,Vegetables,Tomato,04-03-2025,10.5,960,1100,1230
Andhra Pradesh,Annamayya,Kalikiri APMC,Vegetables,Tomato,05-03-2025,16.5,960,1000,1130
Andhra Pradesh,Annamayya,Kalikiri APMC,Vegetables,Tomato,06-03-2025,10.4,900,1060,1130
Andhra Pradesh,Annamayya,Kalikiri APMC,Vegetables,Tomato,07-03-2025,15,830,950,1060
Andhra Pradesh,Annamayya,Kalikiri APMC,Vegetables,Tomato,08-03-2025,1.1,830,950,1060
Andhra Pradesh,Annamayya,Kalikiri APMC,Vegetables,Tomato,09-03-2025,12,830,950,1060
Andhra Pradesh,Annamayya,Kalikiri APMC,Vegetables,Tomato,10-03-2025,11.3,830,950,1060
Andhra Pradesh,Annamayya,Kalikiri APMC,Vegetables,Tomato,11-03-2025,12.3,830,970,1060
Andhra Pradesh,Annamayya,Kalikiri APMC,Vegetables,Tomato,12-03-2025,11.9,860,950,1030
Andhra Pradesh,Annamayya,Kalikiri APMC,Vegetables,Tomato,13-03-2025,12.3,860,950,1030
Andhra Pradesh,Annamayya,Kalikiri APMC,Vegetables,Tomato,14-03-2025,15.5,860,950,1040
Andhra Pradesh,Annamayya,Kalikiri APMC,Vegetables,Tomato,15-03-2025,6.3,800,900,1030
Andhra Pradesh,Annamayya,Kalikiri APMC,Vegetables,Tomato,16-03-2025,12.3,860,950,1060
Andhra Pradesh,Annamayya,Kalikiri APMC,Vegetables,Tomato,17-03-2025,12.8,830,950,1060
Andhra Pradesh,Annamayya,Kalikiri APMC,Vegetables,Tomato,18-03-2025,13.5,900,1060,1200
Andhra Pradesh,Annamayya,Kalikiri APMC,Vegetables,Tomato,19-03-2025,13.7,830,950,1060
Andhra Pradesh,Annamayya,Kalikiri APMC,Vegetables,Tomato,20-03-2025,14,860,950,1030
Andhra Pradesh,Annamayya,Kalikiri APMC,Vegetables,Tomato,21-03-2025,15.3,830,950,1060
Andhra Pradesh,Annamayya,Kalikiri APMC,Vegetables,Tomato,22-03-2025,12,860,950,1030
Andhra Pradesh,Annamayya,Kalikiri APMC,Vegetables,Tomato,23-03-2025,28.6,780,950,1030
Andhra Pradesh,Annamayya,Kalikiri APMC,Vegetables,Tomato,24-03-2025,25.7,780,950,1030
Andhra Pradesh,Annamayya,Kalikiri APMC,Vegetables,Tomato,25-03-2025,27,780,930,1000
Andhra Pradesh,Annamayya,Kalikiri APMC,Vegetables,Tomato,26-03-2025,25.1,750,860,950
Andhra Pradesh,Annamayya,Kalikiri APMC,Vegetables,Tomato,27-03-2025,38.4,750,860,950
Andhra Pradesh,Annamayya,Kalikiri APMC,Vegetables,Tomato,28-03-2025,51.3,730,860,950
Andhra Pradesh,Annamayya,Kalikiri APMC,Vegetables,Tomato,29-03-2025,15,730,860,950
Andhra Pradesh,Annamayya,Kalikiri APMC,Vegetables,Tomato,30-03-2025,30,860,1100,1330
Andhra Pradesh,Annamayya,Kalikiri APMC,Vegetables,Tomato,31-03-2025,27,960,1130,1200
Andhra Pradesh,Annamayya,Kalikiri APMC,Vegetables,Tomato,01-04-2025,61.7,950,1160,1330
Andhra Pradesh,Annamayya,Kalikiri APMC,Vegetables,Tomato,02-04-2025,59.1,950,1100,1200
Andhra Pradesh,Annamayya,Kalikiri APMC,Vegetables,Tomato,03-04-2025,56.2,950,1100,1200
Andhra Pradesh,Annamayya,Kalikiri APMC,Vegetables,Tomato,04-04-2025,71.2,950,1100,1200
Andhra Pradesh,Annamayya,Kalikiri APMC,Vegetables,Tomato,05-04-2025,15.9,900,1030,1100
Andhra Pradesh,Annamayya,Kalikiri APMC,Vegetables,Tomato,06-04-2025,53.7,900,1000,1100
Andhra Pradesh,Annamayya,Kalikiri APMC,Vegetables,Tomato,07-04-2025,61.8,960,1150,1330
Andhra Pradesh,Annamayya,Kalikiri APMC,Vegetables,Tomato,08-04-2025,57.8,960,1100,1230
Andhra Pradesh,Annamayya,Kalikiri APMC,Vegetables,Tomato,09-04-2025,60.6,870,1050,1160
Andhra Pradesh,Annamayya,Kalikiri APMC,Vegetables,Tomato,10-04-2025,55,980,1100,1230
Andhra Pradesh,Annamayya,Kalikiri APMC,Vegetables,Tomato,11-04-2025,92.5,960,1100,1260
Andhra Pradesh,Annamayya,Kalikiri APMC,Vegetables,Tomato,12-04-2025,25.1,930,1100,1260
Andhra Pradesh,Annamayya,Kalikiri APMC,Vegetables,Tomato,13-04-2025,98,1030,1170,1230
Andhra Pradesh,Annamayya,Kalikiri APMC,Vegetables,Tomato,14-04-2025,93.4,1030,1170,1330
Andhra Pradesh,Annamayya,Kalikiri APMC,Vegetables,Tomato,15-04-2025,87.3,960,1100,1250
Andhra Pradesh,Annamayya,Kalikiri APMC,Vegetables,Tomato,16-04-2025,81,930,1060,1100
Andhra Pradesh,Annamayya,Kalikiri APMC,Vegetables,Tomato,17-04-2025,95.7,860,950,1030
Andhra Pradesh,Annamayya,Kalikiri APMC,Vegetables,Tomato,18-04-2025,83.1,860,950,1030
Andhra Pradesh,Annamayya,Kalikiri APMC,Vegetables,Tomato,19-04-2025,28.8,960,1100,1200
Andhra Pradesh,Annamayya,Kalikiri APMC,Vegetables,Tomato,20-04-2025,93.9,950,1060,1130
Andhra Pradesh,Annamayya,Kalikiri APMC,Vegetables,Tomato,21-04-2025,102.4,860,980,1060
Andhra Pradesh,Annamayya,Kalikiri APMC,Vegetables,Tomato,22-04-2025,95.7,850,930,1000
Andhra Pradesh,Annamayya,Kalikiri APMC,Vegetables,Tomato,23-04-2025,100.1,800,930,1000
Andhra Pradesh,Annamayya,Kalikiri APMC,Vegetables,Tomato,24-04-2025,102.5,800,930,1000
Andhra Pradesh,Annamayya,Kalikiri APMC,Vegetables,Tomato,25-04-2025,98.9,830,930,1000
Andhra Pradesh,Annamayya,Kalikiri APMC,Vegetables,Tomato,26-04-2025,25.7,830,960,1000
Andhra Pradesh,Annamayya,Kalikiri APMC,Vegetables,Tomato,27-04-2025,113.7,850,930,1000
Andhra Pradesh,Annamayya,Kalikiri APMC,Vegetables,Tomato,28-04-2025,92.9,830,960,1050
Andhra Pradesh,Annamayya,Kalikiri APMC,Vegetables,Tomato,29-04-2025,103,830,960,1030
Andhra Pradesh,Annamayya,Kalikiri APMC,Vegetables,Tomato,30-04-2025,107.8,830,950,1030
Andhra Pradesh,Annamayya,Kalikiri APMC,Vegetables,Tomato,01-05-2025,141.5,800,870,950
Andhra Pradesh,Annamayya,Kalikiri APMC,Vegetables,Tomato,02-05-2025,153.4,800,870,950
Andhra Pradesh,Annamayya,Kalikiri APMC,Vegetables,Tomato,03-05-2025,27,800,860,930
Andhra Pradesh,Annamayya,Kalikiri APMC,Vegetables,Tomato,04-05-2025,104.7,800,860,930
Andhra Pradesh,Annamayya,Kalikiri APMC,Vegetables,Tomato,05-05-2025,119.7,800,870,930
Andhra Pradesh,Annamayya,Kalikiri APMC,Vegetables,Tomato,06-05-2025,106.4,800,870,930
Andhra Pradesh,Annamayya,Kalikiri APMC,Vegetables,Tomato,07-05-2025,122.8,800,860,930
Andhra Pradesh,Annamayya,Kalikiri APMC,Vegetables,Tomato,08-05-2025,95.6,800,860,930
Andhra Pradesh,Annamayya,Kalikiri APMC,Vegetables,Tomato,09-05-2025,128.3,800,870,930
Andhra Pradesh,Annamayya,Kalikiri APMC,Vegetables,Tomato,10-05-2025,38.1,800,860,930
Andhra Pradesh,Annamayya,Kalikiri APMC,Vegetables,Tomato,11-05-2025,108,800,870,930
Andhra Pradesh,Annamayya,Kalikiri APMC,Vegetables,Tomato,12-05-2025,112.8,830,900,970
Andhra Pradesh,Annamayya,Kalikiri APMC,Vegetables,Tomato,13-05-2025,132.2,830,910,970
Andhra Pradesh,Annamayya,Kalikiri APMC,Vegetables,Tomato,14-05-2025,101,800,870,930
Andhra Pradesh,Annamayya,Kalikiri APMC,Vegetables,Tomato,15-05-2025,109.4,800,870,930
Andhra Pradesh,Annamayya,Kalikiri APMC,Vegetables,Tomato,16-05-2025,103.7,700,750,800
Andhra Pradesh,Annamayya,Kalikiri APMC,Vegetables,Tomato,17-05-2025,25.1,700,750,800
Andhra Pradesh,Annamayya,Kalikiri APMC,Vegetables,Tomato,18-05-2025,116,700,750,800
Andhra Pradesh,Annamayya,Kalikiri APMC,Vegetables,Tomato,19-05-2025,113.1,830,950,1000
Andhra Pradesh,Annamayya,Kalikiri APMC,Vegetables,Tomato,20-05-2025,122.7,830,930,1000
Andhra Pradesh,Annamayya,Kalikiri APMC,Vegetables,Tomato,21-05-2025,126,830,900,930
Andhra Pradesh,Annamayya,Kalikiri APMC,Vegetables,Tomato,22-05-2025,110.9,800,860,930
Andhra Pradesh,Annamayya,Kalikiri APMC,Vegetables,Tomato,23-05-2025,127.5,830,930,1000
Andhra Pradesh,Annamayya,Kalikiri APMC,Vegetables,Tomato,24-05-2025,26,830,930,1000
Andhra Pradesh,Annamayya,Kalikiri APMC,Vegetables,Tomato,25-05-2025,128.2,830,930,1000
Andhra Pradesh,Annamayya,Kalikiri APMC,Vegetables,Tomato,26-05-2025,106.5,830,930,1000
Andhra Pradesh,Annamayya,Kalikiri APMC,Vegetables,Tomato,27-05-2025,113.7,850,930,1000
Andhra Pradesh,Annamayya,Kalikiri APMC,Vegetables,Tomato,28-05-2025,114.9,850,930,1000
Andhra Pradesh,Annamayya,Kalikiri APMC,Vegetables,Tomato,29-05-2025,132.7,850,930,1000
Andhra Pradesh,Annamayya,Kalikiri APMC,Vegetables,Tomato,30-05-2025,119.5,850,930,1000
Andhra Pradesh,Annamayya,Kalikiri APMC,Vegetables,Tomato,31-05-2025,30,800,900,960
Andhra Pradesh,Annamayya,Kalikiri APMC,Vegetables,Tomato,01-06-2025,120.1,830,950,1000
Andhra Pradesh,Annamayya,Kalikiri APMC,Vegetables,Tomato,02-06-2025,110,1000,1200,1300
Andhra Pradesh,Annamayya,Kalikiri APMC,Vegetables,Tomato,03-06-2025,108.3,1200,1400,1660
Andhra Pradesh,Annamayya,Kalikiri APMC,Vegetables,Tomato,04-06-2025,110,1000,1250,1460
Andhra Pradesh,Annamayya,Kalikiri APMC,Vegetables,Tomato,05-06-2025,113.3,1000,1250,1460
Andhra Pradesh,Annamayya,Kalikiri APMC,Vegetables,Tomato,06-06-2025,129.3,1000,1250,1460
Andhra Pradesh,Annamayya,Kalikiri APMC,Vegetables,Tomato,07-06-2025,30,1000,1250,1460
Andhra Pradesh,Annamayya,Kalikiri APMC,Vegetables,Tomato,08-06-2025,131.2,1000,1250,1460
Andhra Pradesh,Annamayya,Kalikiri APMC,Vegetables,Tomato,09-06-2025,111.5,1330,1600,1900
Andhra Pradesh,Annamayya,Kalikiri APMC,Vegetables,Tomato,10-06-2025,98,1830,2100,2330
Andhra Pradesh,Annamayya,Kalikiri APMC,Vegetables,Tomato,11-06-2025,82.7,1830,2100,2330
Andhra Pradesh,Annamayya,Kalikiri APMC,Vegetables,Tomato,12-06-2025,86,1530,1800,2000
Andhra Pradesh,Annamayya,Kalikiri APMC,Vegetables,Tomato,13-06-2025,101.1,1430,1660,1800
Andhra Pradesh,Annamayya,Kalikiri APMC,Vegetables,Tomato,14-06-2025,32,1350,1560,1730
Andhra Pradesh,Annamayya,Kalikiri APMC,Vegetables,Tomato,15-06-2025,114.9,1560,1700,1930
Andhra Pradesh,Annamayya,Kalikiri APMC,Vegetables,Tomato,17-06-2025,113,1330,1660,1800
Andhra Pradesh,Annamayya,Kalikiri APMC,Vegetables,Tomato,18-06-2025,106.1,1350,1660,1830
Andhra Pradesh,Annamayya,Kalikiri APMC,Vegetables,Tomato,19-06-2025,81.3,1000,1230,1460
Andhra Pradesh,Annamayya,Kalikiri APMC,Vegetables,Tomato,20-06-2025,85,1000,1230,1460
Andhra Pradesh,Annamayya,Kalikiri APMC,Vegetables,Tomato,21-06-2025,20,1000,1230,1460
Andhra Pradesh,Annamayya,Kalikiri APMC,Vegetables,Tomato,23-06-2025,82.4,1200,1600,1860
Andhra Pradesh,Annamayya,Kalikiri APMC,Vegetables,Tomato,24-06-2025,71,1660,2100,2530
Andhra Pradesh,Annamayya,Kalikiri APMC,Vegetables,Tomato,25-06-2025,73.1,1660,2000,2400
Andhra Pradesh,Annamayya,Kalikiri APMC,Vegetables,Tomato,26-06-2025,83,1530,1860,2100
Andhra Pradesh,Annamayya,Kalikiri APMC,Vegetables,Tomato,27-06-2025,76.5,1530,1860,2100
Andhra Pradesh,Annamayya,Kalikiri APMC,Vegetables,Tomato,01-07-2025,62.1,2000,2460,2730
Andhra Pradesh,Annamayya,Kalikiri APMC,Vegetables,Tomato,02-07-2025,64.4,2660,3100,3530
Andhra Pradesh,Annamayya,Kalikiri APMC,Vegetables,Tomato,03-07-2025,65.6,2400,2800,3100
Andhra Pradesh,Annamayya,Kalikiri APMC,Vegetables,Tomato,05-07-2025,14.6,2000,2400,2660
Andhra Pradesh,Annamayya,Kalikiri APMC,Vegetables,Tomato,06-07-2025,85.2,2000,2400,2800
Andhra Pradesh,Annamayya,Kalikiri APMC,Vegetables,Tomato,07-07-2025,55.5,2330,2600,3000
Andhra Pradesh,Annamayya,Kalikiri APMC,Vegetables,Tomato,08-07-2025,56.7,2000,2330,2660
Andhra Pradesh,Annamayya,Kalikiri APMC,Vegetables,Tomato,09-07-2025,56.1,2200,2660,2900
Andhra Pradesh,Annamayya,Kalikiri APMC,Vegetables,Tomato,10-07-2025,61.5,1660,2000,2330
Andhra Pradesh,Annamayya,Kalikiri APMC,Vegetables,Tomato,11-07-2025,66.2,1800,2100,2400
Andhra Pradesh,Annamayya,Kalikiri APMC,Vegetables,Tomato,12-07-2025,17.3,1600,1900,2200
Andhra Pradesh,Annamayya,Kalikiri APMC,Vegetables,Tomato,15-07-2025,42.6,1660,2000,2460
Andhra Pradesh,Annamayya,Kalikiri APMC,Vegetables,Tomato,16-07-2025,68,1660,2100,2430
Andhra Pradesh,Annamayya,Kalikiri APMC,Vegetables,Tomato,17-07-2025,49.1,1860,2200,2630
Andhra Pradesh,Annamayya,Kalikiri APMC,Vegetables,Tomato,18-07-2025,67.1,2000,2460,2800
Andhra Pradesh,Annamayya,Kalikiri APMC,Vegetables,Tomato,19-07-2025,12.8,1860,2100,2430
Andhra Pradesh,Annamayya,Kalikiri APMC,Vegetables,Tomato,20-07-2025,47.4,2000,2430,2700
Andhra Pradesh,Annamayya,Kalikiri APMC,Vegetables,Tomato,21-07-2025,50.7,2800,3200,3660
Andhra Pradesh,Annamayya,Kalikiri APMC,Vegetables,Tomato,22-07-2025,50.7,3500,4000,4430
Andhra Pradesh,Annamayya,Kalikiri APMC,Vegetables,Tomato,23-07-2025,53.5,3500,3800,4200
Andhra Pradesh,Annamayya,Kalikiri APMC,Vegetables,Tomato,24-07-2025,52,3200,3600,3900
Andhra Pradesh,Annamayya,Kalikiri APMC,Vegetables,Tomato,25-07-2025,57.1,3400,3700,4100
Andhra Pradesh,Annamayya,Kalikiri APMC,Vegetables,Tomato,26-07-2025,15,2700,3100,3500
Andhra Pradesh,Annamayya,Kalikiri APMC,Vegetables,Tomato,27-07-2025,47.6,3400,3800,4150
Andhra Pradesh,Annamayya,Kalikiri APMC,Vegetables,Tomato,28-07-2025,52.8,3400,3800,4130
Andhra Pradesh,Annamayya,Kalikiri APMC,Vegetables,Tomato,29-07-2025,45.5,3500,4000,4500
Andhra Pradesh,Annamayya,Kalikiri APMC,Vegetables,Tomato,30-07-2025,51.8,4000,4500,4900
Andhra Pradesh,Annamayya,Kalikiri APMC,Vegetables,Tomato,31-07-2025,59,3500,3900,4350
Andhra Pradesh,Annamayya,Kalikiri APMC,Vegetables,Tomato,01-08-2025,51.6,3100,3530,3900
Andhra Pradesh,Annamayya,Kalikiri APMC,Vegetables,Tomato,02-08-2025,10,3100,3560,3900
Andhra Pradesh,Annamayya,Kalikiri APMC,Vegetables,Tomato,03-08-2025,51,3330,3800,4150
Andhra Pradesh,Annamayya,Kalikiri APMC,Vegetables,Tomato,04-08-2025,51.6,3400,3860,4200
Andhra Pradesh,Annamayya,Kalikiri APMC,Vegetables,Tomato,05-08-2025,51.9,3600,4130,4550
Andhra Pradesh,Annamayya,Kalikiri APMC,Vegetables,Tomato,06-08-2025,35.4,4200,4660,5000
Andhra Pradesh,Annamayya,Kalikiri APMC,Vegetables,Tomato,07-08-2025,33.2,3660,4100,4500
Andhra Pradesh,Annamayya,Kalikiri APMC,Vegetables,Tomato,08-08-2025,33.2,3600,4000,4400
Andhra Pradesh,Annamayya,Kalikiri APMC,Vegetables,Tomato,09-08-2025,6,3360,3800,4200
Andhra Pradesh,Annamayya,Kalikiri APMC,Vegetables,Tomato,10-08-2025,36.2,3700,4300,4700
Andhra Pradesh,Annamayya,Kalikiri APMC,Vegetables,Tomato,11-08-2025,33,4000,4500,4900
Andhra Pradesh,Annamayya,Kalikiri APMC,Vegetables,Tomato,12-08-2025,32.3,3600,4000,4350
Andhra Pradesh,Annamayya,Kalikiri APMC,Vegetables,Tomato,13-08-2025,31.5,3360,3800,4200
Andhra Pradesh,Annamayya,Kalikiri APMC,Vegetables,Tomato,14-08-2025,31.5,3360,3800,4200
Andhra Pradesh,Annamayya,Kalikiri APMC,Vegetables,Tomato,15-08-2025,36.3,3400,3800,4100
Andhra Pradesh,Annamayya,Kalikiri APMC,Vegetables,Tomato,16-08-2025,11,3400,3860,4200
Andhra Pradesh,Annamayya,Kalikiri APMC,Vegetables,Tomato,17-08-2025,35.9,3660,4000,4400
Andhra Pradesh,Annamayya,Kalikiri APMC,Vegetables,Tomato,18-08-2025,30.8,3200,3660,4000
Andhra Pradesh,Annamayya,Kalikiri APMC,Vegetables,Tomato,19-08-2025,31.1,3500,3930,4300
Andhra Pradesh,Annamayya,Kalikiri APMC,Vegetables,Tomato,20-08-2025,27.5,3660,4100,4400
Andhra Pradesh,Annamayya,Kalikiri APMC,Vegetables,Tomato,21-08-2025,32,4000,4400,4800
Andhra Pradesh,Annamayya,Kalikiri APMC,Vegetables,Tomato,22-08-2025,34.2,3500,3900,4200
Andhra Pradesh,Annamayya,Kalikiri APMC,Vegetables,Tomato,23-08-2025,10.1,3500,3900,4150
Andhra Pradesh,Annamayya,Kalikiri APMC,Vegetables,Tomato,24-08-2025,24.6,3400,3800,4200
Andhra Pradesh,Annamayya,Kalikiri APMC,Vegetables,Tomato,25-08-2025,27.2,3400,3800,4100
Andhra Pradesh,Annamayya,Kalikiri APMC,Vegetables,Tomato,26-08-2025,23.9,3000,3300,3600
Andhra Pradesh,Annamayya,Kalikiri APMC,Vegetables,Tomato,27-08-2025,21.5,3000,3400,3700
Andhra Pradesh,Annamayya,Kalikiri APMC,Vegetables,Tomato,28-08-2025,17.1,2800,3200,3500
Andhra Pradesh,Annamayya,Kalikiri APMC,Vegetables,Tomato,29-08-2025,31,2000,2300,2600
Andhra Pradesh,Annamayya,Kalikiri APMC,Vegetables,Tomato,30-08-2025,5,2000,2200,2450
Andhra Pradesh,Annamayya,Kalikiri APMC,Vegetables,Tomato,31-08-2025,26,1800,2000,2300
Andhra Pradesh,Annamayya,Kalikiri APMC,Vegetables,Tomato,01-09-2025,24.8,1600,1900,2250
Andhra Pradesh,Annamayya,Kalikiri APMC,Vegetables,Tomato,02-09-2025,24.8,2000,2460,2800
Andhra Pradesh,Annamayya,Kalikiri APMC,Vegetables,Tomato,03-09-2025,21.5,2000,2200,2450
Andhra Pradesh,Annamayya,Kalikiri APMC,Vegetables,Tomato,04-09-2025,26.1,1400,1730,2000
Andhra Pradesh,Annamayya,Kalikiri APMC,Vegetables,Tomato,05-09-2025,28.2,1200,1400,1650
Andhra Pradesh,Annamayya,Kalikiri APMC,Vegetables,Tomato,06-09-2025,10.5,1200,1550,1800
Andhra Pradesh,Annamayya,Kalikiri APMC,Vegetables,Tomato,07-09-2025,27,1200,1400,1600
Andhra Pradesh,Annamayya,Kalikiri APMC,Vegetables,Tomato,08-09-2025,30,1200,1550,1800
Andhra Pradesh,Annamayya,Kalikiri APMC,Vegetables,Tomato,09-09-2025,25.5,1200,1500,1750
Andhra Pradesh,Annamayya,Kalikiri APMC,Vegetables,Tomato,10-09-2025,25,1200,1400,1650
Andhra Pradesh,Annamayya,Kalikiri APMC,Vegetables,Tomato,11-09-2025,22.8,1000,1300,1600
Andhra Pradesh,Annamayya,Kalikiri APMC,Vegetables,Tomato,12-09-2025,25.4,1200,1500,1750
Andhra Pradesh,Annamayya,Kalikiri APMC,Vegetables,Tomato,13-09-2025,8.6,1200,1500,1700
Andhra Pradesh,Annamayya,Kalikiri APMC,Vegetables,Tomato,14-09-2025,26,1200,1400,1600
Andhra Pradesh,Annamayya,Kalikiri APMC,Vegetables,Tomato,15-09-2025,22.5,1050,1200,1400
Andhra Pradesh,Annamayya,Kalikiri APMC,Vegetables,Tomato,16-09-2025,26.7,1100,1330,1500
Andhra Pradesh,Annamayya,Kalikiri APMC,Vegetables,Tomato,18-09-2025,25.1,1200,1500,1750
Andhra Pradesh,Annamayya,Kalikiri APMC,Vegetables,Tomato,19-09-2025,28.8,1700,2000,2300
Andhra Pradesh,Annamayya,Kalikiri APMC,Vegetables,Tomato,20-09-2025,7.5,1400,1730,2000
Andhra Pradesh,Annamayya,Kalikiri APMC,Vegetables,Tomato,21-09-2025,29.2,1800,2100,2400
Andhra Pradesh,Annamayya,Kalikiri APMC,Vegetables,Tomato,22-09-2025,28.1,2000,2330,2600
Andhra Pradesh,Annamayya,Kalikiri APMC,Vegetables,Tomato,23-09-2025,24,2400,2700,3000
Andhra Pradesh,Annamayya,Kalikiri APMC,Vegetables,Tomato,24-09-2025,28.8,1800,2130,2400
Andhra Pradesh,Annamayya,Kalikiri APMC,Vegetables,Tomato,25-09-2025,27.5,1500,1800,2100
Andhra Pradesh,Annamayya,Kalikiri APMC,Vegetables,Tomato,26-09-2025,29.9,1200,1500,1800
Andhra Pradesh,Annamayya,Kalikiri APMC,Vegetables,Tomato,27-09-2025,7.2,1200,1500,1750
Andhra Pradesh,Annamayya,Kalikiri APMC,Vegetables,Tomato,28-09-2025,30.3,1100,1300,1500
Andhra Pradesh,Annamayya,Kalikiri APMC,Vegetables,Tomato,29-09-2025,24.2,1000,1300,1500
Andhra Pradesh,Annamayya,Kalikiri APMC,Vegetables,Tomato,30-09-2025,25.4,1100,1300,1550
Andhra Pradesh,Annamayya,Kalikiri APMC,Vegetables,Tomato,01-10-2025,25,1000,1200,1400
Andhra Pradesh,Annamayya,Kalikiri APMC,Vegetables,Tomato,02-10-2025,27.3,1100,1300,1500
Andhra Pradesh,Annamayya,Kalikiri APMC,Vegetables,Tomato,03-10-2025,27.9,1300,1600,1850
Andhra Pradesh,Annamayya,Kalikiri APMC,Vegetables,Tomato,04-10-2025,10.05,1200,1500,1850
Andhra Pradesh,Annamayya,Kalikiri APMC,Vegetables,Tomato,05-10-2025,22,1500,1800,2100
Andhra Pradesh,Annamayya,Kalikiri APMC,Vegetables,Tomato,06-10-2025,24.5,1300,1600,1900
Andhra Pradesh,Annamayya,Kalikiri APMC,Vegetables,Tomato,07-10-2025,29.7,1200,1500,1750
Andhra Pradesh,Annamayya,Kalikiri APMC,Vegetables,Tomato,08-10-2025,34.5,1500,1800,2100
Andhra Pradesh,Annamayya,Kalikiri APMC,Vegetables,Tomato,09-10-2025,25.5,1200,1500,1800
Andhra Pradesh,Annamayya,Kalikiri APMC,Vegetables,Tomato,14-10-2025,26.9,1200,1500,1750
Andhra Pradesh,Annamayya,Kalikiri APMC,Vegetables,Tomato,15-10-2025,24.9,1200,1500,1800
Andhra Pradesh,Annamayya,Kalikiri APMC,Vegetables,Tomato,16-10-2025,23.1,1200,1500,1750
Andhra Pradesh,Annamayya,Kalikiri APMC,Vegetables,Tomato,17-10-2025,24.9,1200,1500,1800
Andhra Pradesh,Annamayya,Kalikiri APMC,Vegetables,Tomato,18-10-2025,10,1300,1600,1900
Andhra Pradesh,Annamayya,Kalikiri APMC,Vegetables,Tomato,19-10-2025,24.5,1200,1500,1750
Andhra Pradesh,Annamayya,Kalikiri APMC,Vegetables,Tomato,20-10-2025,17.4,1200,1500,1700
Andhra Pradesh,Annamayya,Kalikiri APMC,Vegetables,Tomato,21-10-2025,17.7,1400,1700,2000
Andhra Pradesh,Annamayya,Kalikiri APMC,Vegetables,Tomato,22-10-2025,11.3,2200,2600,3000
Andhra Pradesh,Annamayya,Kalikiri APMC,Vegetables,Tomato,23-10-2025,17.4,2400,2700,3100
Andhra Pradesh,Annamayya,Kalikiri APMC,Vegetables,Tomato,24-10-2025,28.5,1900,2200,2450
Andhra Pradesh,Annamayya,Kalikiri APMC,Vegetables,Tomato,25-10-2025,10.5,1600,1900,2100
Andhra Pradesh,Annamayya,Kalikiri APMC,Vegetables,Tomato,26-10-2025,24.5,1800,2000,2400
Andhra Pradesh,Annamayya,Kalikiri APMC,Vegetables,Tomato,27-10-2025,14.9,2500,3000,3600
Andhra Pradesh,Annamayya,Kalikiri APMC,Vegetables,Tomato,28-10-2025,23.4,2000,2400,2800
Andhra Pradesh,Annamayya,Kalikiri APMC,Vegetables,Tomato,29-10-2025,18.2,2000,2400,2750
Andhra Pradesh,Annamayya,Kalikiri APMC,Vegetables,Tomato,30-10-2025,20.6,1500,1800,2100
Andhra Pradesh,Annamayya,Kalikiri APMC,Vegetables,Tomato,31-10-2025,27.5,1400,1700,2000
Andhra Pradesh,Annamayya,Kalikiri APMC,Vegetables,Tomato,01-11-2025,7.5,1500,1700,1950
Andhra Pradesh,Annamayya,Kalikiri APMC,Vegetables,Tomato,02-11-2025,26.5,1500,1800,2100
Andhra Pradesh,Annamayya,Kalikiri APMC,Vegetables,Tomato,03-11-2025,21.8,1700,2000,2300
Andhra Pradesh,Annamayya,Kalikiri APMC,Vegetables,Tomato,04-11-2025,21.9,1700,2000,2350
Andhra Pradesh,Annamayya,Kalikiri APMC,Vegetables,Tomato,05-11-2025,29,1300,1600,1900
Andhra Pradesh,Annamayya,Kalikiri APMC,Vegetables,Tomato,06-11-2025,23.3,1400,1700,2000
Andhra Pradesh,Annamayya,Kalikiri APMC,Vegetables,Tomato,07-11-2025,23.7,1700,2000,2300
Andhra Pradesh,Annamayya,Kalikiri APMC,Vegetables,Tomato,08-11-2025,10.7,1400,1700,2000
Andhra Pradesh,Annamayya,Kalikiri APMC,Vegetables,Tomato,09-11-2025,28.4,1600,1900,2200
Andhra Pradesh,Annamayya,Kalikiri APMC,Vegetables,Tomato,10-11-2025,20.3,1600,1900,2250
Andhra Pradesh,Annamayya,Kalikiri APMC,Vegetables,Tomato,11-11-2025,23.7,1800,2200,2550
Andhra Pradesh,Annamayya,Kalikiri APMC,Vegetables,Tomato,12-11-2025,19.2,2300,2700,3100
Andhra Pradesh,Annamayya,Kalikiri APMC,Vegetables,Tomato,13-11-2025,20.4,2200,2600,3000
Andhra Pradesh,Annamayya,Kalikiri APMC,Vegetables,Tomato,14-11-2025,21.6,2900,3300,3700
Andhra Pradesh,Annamayya,Kalikiri APMC,Vegetables,Tomato,15-11-2025,6,2400,2800,3200
Andhra Pradesh,Annamayya,Kalikiri APMC,Vegetables,Tomato,16-11-2025,19.5,3100,3500,3900
Andhra Pradesh,Annamayya,Kalikiri APMC,Vegetables,Tomato,17-11-2025,29,2700,3100,3500
Andhra Pradesh,Annamayya,Kalikiri APMC,Vegetables,Tomato,18-11-2025,20.3,2900,3300,3700
Andhra Pradesh,Annamayya,Kalikiri APMC,Vegetables,Tomato,19-11-2025,10.5,3600,4000,4400
Andhra Pradesh,Annamayya,Kalikiri APMC,Vegetables,Tomato,20-11-2025,110,3800,4200,4600
Andhra Pradesh,Annamayya,Kalikiri APMC,Vegetables,Tomato,21-11-2025,20.3,4500,4900,5300
Andhra Pradesh,Annamayya,Kalikiri APMC,Vegetables,Tomato,22-11-2025,10.5,4500,4900,5100
Andhra Pradesh,Annamayya,Kalikiri APMC,Vegetables,Tomato,23-11-2025,18,4500,5100,5500
Andhra Pradesh,Annamayya,Kalikiri APMC,Vegetables,Tomato,24-11-2025,19.5,5400,5800,6200
Andhra Pradesh,Annamayya,Kalikiri APMC,Vegetables,Tomato,25-11-2025,16.4,4900,5300,5700
Andhra Pradesh,Annamayya,Kalikiri APMC,Vegetables,Tomato,26-11-2025,15.6,4800,5200,5600
Andhra Pradesh,Annamayya,Kalikiri APMC,Vegetables,Tomato,27-11-2025,23,4700,5100,5500
Andhra Pradesh,Annamayya,Kalikiri APMC,Vegetables,Tomato,28-11-2025,21.8,3200,3600,4000
Andhra Pradesh,Annamayya,Kalikiri APMC,Vegetables,Tomato,29-11-2025,7.1,2500,2800,3100
Andhra Pradesh,Annamayya,Kalikiri APMC,Vegetables,Tomato,30-11-2025,19.5,2400,2800,3200
Andhra Pradesh,Annamayya,Kalikiri APMC,Vegetables,Tomato,01-12-2025,25.1,3500,3900,4300
Andhra Pradesh,Annamayya,Kalikiri APMC,Vegetables,Tomato,02-12-2025,13.5,4100,4500,4900
Andhra Pradesh,Annamayya,Kalikiri APMC,Vegetables,Tomato,03-12-2025,14.4,3200,3600,4000
Andhra Pradesh,Annamayya,Kalikiri APMC,Vegetables,Tomato,04-12-2025,15,3100,3400,3700
Andhra Pradesh,Annamayya,Kalikiri APMC,Vegetables,Tomato,05-12-2025,19.3,2800,3100,3400
Andhra Pradesh,Annamayya,Kalikiri APMC,Vegetables,Tomato,06-12-2025,10.6,3100,3400,3700
Andhra Pradesh,Annamayya,Kalikiri APMC,Vegetables,Tomato,07-12-2025,15,3200,3500,3800
Andhra Pradesh,Annamayya,Kalikiri APMC,Vegetables,Tomato,08-12-2025,15,3100,3400,3700
Andhra Pradesh,Annamayya,Kalikiri APMC,Vegetables,Tomato,09-12-2025,14.9,2900,3200,3500
Andhra Pradesh,Annamayya,Kalikiri APMC,Vegetables,Tomato,10-12-2025,13.8,2000,2300,2600
Andhra Pradesh,Annamayya,Kalikiri APMC,Vegetables,Tomato,11-12-2025,16.8,2000,2400,2700
Andhra Pradesh,Annamayya,Kalikiri APMC,Vegetables,Tomato,12-12-2025,15.5,2700,3100,3500
Andhra Pradesh,Annamayya,Kalikiri APMC,Vegetables,Tomato,13-12-2025,6,2800,3200,3600
Andhra Pradesh,Annamayya,Kalikiri APMC,Vegetables,Tomato,14-12-2025,18,3200,3600,4000
Andhra Pradesh,Annamayya,Kalikiri APMC,Vegetables,Tomato,15-12-2025,18.7,3000,3400,3700
Andhra Pradesh,Annamayya,Kalikiri APMC,Vegetables,Tomato,16-12-2025,17.1,3700,4100,4500
Andhra Pradesh,Annamayya,Kalikiri APMC,Vegetables,Tomato,17-12-2025,17.9,4000,4500,4900
Andhra Pradesh,Annamayya,Kalikiri APMC,Vegetables,Tomato,18-12-2025,16.5,3600,4000,4500
Andhra Pradesh,Annamayya,Kalikiri APMC,Vegetables,Tomato,19-12-2025,19,3600,4000,4400
Andhra Pradesh,Annamayya,Kalikiri APMC,Vegetables,Tomato,20-12-2025,6,3800,4200,4600
Andhra Pradesh,Annamayya,Kalikiri APMC,Vegetables,Tomato,21-12-2025,15,4000,4500,5000
Andhra Pradesh,Annamayya,Kalikiri APMC,Vegetables,Tomato,22-12-2025,15.3,3600,4000,4500
Andhra Pradesh,Annamayya,Kalikiri APMC,Vegetables,Tomato,23-12-2025,15.8,4400,4800,5200
Andhra Pradesh,Annamayya,Kalikiri APMC,Vegetables,Tomato,24-12-2025,14.3,4400,4800,5200
Andhra Pradesh,Annamayya,Kalikiri APMC,Vegetables,Tomato,25-12-2025,10.4,4300,4800,5100
Andhra Pradesh,Annamayya,Kalikiri APMC,Vegetables,Tomato,26-12-2025,13.5,4600,5000,5400
Andhra Pradesh,Annamayya,Kalikiri APMC,Vegetables,Tomato,28-12-2025,15.3,4600,5000,5400
Andhra Pradesh,Annamayya,Kalikiri APMC,Vegetables,Tomato,29-12-2025,11.9,4600,5000,5400
Andhra Pradesh,Annamayya,Kalikiri APMC,Vegetables,Tomato,30-12-2025,12,4200,4600,5000
Andhra Pradesh,Annamayya,Kalikiri APMC,Vegetables,Tomato,31-12-2025,10.8,4100,4500,4900
Andhra Pradesh,Annamayya,Kalikiri APMC,Vegetables,Tomato,01-01-2026,12,4000,4400,4800
Andhra Pradesh,Annamayya,Kalikiri APMC,Vegetables,Tomato,02-01-2026,11.2,4000,4400,4800
Andhra Pradesh,Annamayya,Kalikiri APMC,Vegetables,Tomato,04-01-2026,13.5,3700,4000,4300
Andhra Pradesh,Annamayya,Kalikiri APMC,Vegetables,Tomato,05-01-2026,12,3600,4000,4400
Andhra Pradesh,Annamayya,Kalikiri APMC,Vegetables,Tomato,06-01-2026,8.7,2800,3200,3500
Andhra Pradesh,Annamayya,Kalikiri APMC,Vegetables,Tomato,07-01-2026,9.6,2700,3000,3300
Andhra Pradesh,Annamayya,Kalikiri APMC,Vegetables,Tomato,08-01-2026,10.2,2200,2500,2800
Andhra Pradesh,Annamayya,Kalikiri APMC,Vegetables,Tomato,09-01-2026,9,1700,2100,2500
Andhra Pradesh,Annamayya,Kalikiri APMC,Vegetables,Tomato,11-01-2026,9,2000,2400,2800
Andhra Pradesh,Annamayya,Kalikiri APMC,Vegetables,Tomato,12-01-2026,11.4,2000,2300,2600
Andhra Pradesh,Annamayya,Kalikiri APMC,Vegetables,Tomato,13-01-2026,10.5,1700,2000,2300
Andhra Pradesh,Annamayya,Kalikiri APMC,Vegetables,Tomato,14-01-2026,10,1500,1800,2100
Andhra Pradesh,Annamayya,Kalikiri APMC,Vegetables,Tomato,18-01-2026,10.5,1300,1700,2000
Andhra Pradesh,Annamayya,Kalikiri APMC,Vegetables,Tomato,19-01-2026,12,1300,1700,2000
Andhra Pradesh,Annamayya,Kalikiri APMC,Vegetables,Tomato,20-01-2026,11.4,1300,1600,1900
Andhra Pradesh,Annamayya,Kalikiri APMC,Vegetables,Tomato,21-01-2026,10.5,1500,1800,2000
Andhra Pradesh,Annamayya,Kalikiri APMC,Vegetables,Tomato,22-01-2026,9,1500,1800,2100
Andhra Pradesh,Annamayya,Kalikiri APMC,Vegetables,Tomato,23-01-2026,9.8,1600,1900,2200
Andhra Pradesh,Annamayya,Kalikiri APMC,Vegetables,Tomato,25-01-2026,12.2,1600,1900,2200
Andhra Pradesh,Annamayya,Kalikiri APMC,Vegetables,Tomato,26-01-2026,11.7,1500,1800,2100
Andhra Pradesh,Annamayya,Kalikiri APMC,Vegetables,Tomato,27-01-2026,10.5,1200,1500,1800
Andhra Pradesh,Annamayya,Kalikiri APMC,Vegetables,Tomato,28-01-2026,12.8,1200,1400,1600
Andhra Pradesh,Annamayya,Kalikiri APMC,Vegetables,Tomato,29-01-2026,9,1000,1200,1500
Andhra Pradesh,Annamayya,Kalikiri APMC,Vegetables,Tomato,30-01-2026,12.3,1000,1200,1400
Andhra Pradesh,Annamayya,Kalikiri APMC,Vegetables,Tomato,01-02-2026,13.2,900,1100,1300
Andhra Pradesh,Annamayya,Kalikiri APMC,Vegetables,Tomato,02-02-2026,11.4,1000,1200,1450
Andhra Pradesh,Annamayya,Kalikiri APMC,Vegetables,Tomato,03-02-2026,14.3,1000,1300,1600
Andhra Pradesh,Annamayya,Kalikiri APMC,Vegetables,Tomato,04-02-2026,12,900,1100,1350
Andhra Pradesh,Annamayya,Kalikiri APMC,Vegetables,Tomato,05-02-2026,11.3,900,1100,1300
Andhra Pradesh,Annamayya,Kalikiri APMC,Vegetables,Tomato,08-02-2026,7.5,900,1100,1250
Andhra Pradesh,Annamayya,Kalikiri APMC,Vegetables,Tomato,09-02-2026,10.7,1000,1300,1600
Andhra Pradesh,Annamayya,Kalikiri APMC,Vegetables,Tomato,10-02-2026,10.5,1000,1300,1550
Andhra Pradesh,Annamayya,Kalikiri APMC,Vegetables,Tomato,11-02-2026,9,1000,1300,1600
Andhra Pradesh,Annamayya,Kalikiri APMC,Vegetables,Tomato,12-02-2026,8.3,1000,1200,1450
Andhra Pradesh,Annamayya,Kalikiri APMC,Vegetables,Tomato,13-02-2026,13.4,900,1100,1300
Andhra Pradesh,Annamayya,Kalikiri APMC,Vegetables,Tomato,15-02-2026,10.8,900,1100,1350
Andhra Pradesh,Annamayya,Kalikiri APMC,Vegetables,Tomato,16-02-2026,10.5,1200,1500,1750
Andhra Pradesh,Annamayya,Kalikiri APMC,Vegetables,Tomato,17-02-2026,10.2,1000,1300,1600
Andhra Pradesh,Annamayya,Kalikiri APMC,Vegetables,Tomato,18-02-2026,12,900,1100,1350
Andhra Pradesh,Annamayya,Kalikiri APMC,Vegetables,Tomato,19-02-2026,12.3,900,1100,1300
Andhra Pradesh,Annamayya,Kalikiri APMC,Vegetables,Tomato,20-02-2026,10.2,1000,1200,1450
Andhra Pradesh,Annamayya,Kalikiri APMC,Vegetables,Tomato,23-02-2026,12,900,1100,1250
Andhra Pradesh,Annamayya,Kalikiri APMC,Vegetables,Tomato,24-02-2026,10.8,900,1050,1200
Andhra Pradesh,Annamayya,Kalikiri APMC,Vegetables,Tomato,25-02-2026,11.8,800,1000,1150
Andhra Pradesh,Annamayya,Kalikiri APMC,Vegetables,Tomato,26-02-2026,12,900,1000,1150
Andhra Pradesh,Annamayya,Kalikiri APMC,Vegetables,Tomato,27-02-2026,13.5,800,1000,1150
Andhra Pradesh,Annamayya,Kalikiri APMC,Vegetables,Tomato,01-03-2026,14.6,800,950,1100
Andhra Pradesh,Annamayya,Kalikiri APMC,Vegetables,Tomato,02-03-2026,11.3,800,950,1100
Andhra Pradesh,Annamayya,Kalikiri APMC,Vegetables,Tomato,03-03-2026,13.8,750,900,1050
Andhra Pradesh,Annamayya,Kalikiri APMC,Vegetables,Tomato,04-03-2026,13.5,750,900,1050
Andhra Pradesh,Annamayya,Kalikiri APMC,Vegetables,Tomato,05-03-2026,14,750,900,1000
Andhra Pradesh,Annamayya,Kalikiri APMC,Vegetables,Tomato,06-03-2026,14.3,750,900,1050
Andhra Pradesh,Annamayya,Kalikiri APMC,Vegetables,Tomato,08-03-2026,13.5,750,900,1100
Andhra Pradesh,Annamayya,Kalikiri APMC,Vegetables,Tomato,09-03-2026,12.6,750,1000,1200
Andhra Pradesh,Annamayya,Kalikiri APMC,Vegetables,Tomato,10-03-2026,12,750,1000,1150
Andhra Pradesh,Annamayya,Kalikiri APMC,Vegetables,Tomato,11-03-2026,13.5,750,900,1100
Andhra Pradesh,Annamayya,Kalikiri APMC,Vegetables,Tomato,12-03-2026,14.3,800,1000,1200
Andhra Pradesh,Annamayya,Kalikiri APMC,Vegetables,Tomato,13-03-2026,15,750,900,1050
Andhra Pradesh,Annamayya,Kalikiri APMC,Vegetables,Tomato,15-03-2026,15.2,750,900,1100
Andhra Pradesh,Annamayya,Kalikiri APMC,Vegetables,Tomato,16-03-2026,15,800,1000,1200
Andhra Pradesh,Annamayya,Kalikiri APMC,Vegetables,Tomato,17-03-2026,17.9,800,1000,1200
Andhra Pradesh,Annamayya,Kalikiri APMC,Vegetables,Tomato,18-03-2026,16.5,800,1000,1250
Andhra Pradesh,Annamayya,Kalikiri APMC,Vegetables,Tomato,19-03-2026,8.3,800,1100,1350
Andhra Pradesh,Annamayya,Kalikiri APMC,Vegetables,Tomato,20-03-2026,15,800,1000,1250
Andhra Pradesh,Annamayya,Kalikiri APMC,Vegetables,Tomato,22-03-2026,18,750,900,1100
Andhra Pradesh,Annamayya,Kalikiri APMC,Vegetables,Tomato,23-03-2026,18.8,800,1000,1150
Andhra Pradesh,Annamayya,Kalikiri APMC,Vegetables,Tomato,24-03-2026,18,750,900,1050
Andhra Pradesh,Annamayya,Kalikiri APMC,Vegetables,Tomato,25-03-2026,20,750,900,1050
Andhra Pradesh,Annamayya,Kalikiri APMC,Vegetables,Tomato,26-03-2026,17.3,750,850,1000
Andhra Pradesh,Annamayya,Kalikiri APMC,Vegetables,Tomato,27-03-2026,20.5,750,900,1050
Andhra Pradesh,Annamayya,Kalikiri APMC,Vegetables,Tomato,28-03-2026,8.3,750,900,1050
Andhra Pradesh,Annamayya,Kalikiri APMC,Vegetables,Tomato,29-03-2026,23.4,800,1000,1200
Andhra Pradesh,Annamayya,Kalikiri APMC,Vegetables,Tomato,30-03-2026,23.4,800,1000,1200
Andhra Pradesh,Annamayya,Kalikiri APMC,Vegetables,Tomato,31-03-2026,24,800,1000,1200
Andhra Pradesh,Annamayya,Kalikiri APMC,Vegetables,Tomato,01-04-2026,23.3,800,1000,1200
Andhra Pradesh,Annamayya,Kalikiri APMC,Vegetables,Tomato,02-04-2026,24.3,800,1050,1300
Andhra Pradesh,Annamayya,Kalikiri APMC,Vegetables,Tomato,03-04-2026,24,800,1050,1300
Andhra Pradesh,Annamayya,Kalikiri APMC,Vegetables,Tomato,04-04-2026,13.7,800,1000,1200
Andhra Pradesh,Annamayya,Kalikiri APMC,Vegetables,Tomato,05-04-2026,19.8,1000,1300,1650
Andhra Pradesh,Annamayya,Kalikiri APMC,Vegetables,Tomato,06-04-2026,22.5,1000,1300,1600
Andhra Pradesh,Annamayya,Kalikiri APMC,Vegetables,Tomato,07-04-2026,25.5,800,1100,1450
Andhra Pradesh,Annamayya,Kalikiri APMC,Vegetables,Tomato,08-04-2026,23.7,1000,1300,1550
Andhra Pradesh,Annamayya,Kalikiri APMC,Vegetables,Tomato,09-04-2026,24,1000,1300,1500
Andhra Pradesh,Annamayya,Kalikiri APMC,Vegetables,Tomato,10-04-2026,25.4,1000,1300,1550
Andhra Pradesh,Annamayya,Kalikiri APMC,Vegetables,Tomato,11-04-2026,7.5,1000,1300,1650
Andhra Pradesh,Annamayya,Kalikiri APMC,Vegetables,Tomato,12-04-2026,45,1200,1500,1800
Andhra Pradesh,Annamayya,Kalikiri APMC,Vegetables,Tomato,13-04-2026,22.5,1600,2000,2400
Andhra Pradesh,Annamayya,Kalikiri APMC,Vegetables,Tomato,14-04-2026,33.5,2500,2800,3000
Andhra Pradesh,Annamayya,Kalikiri APMC,Vegetables,Tomato,15-04-2026,31.5,1700,2100,2500
Andhra Pradesh,Annamayya,Kalikiri APMC,Vegetables,Tomato,16-04-2026,51,1200,1600,2000
Andhra Pradesh,Annamayya,Kalikiri APMC,Vegetables,Tomato,17-04-2026,27.7,1300,1600,1950
Andhra Pradesh,Annamayya,Kalikiri APMC,Vegetables,Tomato,19-04-2026,42.8,2000,2400,2800
Andhra Pradesh,Annamayya,Kalikiri APMC,Vegetables,Tomato,20-04-2026,51,2000,2400,2700
Andhra Pradesh,Annamayya,Kalikiri APMC,Vegetables,Tomato,21-04-2026,52.5,1800,2200,2600
Andhra Pradesh,Annamayya,Kalikiri APMC,Vegetables,Tomato,22-04-2026,62.3,2000,2400,2800
Andhra Pradesh,Annamayya,Kalikiri APMC,Vegetables,Tomato,23-04-2026,50.3,2400,2800,3200
Andhra Pradesh,Annamayya,Kalikiri APMC,Vegetables,Tomato,24-04-2026,58.4,2500,2900,3300
Andhra Pradesh,Annamayya,Kalikiri APMC,Vegetables,Tomato,25-04-2026,16.5,2400,2800,3250
Andhra Pradesh,Annamayya,Kalikiri APMC,Vegetables,Tomato,27-04-2026,51,2700,3100,3550
Andhra Pradesh,Annamayya,Kalikiri APMC,Vegetables,Tomato,28-04-2026,55.8,2600,3000,3400
Andhra Pradesh,Annamayya,Kalikiri APMC,Vegetables,Tomato,29-04-2026,50.3,2600,3000,3350
Andhra Pradesh,Annamayya,Kalikiri APMC,Vegetables,Tomato,30-04-2026,63.2,2100,2500,2900
Andhra Pradesh,Annamayya,Kalikiri APMC,Vegetables,Tomato,01-05-2026,58.5,1800,2200,2600
Andhra Pradesh,Annamayya,Kalikiri APMC,Vegetables,Tomato,02-05-2026,24.8,2200,2600,3000
Andhra Pradesh,Annamayya,Kalikiri APMC,Vegetables,Tomato,03-05-2026,46.2,2600,3000,3400
Andhra Pradesh,Annamayya,Kalikiri APMC,Vegetables,Tomato,04-05-2026,60.9,2400,2800,3200
Andhra Pradesh,Annamayya,Kalikiri APMC,Vegetables,Tomato,05-05-2026,60,1800,2200,2600
Andhra Pradesh,Annamayya,Kalikiri APMC,Vegetables,Tomato,06-05-2026,54.8,1800,2200,2650
Andhra Pradesh,Annamayya,Kalikiri APMC,Vegetables,Tomato,07-05-2026,54.8,2100,2500,2900
Andhra Pradesh,Annamayya,Kalikiri APMC,Vegetables,Tomato,08-05-2026,55.5,2000,2400,2800
Andhra Pradesh,Annamayya,Kalikiri APMC,Vegetables,Tomato,10-05-2026,62,1600,2000,2400
Andhra Pradesh,Annamayya,Kalikiri APMC,Vegetables,Tomato,11-05-2026,69,1600,2000,2300
Andhra Pradesh,Annamayya,Kalikiri APMC,Vegetables,Tomato,12-05-2026,54.8,1700,2000,2250
Andhra Pradesh,Annamayya,Kalikiri APMC,Vegetables,Tomato,13-05-2026,57,1800,2200,2600
Andhra Pradesh,Annamayya,Kalikiri APMC,Vegetables,Tomato,14-05-2026,63.1,1800,2200,2500
Andhra Pradesh,Annamayya,Kalikiri APMC,Vegetables,Tomato,15-05-2026,84,2200,2600,3000
Andhra Pradesh,Annamayya,Kalikiri APMC,Vegetables,Tomato,16-05-2026,30.8,2400,2800,3200
Andhra Pradesh,Annamayya,Kalikiri APMC,Vegetables,Tomato,17-05-2026,66,2600,3100,3500
Andhra Pradesh,Annamayya,Kalikiri APMC,Vegetables,Tomato,18-05-2026,74,2600,3000,3400
Andhra Pradesh,Annamayya,Kalikiri APMC,Vegetables,Tomato,19-05-2026,75,2600,3000,3450
Andhra Pradesh,Annamayya,Kalikiri APMC,Vegetables,Tomato,20-05-2026,63.2,2600,3000,3400
Andhra Pradesh,Annamayya,Kalikiri APMC,Vegetables,Tomato,21-05-2026,52.5,2400,2800,3200
Andhra Pradesh,Annamayya,Kalikiri APMC,Vegetables,Tomato,22-05-2026,81,2300,2600,2900
Andhra Pradesh,Annamayya,Kalikiri APMC,Vegetables,Tomato,23-05-2026,33,2000,2600,2800
Andhra Pradesh,Annamayya,Kalikiri APMC,Vegetables,Tomato,24-05-2026,80.4,2200,2600,3000
Andhra Pradesh,Annamayya,Kalikiri APMC,Vegetables,Tomato,25-05-2026,78,2300,2700,3100
Andhra Pradesh,Annamayya,Kalikiri APMC,Vegetables,Tomato,26-05-2026,75,2400,2800,3200
Andhra Pradesh,Annamayya,Kalikiri APMC,Vegetables,Tomato,27-05-2026,76.5,2000,2400,2800
Andhra Pradesh,Annamayya,Kalikiri APMC,Vegetables,Tomato,28-05-2026,63.8,1800,2200,2600
Andhra Pradesh,Annamayya,Kalikiri APMC,Vegetables,Tomato,29-05-2026,64.5,2000,2400,2800
Andhra Pradesh,Annamayya,Kalikiri APMC,Vegetables,Tomato,30-05-2026,29.3,2200,2600,3000
Andhra Pradesh,Annamayya,Kalikiri APMC,Vegetables,Tomato,31-05-2026,79.5,2300,2700,3100
Andhra Pradesh,Annamayya,Kalikiri APMC,Vegetables,Tomato,01-06-2026,62.9,2600,3000,3500
Andhra Pradesh,Annamayya,Kalikiri APMC,Vegetables,Tomato,02-06-2026,64.5,2800,3200,3600
Andhra Pradesh,Annamayya,Kalikiri APMC,Vegetables,Tomato,03-06-2026,64.8,2300,2700,3100
Andhra Pradesh,Annamayya,Kalikiri APMC,Vegetables,Tomato,04-06-2026,49.5,2800,3200,3600
Andhra Pradesh,Annamayya,Kalikiri APMC,Vegetables,Tomato,05-06-2026,67.2,2600,3000,3500
Andhra Pradesh,Annamayya,Kalikiri APMC,Vegetables,Tomato,07-06-2026,71.3,3000,3400,3800
Andhra Pradesh,Annamayya,Kalikiri APMC,Vegetables,Tomato,08-06-2026,63.8,3600,4000,4400
Andhra Pradesh,Annamayya,Kalikiri APMC,Vegetables,Tomato,09-06-2026,77.6,3300,3700,4100
Andhra Pradesh,Annamayya,Kalikiri APMC,Vegetables,Tomato,10-06-2026,71.3,3000,3400,3700
Andhra Pradesh,Annamayya,Kalikiri APMC,Vegetables,Tomato,11-06-2026,64.1,2600,3000,3400
Andhra Pradesh,Annamayya,Kalikiri APMC,Vegetables,Tomato,12-06-2026,82.8,2500,3000,3500
Andhra Pradesh,Annamayya,Kalikiri APMC,Vegetables,Tomato,13-06-2026,26.7,2200,2600,3000
Andhra Pradesh,Annamayya,Kalikiri APMC,Vegetables,Tomato,14-06-2026,84.3,2003,2700,3100
Andhra Pradesh,Annamayya,Kalikiri APMC,Vegetables,Tomato,15-06-2026,79.7,2000,2400,2800
Andhra Pradesh,Annamayya,Kalikiri APMC,Vegetables,Tomato,16-06-2026,73.5,1800,2200,2600
Andhra Pradesh,Annamayya,Kalikiri APMC,Vegetables,Tomato,17-06-2026,63,2200,2600,3000
Andhra Pradesh,Annamayya,Kalikiri APMC,Vegetables,Tomato,18-06-2026,810,1600,2000,2300
Andhra Pradesh,Annamayya,Kalikiri APMC,Vegetables,Tomato,19-06-2026,100.7,1600,2000,2300
Andhra Pradesh,Annamayya,Kalikiri APMC,Vegetables,Tomato,20-06-2026,22.5,1600,1800,2100
Andhra Pradesh,Annamayya,Kalikiri APMC,Vegetables,Tomato,21-06-2026,105.9,1400,1700,2000
Andhra Pradesh,Annamayya,Kalikiri APMC,Vegetables,Tomato,22-06-2026,103.5,1300,1600,1950
Andhra Pradesh,Annamayya,Kalikiri APMC,Vegetables,Tomato,23-06-2026,106.3,1600,1900,2200
Andhra Pradesh,Annamayya,Kalikiri APMC,Vegetables,Tomato,24-06-2026,106.5,1300,1600,1950
Andhra Pradesh,Annamayya,Kalikiri APMC,Vegetables,Tomato,25-06-2026,107.1,1300,1600,1900
Andhra Pradesh,Annamayya,Kalikiri APMC,Vegetables,Tomato,26-06-2026,108,1300,1500,1800
Andhra Pradesh,Annamayya,Kalikiri APMC,Vegetables,Tomato,27-06-2026,43.8,1000,1300,1600
Andhra Pradesh,Annamayya,Kalikiri APMC,Vegetables,Tomato,28-06-2026,141,900,1100,1300
Andhra Pradesh,Annamayya,Kalikiri APMC,Vegetables,Tomato,29-06-2026,148.5,900,1200,1400
Andhra Pradesh,Annamayya,Kalikiri APMC,Vegetables,Tomato,30-06-2026,130.5,1400,1700,2100
Andhra Pradesh,Annamayya,Kalikiri APMC,Vegetables,Tomato,01-07-2026,159.8,1600,2100,2500
Andhra Pradesh,Annamayya,Kalikiri APMC,Vegetables,Tomato,02-07-2026,135,1300,1500,1800
Andhra Pradesh,Annamayya,Kalikiri APMC,Vegetables,Tomato,03-07-2026,166.5,1000,1300,1650
Andhra Pradesh,Annamayya,Kalikiri APMC,Vegetables,Tomato,04-07-2026,80.3,900,1100,1300
Andhra Pradesh,Annamayya,Kalikiri APMC,Vegetables,Tomato,05-07-2026,160.5,900,1100,1250
Andhra Pradesh,Annamayya,Kalikiri APMC,Vegetables,Tomato,06-07-2026,133.5,1000,1300,1600
Andhra Pradesh,Annamayya,Kalikiri APMC,Vegetables,Tomato,07-07-2026,161.3,900,1200,1500
Andhra Pradesh,Annamayya,Kalikiri APMC,Vegetables,Tomato,08-07-2026,181,900,1200,1450
Andhra Pradesh,Annamayya,Kalikiri APMC,Vegetables,Tomato,09-07-2026,203.3,900,1200,1500
Andhra Pradesh,Annamayya,Kalikiri APMC,Vegetables,Tomato,10-07-2026,184.5,1000,1300,1600
Andhra Pradesh,Annamayya,Kalikiri APMC,Vegetables,Tomato,11-07-2026,67.5,1000,1250,1500
Andhra Pradesh,Annamayya,Kalikiri APMC,Vegetables,Tomato,12-07-2026,186,1000,1300,1600
Andhra Pradesh,Annamayya,Kalikiri APMC,Vegetables,Tomato,13-07-2026,182.3,900,1200,1500
Andhra Pradesh,Annamayya,Kalikiri APMC,Vegetables,Tomato,14-07-2026,180,1200,1500,1800
Andhra Pradesh,Annamayya,Kalikiri APMC,Vegetables,Tomato,15-07-2026,144.8,1300,1600,1900
Andhra Pradesh,Annamayya,Kalikiri APMC,Vegetables,Tomato,16-07-2026,138,1200,1500,1800
Andhra Pradesh,Annamayya,Kalikiri APMC,Vegetables,Tomato,17-07-2026,154.5,1200,1500,1750
Andhra Pradesh,Annamayya,Kalikiri APMC,Vegetables,Tomato,18-07-2026,45,1200,1500,1800
Andhra Pradesh,Annamayya,Kalikiri APMC,Vegetables,Tomato,19-07-2026,162,1000,1400,1700
Andhra Pradesh,Annamayya,Kalikiri APMC,Vegetables,Tomato,20-07-2026,117,900,1100,1300
Andhra Pradesh,Annamayya,Kalikiri APMC,Vegetables,Tomato,21-07-2026,152.6,1000,1250,1500
Andhra Pradesh,Annamayya,Kalikiri APMC,Vegetables,Tomato,22-07-2026,124.5,900,1100,1250
Andhra Pradesh,Annamayya,Kalikiri APMC,Vegetables,Tomato,23-07-2026,134.3,900,1000,1200
Andhra Pradesh,Annamayya,Kalikiri APMC,Vegetables,Tomato,24-07-2026,120,800,1000,1150
Andhra Pradesh,Annamayya,Kalikiri APMC,Vegetables,Tomato,25-07-2026,24,900,1100,1300
Andhra Pradesh,Annamayya,Kalikiri APMC,Vegetables,Tomato,26-07-2026,126,1000,1250,1500
Andhra Pradesh,Annamayya,Kalikiri APMC,Vegetables,Tomato,27-07-2026,105,1000,1200,1450
Andhra Pradesh,Annamayya,Kalikiri APMC,Vegetables,Tomato,28-07-2026,115.5,1000,1200,1350
Andhra Pradesh,Annamayya,Kalikiri APMC,Vegetables,Tomato,29-07-2026,114,1000,1200,1400
Andhra Pradesh,Annamayya,Kalikiri APMC,Vegetables,Tomato,30-07-2026,112.5,900,1100,1250
Andhra Pradesh,Annamayya,Kalikiri APMC,Vegetables,Tomato,31-07-2026,133.5,900,1100,1300
Andhra Pradesh,Annamayya,Kalikiri APMC,Vegetables,Tomato,01-08-2026,24,900,1050,1200
Andhra Pradesh,Annamayya,Kalikiri APMC,Vegetables,Tomato,02-08-2026,132,900,1050,1200
Andhra Pradesh,Annamayya,Kalikiri APMC,Vegetables,Tomato,03-08-2026,42,1000,1250,1500
Andhra Pradesh,Annamayya,Kalikiri APMC,Vegetables,Tomato,04-08-2026,100.5,1000,1200,1450
Andhra Pradesh,Annamayya,Kalikiri APMC,Vegetables,Tomato,05-08-2026,109.5,900,1200,1400
Andhra Pradesh,Annamayya,Kalikiri APMC,Vegetables,Tomato,06-08-2026,96.8,900,1100,1300
Andhra Pradesh,Annamayya,Kalikiri APMC,Vegetables,Tomato,07-08-2026,85.5,1000,1250,1500
Andhra Pradesh,Annamayya,Kalikiri APMC,Vegetables,Tomato,08-08-2026,15,900,1100,1300
Andhra Pradesh,Annamayya,Kalikiri APMC,Vegetables,Tomato,09-08-2026,106.5,1000,1200,1400
Andhra Pradesh,Annamayya,Kalikiri APMC,Vegetables,Tomato,10-08-2026,90,1000,1200,1450
Andhra Pradesh,Annamayya,Madanapalli APMC,Vegetables,Tomato,17-01-2023,130,2200,2800,3000
Andhra Pradesh,Annamayya,Madanapalli APMC,Vegetables,Tomato,18-01-2023,134,2500,3000,3200
Andhra Pradesh,Annamayya,Madanapalli APMC,Vegetables,Tomato,19-01-2023,140,2500,3000,3200
Andhra Pradesh,Annamayya,Madanapalli APMC,Vegetables,Tomato,20-01-2023,158,1900,2500,2800
Andhra Pradesh,Annamayya,Madanapalli APMC,Vegetables,Tomato,25-04-2023,373,720,780,860
Andhra Pradesh,Annamayya,Madanapalli APMC,Vegetables,Tomato,26-04-2023,401,720,880,1060
Andhra Pradesh,Annamayya,Madanapalli APMC,Vegetables,Tomato,27-04-2023,439,740,860,920
Andhra Pradesh,Annamayya,Madanapalli APMC,Vegetables,Tomato,28-04-2023,427,620,750,820
Andhra Pradesh,Annamayya,Madanapalli APMC,Vegetables,Tomato,29-04-2023,446,620,750,820
Andhra Pradesh,Annamayya,Madanapalli APMC,Vegetables,Tomato,30-04-2023,471,620,760,830
Andhra Pradesh,Annamayya,Madanapalli APMC,Vegetables,Tomato,16-05-2023,873,1100,1360,1600
Andhra Pradesh,Annamayya,Madanapalli APMC,Vegetables,Tomato,26-05-2023,1007,1100,1300,1400
Andhra Pradesh,Annamayya,Madanapalli APMC,Vegetables,Tomato,27-05-2023,919,1100,1300,1400
Andhra Pradesh,Annamayya,Madanapalli APMC,Vegetables,Tomato,28-05-2023,967,1200,1400,1600
Andhra Pradesh,Annamayya,Madanapalli APMC,Vegetables,Tomato,29-05-2023,805,1400,1800,2050
Andhra Pradesh,Annamayya,Madanapalli APMC,Vegetables,Tomato,30-05-2023,899,1900,2450,2790
Andhra Pradesh,Annamayya,Madanapalli APMC,Vegetables,Tomato,31-05-2023,888,1900,2450,2790
Andhra Pradesh,Annamayya,Madanapalli APMC,Vegetables,Tomato,01-06-2023,1044,1450,1930,2230
Andhra Pradesh,Annamayya,Madanapalli APMC,Vegetables,Tomato,02-06-2023,1431,1000,1330,1490
Andhra Pradesh,Annamayya,Madanapalli APMC,Vegetables,Tomato,03-06-2023,1445,1300,1700,1890
Andhra Pradesh,Annamayya,Madanapalli APMC,Vegetables,Tomato,04-06-2023,1498,1900,2350,2550
Andhra Pradesh,Annamayya,Madanapalli APMC,Vegetables,Tomato,05-06-2023,1602,1800,2250,2450
Andhra Pradesh,Annamayya,Madanapalli APMC,Vegetables,Tomato,06-06-2023,1698,1800,2250,2450
Andhra Pradesh,Annamayya,Madanapalli APMC,Vegetables,Tomato,07-06-2023,1690,1600,2000,2200
Andhra Pradesh,Annamayya,Madanapalli APMC,Vegetables,Tomato,08-06-2023,1683,1900,2350,2550
Andhra Pradesh,Annamayya,Madanapalli APMC,Vegetables,Tomato,09-06-2023,1494,2300,2750,3150
Andhra Pradesh,Annamayya,Madanapalli APMC,Vegetables,Tomato,12-06-2023,1248,2500,3000,3250
Andhra Pradesh,Annamayya,Madanapalli APMC,Vegetables,Tomato,13-06-2023,909,2750,3350,3750
Andhra Pradesh,Annamayya,Madanapalli APMC,Vegetables,Tomato,14-06-2023,1120,2750,3350,3750
Andhra Pradesh,Annamayya,Madanapalli APMC,Vegetables,Tomato,15-06-2023,1203,2650,3150,3400
Andhra Pradesh,Annamayya,Madanapalli APMC,Vegetables,Tomato,16-06-2023,1365,2400,2850,3040
Andhra Pradesh,Annamayya,Madanapalli APMC,Vegetables,Tomato,18-06-2023,1238,2750,3350,3750
Andhra Pradesh,Annamayya,Madanapalli APMC,Vegetables,Tomato,19-06-2023,1546,2650,3150,3400
Andhra Pradesh,Annamayya,Madanapalli APMC,Vegetables,Tomato,20-06-2023,1697,2650,3150,3400
Andhra Pradesh,Annamayya,Madanapalli APMC,Vegetables,Tomato,21-06-2023,1453,2750,3350,3750
Andhra Pradesh,Annamayya,Madanapalli APMC,Vegetables,Tomato,22-06-2023,1401,2750,3350,3750
Andhra Pradesh,Annamayya,Madanapalli APMC,Vegetables,Tomato,23-06-2023,1106,2900,3550,3950
Andhra Pradesh,Annamayya,Madanapalli APMC,Vegetables,Tomato,24-06-2023,970,4050,4900,5400
Andhra Pradesh,Annamayya,Madanapalli APMC,Vegetables,Tomato,25-06-2023,933,5450,6800,7400
Andhra Pradesh,Annamayya,Madanapalli APMC,Vegetables,Tomato,26-06-2023,997,4350,5900,6400
Andhra Pradesh,Annamayya,Madanapalli APMC,Vegetables,Tomato,27-06-2023,1278,4100,5500,6150
Andhra Pradesh,Annamayya,Madanapalli APMC,Vegetables,Tomato,28-06-2023,1397,5850,7000,7500
Andhra Pradesh,Annamayya,Madanapalli APMC,Vegetables,Tomato,30-06-2023,750,9600,10500,11450
Andhra Pradesh,Annamayya,Madanapalli APMC,Vegetables,Tomato,01-07-2023,726,9600,10500,11450
Andhra Pradesh,Annamayya,Madanapalli APMC,Vegetables,Tomato,02-07-2023,1302,8100,8950,9350
Andhra Pradesh,Annamayya,Madanapalli APMC,Vegetables,Tomato,03-07-2023,1127,9200,9900,10400
Andhra Pradesh,Annamayya,Madanapalli APMC,Vegetables,Tomato,04-07-2023,615,10800,12100,13000
Andhra Pradesh,Annamayya,Madanapalli APMC,Vegetables,Tomato,05-07-2023,585,9800,10500,11450
Andhra Pradesh,Annamayya,Madanapalli APMC,Vegetables,Tomato,06-07-2023,898,8950,10050,10550
Andhra Pradesh,Annamayya,Madanapalli APMC,Vegetables,Tomato,07-07-2023,996,8700,9400,9750
Andhra Pradesh,Annamayya,Madanapalli APMC,Vegetables,Tomato,08-07-2023,560,8700,9400,9750
Andhra Pradesh,Annamayya,Madanapalli APMC,Vegetables,Tomato,09-07-2023,713,8800,9650,10050
Andhra Pradesh,Annamayya,Madanapalli APMC,Vegetables,Tomato,10-07-2023,700,10300,11150,11750
Andhra Pradesh,Annamayya,Madanapalli APMC,Vegetables,Tomato,11-07-2023,795,10800,12100,13000
Andhra Pradesh,Annamayya,Madanapalli APMC,Vegetables,Tomato,12-07-2023,580,11800,13000,13600
Andhra Pradesh,Annamayya,Madanapalli APMC,Vegetables,Tomato,13-07-2023,517,11700,12900,13300
Andhra Pradesh,Annamayya,Madanapalli APMC,Vegetables,Tomato,14-07-2023,505,10500,11450,12000
Andhra Pradesh,Annamayya,Madanapalli APMC,Vegetables,Tomato,17-07-2023,490,11700,12730,13100
Andhra Pradesh,Annamayya,Madanapalli APMC,Vegetables,Tomato,18-07-2023,511,10900,12400,12700
Andhra Pradesh,Annamayya,Madanapalli APMC,Vegetables,Tomato,19-07-2023,596,10800,11850,12400
Andhra Pradesh,Annamayya,Madanapalli APMC,Vegetables,Tomato,20-07-2023,613,9250,9750,10050
Andhra Pradesh,Annamayya,Madanapalli APMC,Vegetables,Tomato,21-07-2023,543,10100,10900,11300
Andhra Pradesh,Annamayya,Madanapalli APMC,Vegetables,Tomato,22-07-2023,566,10100,10900,11300
Andhra Pradesh,Annamayya,Madanapalli APMC,Vegetables,Tomato,23-07-2023,580,10800,11900,12450
Andhra Pradesh,Annamayya,Madanapalli APMC,Vegetables,Tomato,24-07-2023,505,10350,11400,11950
Andhra Pradesh,Annamayya,Madanapalli APMC,Vegetables,Tomato,25-07-2023,423,11700,12900,13300
Andhra Pradesh,Annamayya,Madanapalli APMC,Vegetables,Tomato,26-07-2023,361,12900,14400,15300
Andhra Pradesh,Annamayya,Madanapalli APMC,Vegetables,Tomato,27-07-2023,386,12600,14000,14850
Andhra Pradesh,Annamayya,Madanapalli APMC,Vegetables,Tomato,28-07-2023,280,12800,14300,15150
Andhra Pradesh,Annamayya,Madanapalli APMC,Vegetables,Tomato,29-07-2023,253,14000,16100,17700
Andhra Pradesh,Annamayya,Madanapalli APMC,Vegetables,Tomato,30-07-2023,298,14000,16000,17600
Andhra Pradesh,Annamayya,Madanapalli APMC,Vegetables,Tomato,31-07-2023,321,13900,15800,17000
Andhra Pradesh,Annamayya,Madanapalli APMC,Vegetables,Tomato,11-08-2023,402,2550,3150,3440
Andhra Pradesh,Annamayya,Madanapalli APMC,Vegetables,Tomato,12-08-2023,282,5000,5600,6000
Andhra Pradesh,Annamayya,Madanapalli APMC,Vegetables,Tomato,18-08-2023,268,2850,3400,3700
Andhra Pradesh,Annamayya,Madanapalli APMC,Vegetables,Tomato,19-08-2023,256,2700,3300,3550
Andhra Pradesh,Annamayya,Madanapalli APMC,Vegetables,Tomato,20-08-2023,283,2700,3300,3550
Andhra Pradesh,Annamayya,Madanapalli APMC,Vegetables,Tomato,30-08-2023,271,1300,1750,1940
Andhra Pradesh,Annamayya,Madanapalli APMC,Vegetables,Tomato,31-08-2023,295,1300,1750,1940
Andhra Pradesh,Annamayya,Madanapalli APMC,Vegetables,Tomato,01-09-2023,204,1300,1750,1940
Andhra Pradesh,Annamayya,Madanapalli APMC,Vegetables,Tomato,02-09-2023,226,1200,1650,1790
Andhra Pradesh,Annamayya,Madanapalli APMC,Vegetables,Tomato,03-09-2023,235,1200,1600,1740
Andhra Pradesh,Annamayya,Madanapalli APMC,Vegetables,Tomato,04-09-2023,261,1200,1600,1740
Andhra Pradesh,Annamayya,Madanapalli APMC,Vegetables,Tomato,05-09-2023,296,1200,1600,1740
Andhra Pradesh,Annamayya,Madanapalli APMC,Vegetables,Tomato,20-09-2023,382,880,1080,1190
Andhra Pradesh,Annamayya,Madanapalli APMC,Vegetables,Tomato,21-09-2023,414,830,1020,1150
Andhra Pradesh,Annamayya,Madanapalli APMC,Vegetables,Tomato,22-09-2023,451,770,950,1070
Andhra Pradesh,Annamayya,Madanapalli APMC,Vegetables,Tomato,26-09-2023,324,770,950,1070
Andhra Pradesh,Annamayya,Madanapalli APMC,Vegetables,Tomato,27-09-2023,366,770,960,1090
Andhra Pradesh,Annamayya,Madanapalli APMC,Vegetables,Tomato,28-09-2023,410,770,960,1090
Andhra Pradesh,Annamayya,Madanapalli APMC,Vegetables,Tomato,29-09-2023,429,770,950,1070
Andhra Pradesh,Annamayya,Madanapalli APMC,Vegetables,Tomato,05-10-2023,366,680,870,960
Andhra Pradesh,Annamayya,Madanapalli APMC,Vegetables,Tomato,06-10-2023,381,680,870,960
Andhra Pradesh,Annamayya,Madanapalli APMC,Vegetables,Tomato,12-10-2023,199,880,1080,1190
Andhra Pradesh,Annamayya,Madanapalli APMC,Vegetables,Tomato,13-10-2023,211,770,950,1070
Andhra Pradesh,Annamayya,Madanapalli APMC,Vegetables,Tomato,14-10-2023,219,770,950,1070
Andhra Pradesh,Annamayya,Madanapalli APMC,Vegetables,Tomato,15-10-2023,207,830,1020,1150
Andhra Pradesh,Annamayya,Madanapalli APMC,Vegetables,Tomato,16-10-2023,249,880,1080,1190
Andhra Pradesh,Annamayya,Madanapalli APMC,Vegetables,Tomato,17-10-2023,268,880,1080,1190
Andhra Pradesh,Annamayya,Madanapalli APMC,Vegetables,Tomato,18-10-2023,276,880,1110,1240
Andhra Pradesh,Annamayya,Madanapalli APMC,Vegetables,Tomato,19-10-2023,298,880,1110,1240
Andhra Pradesh,Annamayya,Madanapalli APMC,Vegetables,Tomato,20-10-2023,320,830,1020,1150
Andhra Pradesh,Annamayya,Madanapalli APMC,Vegetables,Tomato,25-10-2023,319,1450,1930,2230
Andhra Pradesh,Annamayya,Madanapalli APMC,Vegetables,Tomato,26-10-2023,345,1600,2200,2400
Andhra Pradesh,Annamayya,Madanapalli APMC,Vegetables,Tomato,27-10-2023,362,2000,2550,2840
Andhra Pradesh,Annamayya,Madanapalli APMC,Vegetables,Tomato,28-10-2023,334,2000,2550,2840
Andhra Pradesh,Annamayya,Madanapalli APMC,Vegetables,Tomato,29-10-2023,390,2000,2550,2840
Andhra Pradesh,Annamayya,Madanapalli APMC,Vegetables,Tomato,30-10-2023,428,1900,2600,2950
Andhra Pradesh,Annamayya,Madanapalli APMC,Vegetables,Tomato,31-10-2023,461,1900,2600,2950
Andhra Pradesh,Annamayya,Madanapalli APMC,Vegetables,Tomato,01-11-2023,294,2000,2550,2840
Andhra Pradesh,Annamayya,Madanapalli APMC,Vegetables,Tomato,02-11-2023,237,1900,2600,2950
Andhra Pradesh,Annamayya,Madanapalli APMC,Vegetables,Tomato,03-11-2023,251,1900,2600,2960
Andhra Pradesh,Annamayya,Madanapalli APMC,Vegetables,Tomato,04-11-2023,220,2000,2550,2840
Andhra Pradesh,Annamayya,Madanapalli APMC,Vegetables,Tomato,05-11-2023,264,2000,2550,2840
Andhra Pradesh,Annamayya,Madanapalli APMC,Vegetables,Tomato,07-11-2023,197,2150,2800,3140
Andhra Pradesh,Annamayya,Madanapalli APMC,Vegetables,Tomato,08-11-2023,238,2400,2850,3040
Andhra Pradesh,Annamayya,Madanapalli APMC,Vegetables,Tomato,13-11-2023,173,2150,2800,3140
Andhra Pradesh,Annamayya,Madanapalli APMC,Vegetables,Tomato,14-11-2023,310,2000,2550,2840
Andhra Pradesh,Annamayya,Madanapalli APMC,Vegetables,Tomato,15-11-2023,384,1450,1930,2230
Andhra Pradesh,Annamayya,Madanapalli APMC,Vegetables,Tomato,16-11-2023,428,1200,1650,1890
Andhra Pradesh,Annamayya,Madanapalli APMC,Vegetables,Tomato,17-11-2023,382,2000,2550,2840
Andhra Pradesh,Annamayya,Madanapalli APMC,Vegetables,Tomato,18-11-2023,287,2500,3100,3390
Andhra Pradesh,Annamayya,Madanapalli APMC,Vegetables,Tomato,19-11-2023,255,2500,3100,3390
Andhra Pradesh,Annamayya,Madanapalli APMC,Vegetables,Tomato,20-11-2023,341,1700,2350,2600
Andhra Pradesh,Annamayya,Madanapalli APMC,Vegetables,Tomato,21-11-2023,305,2150,2800,3140
Andhra Pradesh,Annamayya,Madanapalli APMC,Vegetables,Tomato,22-11-2023,291,2400,2850,3040
Andhra Pradesh,Annamayya,Madanapalli APMC,Vegetables,Tomato,23-11-2023,201,2750,3350,3750
Andhra Pradesh,Annamayya,Madanapalli APMC,Vegetables,Tomato,24-11-2023,293,2500,3100,3390
Andhra Pradesh,Annamayya,Madanapalli APMC,Vegetables,Tomato,25-11-2023,322,2150,2800,3140
Andhra Pradesh,Annamayya,Madanapalli APMC,Vegetables,Tomato,26-11-2023,397,2000,2550,2840
Andhra Pradesh,Annamayya,Madanapalli APMC,Vegetables,Tomato,27-11-2023,388,2000,2550,2840
Andhra Pradesh,Annamayya,Madanapalli APMC,Vegetables,Tomato,28-11-2023,296,2150,2800,3140
Andhra Pradesh,Annamayya,Madanapalli APMC,Vegetables,Tomato,29-11-2023,383,2000,2550,2840
Andhra Pradesh,Annamayya,Madanapalli APMC,Vegetables,Tomato,30-11-2023,409,1600,2200,2400
Andhra Pradesh,Annamayya,Madanapalli APMC,Vegetables,Tomato,08-12-2023,298,1600,2200,2400
Andhra Pradesh,Annamayya,Madanapalli APMC,Vegetables,Tomato,09-12-2023,206,1400,1850,2090
Andhra Pradesh,Annamayya,Madanapalli APMC,Vegetables,Tomato,10-12-2023,221,1450,1930,2230
Andhra Pradesh,Annamayya,Madanapalli APMC,Vegetables,Tomato,11-12-2023,264,1200,1600,1740
Andhra Pradesh,Annamayya,Madanapalli APMC,Vegetables,Tomato,12-12-2023,303,1070,1350,1550
Andhra Pradesh,Annamayya,Madanapalli APMC,Vegetables,Tomato,13-12-2023,341,950,1200,1380
Andhra Pradesh,Annamayya,Madanapalli APMC,Vegetables,Tomato,14-12-2023,374,1200,1600,1740
Andhra Pradesh,Annamayya,Madanapalli APMC,Vegetables,Tomato,15-12-2023,367,1200,1650,1890
Andhra Pradesh,Annamayya,Madanapalli APMC,Vegetables,Tomato,16-12-2023,316,1200,1650,1890
Andhra Pradesh,Annamayya,Madanapalli APMC,Vegetables,Tomato,17-12-2023,231,1200,1670,1930
Andhra Pradesh,Annamayya,Madanapalli APMC,Vegetables,Tomato,18-12-2023,214,1200,1670,1930
Andhra Pradesh,Annamayya,Madanapalli APMC,Vegetables,Tomato,19-12-2023,205,1400,1850,2090
Andhra Pradesh,Annamayya,Madanapalli APMC,Vegetables,Tomato,20-12-2023,211,1400,1850,2090
Andhra Pradesh,Annamayya,Madanapalli APMC,Vegetables,Tomato,21-12-2023,228,1400,1850,2090
Andhra Pradesh,Annamayya,Madanapalli APMC,Vegetables,Tomato,22-12-2023,201,1300,1850,1990
Andhra Pradesh,Annamayya,Madanapalli APMC,Vegetables,Tomato,23-12-2023,198,1400,1850,2090
Andhra Pradesh,Annamayya,Madanapalli APMC,Vegetables,Tomato,24-12-2023,242,1400,1850,2090
Andhra Pradesh,Annamayya,Madanapalli APMC,Vegetables,Tomato,25-12-2023,207,1200,1670,1930
Andhra Pradesh,Annamayya,Madanapalli APMC,Vegetables,Tomato,26-12-2023,233,1400,1850,2090
Andhra Pradesh,Annamayya,Madanapalli APMC,Vegetables,Tomato,27-12-2023,267,1450,1930,2230
Andhra Pradesh,Annamayya,Madanapalli APMC,Vegetables,Tomato,28-12-2023,201,1400,1850,2090
Andhra Pradesh,Annamayya,Madanapalli APMC,Vegetables,Tomato,29-12-2023,218,1400,1850,2090
Andhra Pradesh,Annamayya,Madanapalli APMC,Vegetables,Tomato,30-12-2023,203,1400,1850,2090
Andhra Pradesh,Annamayya,Madanapalli APMC,Vegetables,Tomato,01-01-2024,134,1600,2200,2400
Andhra Pradesh,Annamayya,Madanapalli APMC,Vegetables,Tomato,02-01-2024,106,2400,2850,3040
Andhra Pradesh,Annamayya,Madanapalli APMC,Vegetables,Tomato,03-01-2024,113,1450,1930,2230
Andhra Pradesh,Annamayya,Madanapalli APMC,Vegetables,Tomato,04-01-2024,125,1400,1850,2090
Andhra Pradesh,Annamayya,Madanapalli APMC,Vegetables,Tomato,05-01-2024,148,1400,1850,2090
Andhra Pradesh,Annamayya,Madanapalli APMC,Vegetables,Tomato,06-01-2024,118,1400,1850,2090
Andhra Pradesh,Annamayya,Madanapalli APMC,Vegetables,Tomato,08-01-2024,105,1000,1800,2400
Andhra Pradesh,Annamayya,Madanapalli APMC,Vegetables,Tomato,09-01-2024,101,1000,2450,2800
Andhra Pradesh,Annamayya,Madanapalli APMC,Vegetables,Tomato,10-01-2024,123,1000,2400,2540
Andhra Pradesh,Annamayya,Madanapalli APMC,Vegetables,Tomato,17-01-2024,96,1240,2400,2400
Andhra Pradesh,Annamayya,Madanapalli APMC,Vegetables,Tomato,19-01-2024,151,1000,1000,2600
Andhra Pradesh,Annamayya,Madanapalli APMC,Vegetables,Tomato,20-01-2024,124,1100,1200,2600
Andhra Pradesh,Annamayya,Madanapalli APMC,Vegetables,Tomato,21-01-2024,132,1000,1100,2600
Andhra Pradesh,Annamayya,Madanapalli APMC,Vegetables,Tomato,23-01-2024,128,1000,1200,2600
Andhra Pradesh,Annamayya,Madanapalli APMC,Vegetables,Tomato,24-01-2024,123,1000,1900,2600
Andhra Pradesh,Annamayya,Madanapalli APMC,Vegetables,Tomato,25-01-2024,142,1000,1000,2600
Andhra Pradesh,Annamayya,Madanapalli APMC,Vegetables,Tomato,26-01-2024,159,1000,1900,2600
Andhra Pradesh,Annamayya,Madanapalli APMC,Vegetables,Tomato,27-01-2024,166,1000,1900,2600
Andhra Pradesh,Annamayya,Madanapalli APMC,Vegetables,Tomato,28-01-2024,197,1000,1500,2600
Andhra Pradesh,Annamayya,Madanapalli APMC,Vegetables,Tomato,31-01-2024,189,1000,1900,2600
Andhra Pradesh,Annamayya,Madanapalli APMC,Vegetables,Tomato,01-02-2024,172,1000,2150,2600
Andhra Pradesh,Annamayya,Madanapalli APMC,Vegetables,Tomato,02-02-2024,119,1100,2300,3000
Andhra Pradesh,Annamayya,Madanapalli APMC,Vegetables,Tomato,03-02-2024,107,1500,2200,3200
Andhra Pradesh,Annamayya,Madanapalli APMC,Vegetables,Tomato,04-02-2024,125,1500,1900,3200
Andhra Pradesh,Annamayya,Madanapalli APMC,Vegetables,Tomato,06-02-2024,106,1500,1570,3200
Andhra Pradesh,Annamayya,Madanapalli APMC,Vegetables,Tomato,08-02-2024,88,1000,1000,2400
Andhra Pradesh,Annamayya,Madanapalli APMC,Vegetables,Tomato,12-02-2024,95,1000,1500,2400
Andhra Pradesh,Annamayya,Madanapalli APMC,Vegetables,Tomato,13-02-2024,109,900,1600,2200
Andhra Pradesh,Annamayya,Madanapalli APMC,Vegetables,Tomato,14-02-2024,121,700,1200,1600
Andhra Pradesh,Annamayya,Madanapalli APMC,Vegetables,Tomato,15-02-2024,110,700,1200,1600
Andhra Pradesh,Annamayya,Madanapalli APMC,Vegetables,Tomato,16-02-2024,102,820,1500,1750
Andhra Pradesh,Annamayya,Madanapalli APMC,Vegetables,Tomato,17-02-2024,128,700,1200,1600
Andhra Pradesh,Annamayya,Madanapalli APMC,Vegetables,Tomato,18-02-2024,121,700,1100,1600
Andhra Pradesh,Annamayya,Madanapalli APMC,Vegetables,Tomato,20-02-2024,119,800,950,2000
Andhra Pradesh,Annamayya,Madanapalli APMC,Vegetables,Tomato,23-02-2024,132,700,1600,1800
Andhra Pradesh,Annamayya,Madanapalli APMC,Vegetables,Tomato,24-02-2024,126,700,700,1600
Andhra Pradesh,Annamayya,Madanapalli APMC,Vegetables,Tomato,26-02-2024,137,800,800,1800
Andhra Pradesh,Annamayya,Madanapalli APMC,Vegetables,Tomato,27-02-2024,120,1020,1600,1650
Andhra Pradesh,Annamayya,Madanapalli APMC,Vegetables,Tomato,01-03-2024,106,660,680,1400
Andhra Pradesh,Annamayya,Madanapalli APMC,Vegetables,Tomato,02-03-2024,81,800,800,1800
Andhra Pradesh,Annamayya,Madanapalli APMC,Vegetables,Tomato,03-03-2024,90,800,850,1800
Andhra Pradesh,Annamayya,Madanapalli APMC,Vegetables,Tomato,04-03-2024,83,800,800,2000
Andhra Pradesh,Annamayya,Madanapalli APMC,Vegetables,Tomato,19-03-2024,30,1000,1780,2400
Andhra Pradesh,Annamayya,Madanapalli APMC,Vegetables,Tomato,20-03-2024,30,800,2000,2000
Andhra Pradesh,Annamayya,Madanapalli APMC,Vegetables,Tomato,21-03-2024,27,800,1400,1800
Andhra Pradesh,Annamayya,Madanapalli APMC,Vegetables,Tomato,22-03-2024,32,1400,1460,1700
Andhra Pradesh,Annamayya,Madanapalli APMC,Vegetables,Tomato,25-03-2024,41,1200,1500,2000
Andhra Pradesh,Annamayya,Madanapalli APMC,Vegetables,Tomato,27-03-2024,51,1780,2100,2200
Andhra Pradesh,Annamayya,Madanapalli APMC,Vegetables,Tomato,29-03-2024,84,1600,1780,2200
Andhra Pradesh,Annamayya,Madanapalli APMC,Vegetables,Tomato,30-03-2024,95,1300,2280,2280
Andhra Pradesh,Annamayya,Madanapalli APMC,Vegetables,Tomato,31-03-2024,80,1000,2400,2400
Andhra Pradesh,Annamayya,Madanapalli APMC,Vegetables,Tomato,11-04-2024,143,1900,2300,2600
Andhra Pradesh,Annamayya,Madanapalli APMC,Vegetables,Tomato,12-04-2024,185,1000,1500,2600
Andhra Pradesh,Annamayya,Madanapalli APMC,Vegetables,Tomato,13-04-2024,175,800,900,1600
Andhra Pradesh,Annamayya,Madanapalli APMC,Vegetables,Tomato,14-04-2024,208,800,1700,2300
Andhra Pradesh,Annamayya,Madanapalli APMC,Vegetables,Tomato,16-04-2024,121,1100,1500,1750
Andhra Pradesh,Annamayya,Madanapalli APMC,Vegetables,Tomato,18-04-2024,190,1000,1300,1800
Andhra Pradesh,Annamayya,Madanapalli APMC,Vegetables,Tomato,24-04-2024,206,1000,1320,1900
Andhra Pradesh,Annamayya,Madanapalli APMC,Vegetables,Tomato,30-04-2024,310,1000,1050,1900
Andhra Pradesh,Annamayya,Madanapalli APMC,Vegetables,Tomato,01-05-2024,321,900,1500,1800
Andhra Pradesh,Annamayya,Madanapalli APMC,Vegetables,Tomato,02-05-2024,325,900,2100,2100
Andhra Pradesh,Annamayya,Madanapalli APMC,Vegetables,Tomato,03-05-2024,326,900,2100,2100
Andhra Pradesh,Annamayya,Madanapalli APMC,Vegetables,Tomato,04-05-2024,350,900,2100,2100
Andhra Pradesh,Annamayya,Madanapalli APMC,Vegetables,Tomato,05-05-2024,350,900,2100,2100
Andhra Pradesh,Annamayya,Madanapalli APMC,Vegetables,Tomato,07-05-2024,356,900,1500,1900
Andhra Pradesh,Annamayya,Madanapalli APMC,Vegetables,Tomato,08-05-2024,362,900,1000,1900
Andhra Pradesh,Annamayya,Madanapalli APMC,Vegetables,Tomato,09-05-2024,253,1100,2100,2800
Andhra Pradesh,Annamayya,Madanapalli APMC,Vegetables,Tomato,10-05-2024,383,1000,1500,1900
Andhra Pradesh,Annamayya,Madanapalli APMC,Vegetables,Tomato,11-05-2024,460,800,1100,1600
Andhra Pradesh,Annamayya,Madanapalli APMC,Vegetables,Tomato,12-05-2024,101,700,1600,1800
Andhra Pradesh,Annamayya,Madanapalli APMC,Vegetables,Tomato,14-05-2024,405,1000,1500,1970
Andhra Pradesh,Annamayya,Madanapalli APMC,Vegetables,Tomato,15-05-2024,394,1100,1100,2650
Andhra Pradesh,Annamayya,Madanapalli APMC,Vegetables,Tomato,16-05-2024,544,900,900,1800
Andhra Pradesh,Annamayya,Madanapalli APMC,Vegetables,Tomato,17-05-2024,683,1100,1100,2100
Andhra Pradesh,Annamayya,Madanapalli APMC,Vegetables,Tomato,18-05-2024,410,1300,2200,2800
Andhra Pradesh,Annamayya,Madanapalli APMC,Vegetables,Tomato,19-05-2024,468,1600,1630,3200
Andhra Pradesh,Annamayya,Madanapalli APMC,Vegetables,Tomato,20-05-2024,516,1600,2500,3200
Andhra Pradesh,Annamayya,Madanapalli APMC,Vegetables,Tomato,21-05-2024,557,1600,2500,3200
Andhra Pradesh,Annamayya,Madanapalli APMC,Vegetables,Tomato,22-05-2024,620,1800,2800,3400
Andhra Pradesh,Annamayya,Madanapalli APMC,Vegetables,Tomato,23-05-2024,606,2200,3000,3800
Andhra Pradesh,Annamayya,Madanapalli APMC,Vegetables,Tomato,24-05-2024,597,2300,3200,4400
Andhra Pradesh,Annamayya,Madanapalli APMC,Vegetables,Tomato,25-05-2024,610,2600,3600,4800
Andhra Pradesh,Annamayya,Madanapalli APMC,Vegetables,Tomato,26-05-2024,628,2300,3400,4280
Andhra Pradesh,Annamayya,Madanapalli APMC,Vegetables,Tomato,27-05-2024,560,2600,3600,4800
Andhra Pradesh,Annamayya,Madanapalli APMC,Vegetables,Tomato,28-05-2024,748,2300,3200,4000
Andhra Pradesh,Annamayya,Madanapalli APMC,Vegetables,Tomato,29-05-2024,780,2000,2800,3400
Andhra Pradesh,Annamayya,Madanapalli APMC,Vegetables,Tomato,30-05-2024,750,2100,2900,3600
Andhra Pradesh,Annamayya,Madanapalli APMC,Vegetables,Tomato,31-05-2024,769,2100,2900,3600
Andhra Pradesh,Annamayya,Madanapalli APMC,Vegetables,Tomato,01-06-2024,686,2200,2200,3800
Andhra Pradesh,Annamayya,Madanapalli APMC,Vegetables,Tomato,02-06-2024,602,2400,2550,4400
Andhra Pradesh,Annamayya,Madanapalli APMC,Vegetables,Tomato,03-06-2024,623,3000,4000,5000
Andhra Pradesh,Annamayya,Madanapalli APMC,Vegetables,Tomato,04-06-2024,349,3800,5000,6600
Andhra Pradesh,Annamayya,Madanapalli APMC,Vegetables,Tomato,05-06-2024,486,2700,3600,4800
Andhra Pradesh,Annamayya,Madanapalli APMC,Vegetables,Tomato,06-06-2024,702,2600,3600,4800
Andhra Pradesh,Annamayya,Madanapalli APMC,Vegetables,Tomato,07-06-2024,862,2600,3300,4000
Andhra Pradesh,Annamayya,Madanapalli APMC,Vegetables,Tomato,08-06-2024,708,2800,3900,5000
Andhra Pradesh,Annamayya,Madanapalli APMC,Vegetables,Tomato,09-06-2024,597,3600,5000,6000
Andhra Pradesh,Annamayya,Madanapalli APMC,Vegetables,Tomato,10-06-2024,564,3600,5000,6200
Andhra Pradesh,Annamayya,Madanapalli APMC,Vegetables,Tomato,11-06-2024,690,3600,5000,6200
Andhra Pradesh,Annamayya,Madanapalli APMC,Vegetables,Tomato,12-06-2024,727,3600,5000,6200
Andhra Pradesh,Annamayya,Madanapalli APMC,Vegetables,Tomato,13-06-2024,686,3000,4400,5600
Andhra Pradesh,Annamayya,Madanapalli APMC,Vegetables,Tomato,14-06-2024,657,3000,5600,6400
Andhra Pradesh,Annamayya,Madanapalli APMC,Vegetables,Tomato,15-06-2024,649,4200,5800,6600
Andhra Pradesh,Annamayya,Madanapalli APMC,Vegetables,Tomato,16-06-2024,751,4100,5500,6400
Andhra Pradesh,Annamayya,Madanapalli APMC,Vegetables,Tomato,17-06-2024,396,5000,6900,8000
Andhra Pradesh,Annamayya,Madanapalli APMC,Vegetables,Tomato,18-06-2024,457,5000,6900,8000
Andhra Pradesh,Annamayya,Madanapalli APMC,Vegetables,Tomato,19-06-2024,552,6500,7600,8800
Andhra Pradesh,Annamayya,Madanapalli APMC,Vegetables,Tomato,20-06-2024,690,5000,6900,8300
Andhra Pradesh,Annamayya,Madanapalli APMC,Vegetables,Tomato,21-06-2024,788,6500,7600,8800
Andhra Pradesh,Annamayya,Madanapalli APMC,Vegetables,Tomato,22-06-2024,603,5400,6900,8000
Andhra Pradesh,Annamayya,Madanapalli APMC,Vegetables,Tomato,23-06-2024,644,5200,6800,7800
Andhra Pradesh,Annamayya,Madanapalli APMC,Vegetables,Tomato,24-06-2024,903,4900,6000,6400
Andhra Pradesh,Annamayya,Madanapalli APMC,Vegetables,Tomato,25-06-2024,971,4000,5000,6000
Andhra Pradesh,Annamayya,Madanapalli APMC,Vegetables,Tomato,26-06-2024,953,3300,4600,5400
Andhra Pradesh,Annamayya,Madanapalli APMC,Vegetables,Tomato,27-06-2024,927,3300,4800,5600
Andhra Pradesh,Annamayya,Madanapalli APMC,Vegetables,Tomato,28-06-2024,1030,3300,4600,5400
Andhra Pradesh,Annamayya,Madanapalli APMC,Vegetables,Tomato,29-06-2024,1097,3300,4800,5600
Andhra Pradesh,Annamayya,Madanapalli APMC,Vegetables,Tomato,30-06-2024,1217,3000,3900,4800
Andhra Pradesh,Annamayya,Madanapalli APMC,Vegetables,Tomato,01-07-2024,1424,3000,3900,4800
Andhra Pradesh,Annamayya,Madanapalli APMC,Vegetables,Tomato,02-07-2024,1403,3000,3900,4800
Andhra Pradesh,Annamayya,Madanapalli APMC,Vegetables,Tomato,03-07-2024,1411,3000,3900,5000
Andhra Pradesh,Annamayya,Madanapalli APMC,Vegetables,Tomato,04-07-2024,1434,2900,3600,4400
Andhra Pradesh,Annamayya,Madanapalli APMC,Vegetables,Tomato,05-07-2024,1468,3000,3000,5000
Andhra Pradesh,Annamayya,Madanapalli APMC,Vegetables,Tomato,06-07-2024,1439,3200,4300,5200
Andhra Pradesh,Annamayya,Madanapalli APMC,Vegetables,Tomato,07-07-2024,1497,3200,4300,5200
Andhra Pradesh,Annamayya,Madanapalli APMC,Vegetables,Tomato,08-07-2024,1530,3200,4400,5300
Andhra Pradesh,Annamayya,Madanapalli APMC,Vegetables,Tomato,09-07-2024,1457,5000,5800,6000
Andhra Pradesh,Annamayya,Madanapalli APMC,Vegetables,Tomato,10-07-2024,1402,3800,5200,6000
Andhra Pradesh,Annamayya,Madanapalli APMC,Vegetables,Tomato,11-07-2024,941,4100,5500,6400
Andhra Pradesh,Annamayya,Madanapalli APMC,Vegetables,Tomato,12-07-2024,988,4100,5500,6400
Andhra Pradesh,Annamayya,Madanapalli APMC,Vegetables,Tomato,13-07-2024,805,4200,5800,6600
Andhra Pradesh,Annamayya,Madanapalli APMC,Vegetables,Tomato,14-07-2024,648,4200,6000,7200
Andhra Pradesh,Annamayya,Madanapalli APMC,Vegetables,Tomato,15-07-2024,712,4200,6000,8000
Andhra Pradesh,Annamayya,Madanapalli APMC,Vegetables,Tomato,16-07-2024,604,5800,7400,8800
Andhra Pradesh,Annamayya,Madanapalli APMC,Vegetables,Tomato,17-07-2024,921,5400,6600,7400
Andhra Pradesh,Annamayya,Madanapalli APMC,Vegetables,Tomato,18-07-2024,1034,5000,5800,7000
Andhra Pradesh,Annamayya,Madanapalli APMC,Vegetables,Tomato,19-07-2024,902,5000,6000,7000
Andhra Pradesh,Annamayya,Madanapalli APMC,Vegetables,Tomato,20-07-2024,890,5000,6000,6600
Andhra Pradesh,Annamayya,Madanapalli APMC,Vegetables,Tomato,21-07-2024,925,5000,6000,7000
Andhra Pradesh,Annamayya,Madanapalli APMC,Vegetables,Tomato,22-07-2024,986,4200,5600,6600
Andhra Pradesh,Annamayya,Madanapalli APMC,Vegetables,Tomato,23-07-2024,1098,4000,4800,5600
Andhra Pradesh,Annamayya,Madanapalli APMC,Vegetables,Tomato,24-07-2024,1214,3400,4200,4800
Andhra Pradesh,Annamayya,Madanapalli APMC,Vegetables,Tomato,25-07-2024,1328,2600,3200,3800
Andhra Pradesh,Annamayya,Madanapalli APMC,Vegetables,Tomato,26-07-2024,1137,2600,3200,3800
Andhra Pradesh,Annamayya,Madanapalli APMC,Vegetables,Tomato,27-07-2024,1106,3000,3800,4200
Andhra Pradesh,Annamayya,Madanapalli APMC,Vegetables,Tomato,28-07-2024,1087,3000,3800,4200
Andhra Pradesh,Annamayya,Madanapalli APMC,Vegetables,Tomato,29-07-2024,850,2400,3600,4000
Andhra Pradesh,Annamayya,Madanapalli APMC,Vegetables,Tomato,30-07-2024,880,3200,3600,3800
Andhra Pradesh,Annamayya,Madanapalli APMC,Vegetables,Tomato,31-07-2024,902,2000,2900,3400
Andhra Pradesh,Annamayya,Madanapalli APMC,Vegetables,Tomato,01-08-2024,826,2480,2700,3200
Andhra Pradesh,Annamayya,Madanapalli APMC,Vegetables,Tomato,02-08-2024,775,2000,2700,3200
Andhra Pradesh,Annamayya,Madanapalli APMC,Vegetables,Tomato,03-08-2024,641,1500,2200,2800
Andhra Pradesh,Annamayya,Madanapalli APMC,Vegetables,Tomato,04-08-2024,701,2000,2700,3200
Andhra Pradesh,Annamayya,Madanapalli APMC,Vegetables,Tomato,05-08-2024,632,2000,2900,3400
Andhra Pradesh,Annamayya,Madanapalli APMC,Vegetables,Tomato,06-08-2024,591,2000,2900,3400
Andhra Pradesh,Annamayya,Madanapalli APMC,Vegetables,Tomato,07-08-2024,627,2500,2700,3600
Andhra Pradesh,Annamayya,Madanapalli APMC,Vegetables,Tomato,09-08-2024,502,2000,2900,3400
Andhra Pradesh,Annamayya,Madanapalli APMC,Vegetables,Tomato,10-08-2024,418,2000,2700,3200
Andhra Pradesh,Annamayya,Madanapalli APMC,Vegetables,Tomato,11-08-2024,396,2700,3000,3200
Andhra Pradesh,Annamayya,Madanapalli APMC,Vegetables,Tomato,12-08-2024,432,2100,2700,3200
Andhra Pradesh,Annamayya,Madanapalli APMC,Vegetables,Tomato,13-08-2024,401,2000,2700,3200
Andhra Pradesh,Annamayya,Madanapalli APMC,Vegetables,Tomato,14-08-2024,426,1200,1900,2600
Andhra Pradesh,Annamayya,Madanapalli APMC,Vegetables,Tomato,22-08-2024,490,1500,2300,2600
Andhra Pradesh,Annamayya,Madanapalli APMC,Vegetables,Tomato,23-08-2024,452,1500,2300,3000
Andhra Pradesh,Annamayya,Madanapalli APMC,Vegetables,Tomato,24-08-2024,425,1500,2300,3000
Andhra Pradesh,Annamayya,Madanapalli APMC,Vegetables,Tomato,25-08-2024,488,1400,2300,3000
Andhra Pradesh,Annamayya,Madanapalli APMC,Vegetables,Tomato,26-08-2024,501,1400,2200,3000
Andhra Pradesh,Annamayya,Madanapalli APMC,Vegetables,Tomato,27-08-2024,526,1100,1800,2200
Andhra Pradesh,Annamayya,Madanapalli APMC,Vegetables,Tomato,28-08-2024,476,1000,1800,2400
Andhra Pradesh,Annamayya,Madanapalli APMC,Vegetables,Tomato,29-08-2024,452,1000,1800,2400
Andhra Pradesh,Annamayya,Madanapalli APMC,Vegetables,Tomato,30-08-2024,438,1000,1800,2400
Andhra Pradesh,Annamayya,Madanapalli APMC,Vegetables,Tomato,31-08-2024,405,1100,1800,2200
Andhra Pradesh,Annamayya,Madanapalli APMC,Vegetables,Tomato,01-09-2024,390,1200,1900,2600
Andhra Pradesh,Annamayya,Madanapalli APMC,Vegetables,Tomato,02-09-2024,282,1400,2200,3000
Andhra Pradesh,Annamayya,Madanapalli APMC,Vegetables,Tomato,03-09-2024,204,1400,2200,3000
Andhra Pradesh,Annamayya,Madanapalli APMC,Vegetables,Tomato,04-09-2024,190,2700,3000,3200
Andhra Pradesh,Annamayya,Madanapalli APMC,Vegetables,Tomato,05-09-2024,210,2000,2700,3200
Andhra Pradesh,Annamayya,Madanapalli APMC,Vegetables,Tomato,06-09-2024,184,1500,2300,2800
Andhra Pradesh,Annamayya,Madanapalli APMC,Vegetables,Tomato,07-09-2024,88,1600,2500,3000
Andhra Pradesh,Annamayya,Madanapalli APMC,Vegetables,Tomato,08-09-2024,175,1400,2200,2800
Andhra Pradesh,Annamayya,Madanapalli APMC,Vegetables,Tomato,09-09-2024,186,1400,2300,2800
Andhra Pradesh,Annamayya,Madanapalli APMC,Vegetables,Tomato,10-09-2024,174,1400,2000,2800
Andhra Pradesh,Annamayya,Madanapalli APMC,Vegetables,Tomato,11-09-2024,148,1400,2300,2800
Andhra Pradesh,Annamayya,Madanapalli APMC,Vegetables,Tomato,12-09-2024,124,2400,3600,4000
Andhra Pradesh,Annamayya,Madanapalli APMC,Vegetables,Tomato,13-09-2024,94,2400,3600,4000
Andhra Pradesh,Annamayya,Madanapalli APMC,Vegetables,Tomato,14-09-2024,90,2900,3600,4400
Andhra Pradesh,Annamayya,Madanapalli APMC,Vegetables,Tomato,15-09-2024,107,2900,3600,4200
Andhra Pradesh,Annamayya,Madanapalli APMC,Vegetables,Tomato,16-09-2024,119,3210,3600,4400
Andhra Pradesh,Annamayya,Madanapalli APMC,Vegetables,Tomato,17-09-2024,110,2900,3600,4400
Andhra Pradesh,Annamayya,Madanapalli APMC,Vegetables,Tomato,20-09-2024,97,3200,4300,5200
Andhra Pradesh,Annamayya,Madanapalli APMC,Vegetables,Tomato,21-09-2024,112,3200,4300,5200
Andhra Pradesh,Annamayya,Madanapalli APMC,Vegetables,Tomato,22-09-2024,134,3400,4400,5160
Andhra Pradesh,Annamayya,Madanapalli APMC,Vegetables,Tomato,23-09-2024,117,3400,4400,5160
Andhra Pradesh,Annamayya,Madanapalli APMC,Vegetables,Tomato,24-09-2024,103,3200,4300,5200
Andhra Pradesh,Annamayya,Madanapalli APMC,Vegetables,Tomato,25-09-2024,126,3400,4200,4800
Andhra Pradesh,Annamayya,Madanapalli APMC,Vegetables,Tomato,26-09-2024,142,3400,4200,4800
Andhra Pradesh,Annamayya,Madanapalli APMC,Vegetables,Tomato,27-09-2024,110,3200,4300,5200
Andhra Pradesh,Annamayya,Madanapalli APMC,Vegetables,Tomato,28-09-2024,94,3300,4600,5400
Andhra Pradesh,Annamayya,Madanapalli APMC,Vegetables,Tomato,29-09-2024,114,3800,5200,6000
Andhra Pradesh,Annamayya,Madanapalli APMC,Vegetables,Tomato,30-09-2024,126,4000,5400,6400
Andhra Pradesh,Annamayya,Madanapalli APMC,Vegetables,Tomato,01-10-2024,133,4000,5400,6400
Andhra Pradesh,Annamayya,Madanapalli APMC,Vegetables,Tomato,02-10-2024,84,7000,8200,9000
Andhra Pradesh,Annamayya,Madanapalli APMC,Vegetables,Tomato,03-10-2024,96,7000,8200,9000
Andhra Pradesh,Annamayya,Madanapalli APMC,Vegetables,Tomato,04-10-2024,106,7000,8200,8800
Andhra Pradesh,Annamayya,Madanapalli APMC,Vegetables,Tomato,05-10-2024,98,7000,8200,8800
Andhra Pradesh,Annamayya,Madanapalli APMC,Vegetables,Tomato,06-10-2024,110,7000,8200,8800
Andhra Pradesh,Annamayya,Madanapalli APMC,Vegetables,Tomato,07-10-2024,90,6000,8000,8600
Andhra Pradesh,Annamayya,Madanapalli APMC,Vegetables,Tomato,08-10-2024,95,6000,7800,8400
Andhra Pradesh,Annamayya,Madanapalli APMC,Vegetables,Tomato,09-10-2024,94,4800,5800,6600
Andhra Pradesh,Annamayya,Madanapalli APMC,Vegetables,Tomato,10-10-2024,116,3800,5200,6000
Andhra Pradesh,Annamayya,Madanapalli APMC,Vegetables,Tomato,11-10-2024,124,4700,5200,6000
Andhra Pradesh,Annamayya,Madanapalli APMC,Vegetables,Tomato,12-10-2024,95,4400,5600,6800
Andhra Pradesh,Annamayya,Madanapalli APMC,Vegetables,Tomato,13-10-2024,90,4400,5000,7200
Andhra Pradesh,Annamayya,Madanapalli APMC,Vegetables,Tomato,15-10-2024,119,4100,5500,6400
Andhra Pradesh,Annamayya,Madanapalli APMC,Vegetables,Tomato,16-10-2024,121,3200,4300,5200
Andhra Pradesh,Annamayya,Madanapalli APMC,Vegetables,Tomato,17-10-2024,92,4100,5500,6400
Andhra Pradesh,Annamayya,Madanapalli APMC,Vegetables,Tomato,18-10-2024,129,3800,5200,6000
Andhra Pradesh,Annamayya,Madanapalli APMC,Vegetables,Tomato,19-10-2024,143,3200,4300,5200
Andhra Pradesh,Annamayya,Madanapalli APMC,Vegetables,Tomato,20-10-2024,171,3200,4300,5200
Andhra Pradesh,Annamayya,Madanapalli APMC,Vegetables,Tomato,21-10-2024,187,3200,4300,5200
Andhra Pradesh,Annamayya,Madanapalli APMC,Vegetables,Tomato,22-10-2024,199,3300,4600,5400
Andhra Pradesh,Annamayya,Madanapalli APMC,Vegetables,Tomato,24-10-2024,283,2400,3600,4000
Andhra Pradesh,Annamayya,Madanapalli APMC,Vegetables,Tomato,25-10-2024,299,2900,3600,4400
Andhra Pradesh,Annamayya,Madanapalli APMC,Vegetables,Tomato,26-10-2024,307,3400,4200,4800
Andhra Pradesh,Annamayya,Madanapalli APMC,Vegetables,Tomato,28-10-2024,326,2900,3600,4400
Andhra Pradesh,Annamayya,Madanapalli APMC,Vegetables,Tomato,29-10-2024,344,2900,3600,4200
Andhra Pradesh,Annamayya,Madanapalli APMC,Vegetables,Tomato,30-10-2024,396,2000,3000,3600
Andhra Pradesh,Annamayya,Madanapalli APMC,Vegetables,Tomato,07-11-2024,236,1400,2300,2800
Andhra Pradesh,Annamayya,Madanapalli APMC,Vegetables,Tomato,08-11-2024,295,1000,1800,2400
Andhra Pradesh,Annamayya,Madanapalli APMC,Vegetables,Tomato,09-11-2024,282,1000,1800,2400
Andhra Pradesh,Annamayya,Madanapalli APMC,Vegetables,Tomato,10-11-2024,277,1000,1800,2400
Andhra Pradesh,Annamayya,Madanapalli APMC,Vegetables,Tomato,11-11-2024,294,1100,1900,2400
Andhra Pradesh,Annamayya,Madanapalli APMC,Vegetables,Tomato,12-11-2024,188,1400,2300,2900
Andhra Pradesh,Annamayya,Madanapalli APMC,Vegetables,Tomato,13-11-2024,221,1200,1900,2600
Andhra Pradesh,Annamayya,Madanapalli APMC,Vegetables,Tomato,14-11-2024,233,1100,1900,2400
Andhra Pradesh,Annamayya,Madanapalli APMC,Vegetables,Tomato,15-11-2024,225,1400,2200,3000
Andhra Pradesh,Annamayya,Madanapalli APMC,Vegetables,Tomato,16-11-2024,213,1400,2300,3000
Andhra Pradesh,Annamayya,Madanapalli APMC,Vegetables,Tomato,17-11-2024,231,2000,2900,3400
Andhra Pradesh,Annamayya,Madanapalli APMC,Vegetables,Tomato,18-11-2024,220,2000,2900,3600
Andhra Pradesh,Annamayya,Madanapalli APMC,Vegetables,Tomato,19-11-2024,213,2300,3400,4000
Andhra Pradesh,Annamayya,Madanapalli APMC,Vegetables,Tomato,21-11-2024,270,2000,2900,3600
Andhra Pradesh,Annamayya,Madanapalli APMC,Vegetables,Tomato,22-11-2024,283,2300,3400,4000
Andhra Pradesh,Annamayya,Madanapalli APMC,Vegetables,Tomato,23-11-2024,245,2300,3400,4000
Andhra Pradesh,Annamayya,Madanapalli APMC,Vegetables,Tomato,24-11-2024,258,2500,3600,4200
Andhra Pradesh,Annamayya,Madanapalli APMC,Vegetables,Tomato,25-11-2024,166,3200,4800,5600
Andhra Pradesh,Annamayya,Madanapalli APMC,Vegetables,Tomato,26-11-2024,160,3200,4800,5600
Andhra Pradesh,Annamayya,Madanapalli APMC,Vegetables,Tomato,27-11-2024,192,3000,4600,5400
Andhra Pradesh,Annamayya,Madanapalli APMC,Vegetables,Tomato,29-11-2024,99,3000,4400,5200
Andhra Pradesh,Annamayya,Madanapalli APMC,Vegetables,Tomato,30-11-2024,134,2300,3400,4000
Andhra Pradesh,Annamayya,Madanapalli APMC,Vegetables,Tomato,01-12-2024,90,3400,4200,4800
Andhra Pradesh,Annamayya,Madanapalli APMC,Vegetables,Tomato,02-12-2024,52,3800,5200,6000
Andhra Pradesh,Annamayya,Madanapalli APMC,Vegetables,Tomato,03-12-2024,97,3000,3800,4600
Andhra Pradesh,Annamayya,Madanapalli APMC,Vegetables,Tomato,04-12-2024,151,3000,3800,4600
Andhra Pradesh,Annamayya,Madanapalli APMC,Vegetables,Tomato,05-12-2024,94,3000,4400,5200
Andhra Pradesh,Annamayya,Madanapalli APMC,Vegetables,Tomato,06-12-2024,77,3800,5200,6000
Andhra Pradesh,Annamayya,Madanapalli APMC,Vegetables,Tomato,07-12-2024,98,2500,3600,4400
Andhra Pradesh,Annamayya,Madanapalli APMC,Vegetables,Tomato,08-12-2024,130,1200,1900,2600
Andhra Pradesh,Annamayya,Madanapalli APMC,Vegetables,Tomato,09-12-2024,157,700,1300,2200
Andhra Pradesh,Annamayya,Madanapalli APMC,Vegetables,Tomato,10-12-2024,176,800,1400,2000
Andhra Pradesh,Annamayya,Madanapalli APMC,Vegetables,Tomato,11-12-2024,114,1400,2300,2800
Andhra Pradesh,Annamayya,Madanapalli APMC,Vegetables,Tomato,12-12-2024,125,1000,1800,2400
Andhra Pradesh,Annamayya,Madanapalli APMC,Vegetables,Tomato,13-12-2024,119,900,1400,1800
Andhra Pradesh,Annamayya,Madanapalli APMC,Vegetables,Tomato,14-12-2024,179,900,1400,1800
Andhra Pradesh,Annamayya,Madanapalli APMC,Vegetables,Tomato,16-12-2024,184,900,1400,1800
Andhra Pradesh,Annamayya,Madanapalli APMC,Vegetables,Tomato,17-12-2024,176,1000,1600,2200
Andhra Pradesh,Annamayya,Madanapalli APMC,Vegetables,Tomato,18-12-2024,153,1000,1600,2200
Andhra Pradesh,Annamayya,Madanapalli APMC,Vegetables,Tomato,19-12-2024,127,900,1400,1800
Andhra Pradesh,Annamayya,Madanapalli APMC,Vegetables,Tomato,20-12-2024,135,1000,1600,2200
Andhra Pradesh,Annamayya,Madanapalli APMC,Vegetables,Tomato,21-12-2024,82,2000,2800,3500
Andhra Pradesh,Annamayya,Madanapalli APMC,Vegetables,Tomato,22-12-2024,174,1000,1700,2200
Andhra Pradesh,Annamayya,Madanapalli APMC,Vegetables,Tomato,23-12-2024,170,1000,1600,2200
Andhra Pradesh,Annamayya,Madanapalli APMC,Vegetables,Tomato,24-12-2024,196,1000,1700,2300
Andhra Pradesh,Annamayya,Madanapalli APMC,Vegetables,Tomato,25-12-2024,138,800,1400,2000
Andhra Pradesh,Annamayya,Madanapalli APMC,Vegetables,Tomato,26-12-2024,146,800,1400,2000
Andhra Pradesh,Annamayya,Madanapalli APMC,Vegetables,Tomato,27-12-2024,81,1400,2300,2800
Andhra Pradesh,Annamayya,Madanapalli APMC,Vegetables,Tomato,28-12-2024,99,1100,1900,2400
Andhra Pradesh,Annamayya,Madanapalli APMC,Vegetables,Tomato,29-12-2024,185,560,980,1200
Andhra Pradesh,Annamayya,Madanapalli APMC,Vegetables,Tomato,30-12-2024,162,560,980,1200
Andhra Pradesh,Annamayya,Madanapalli APMC,Vegetables,Tomato,31-12-2024,137,800,1400,2000
Andhra Pradesh,Annamayya,Madanapalli APMC,Vegetables,Tomato,01-01-2025,118,900,1500,1800
Andhra Pradesh,Annamayya,Madanapalli APMC,Vegetables,Tomato,02-01-2025,128,900,1500,1800
Andhra Pradesh,Annamayya,Madanapalli APMC,Vegetables,Tomato,03-01-2025,120,800,1300,1600
Andhra Pradesh,Annamayya,Madanapalli APMC,Vegetables,Tomato,04-01-2025,105,800,1100,1400
Andhra Pradesh,Annamayya,Madanapalli APMC,Vegetables,Tomato,05-01-2025,117,800,1100,1300
Andhra Pradesh,Annamayya,Madanapalli APMC,Vegetables,Tomato,06-01-2025,105,800,1100,1400
Andhra Pradesh,Annamayya,Madanapalli APMC,Vegetables,Tomato,07-01-2025,128,900,1200,1500
Andhra Pradesh,Annamayya,Madanapalli APMC,Vegetables,Tomato,08-01-2025,116,900,1300,1600
Andhra Pradesh,Annamayya,Madanapalli APMC,Vegetables,Tomato,09-01-2025,97,800,1100,1400
Andhra Pradesh,Annamayya,Madanapalli APMC,Vegetables,Tomato,10-01-2025,110,900,1200,1500
Andhra Pradesh,Annamayya,Madanapalli APMC,Vegetables,Tomato,11-01-2025,138,1100,1700,2200
Andhra Pradesh,Annamayya,Madanapalli APMC,Vegetables,Tomato,14-01-2025,145,800,1100,1400
Andhra Pradesh,Annamayya,Madanapalli APMC,Vegetables,Tomato,15-01-2025,60,800,1200,1500
Andhra Pradesh,Annamayya,Madanapalli APMC,Vegetables,Tomato,16-01-2025,48,1100,1700,2200
Andhra Pradesh,Annamayya,Madanapalli APMC,Vegetables,Tomato,17-01-2025,72,1100,1700,2200
Andhra Pradesh,Annamayya,Madanapalli APMC,Vegetables,Tomato,18-01-2025,97,900,1300,1600
Andhra Pradesh,Annamayya,Madanapalli APMC,Vegetables,Tomato,19-01-2025,119,900,1300,1600
Andhra Pradesh,Annamayya,Madanapalli APMC,Vegetables,Tomato,20-01-2025,101,900,1300,1600
Andhra Pradesh,Annamayya,Madanapalli APMC,Vegetables,Tomato,21-01-2025,72,900,1500,1800
Andhra Pradesh,Annamayya,Madanapalli APMC,Vegetables,Tomato,22-01-2025,81,900,1500,1800
Andhra Pradesh,Annamayya,Madanapalli APMC,Vegetables,Tomato,23-01-2025,75,1000,1600,1900
Andhra Pradesh,Annamayya,Madanapalli APMC,Vegetables,Tomato,24-01-2025,66,900,1500,1800
Andhra Pradesh,Annamayya,Madanapalli APMC,Vegetables,Tomato,25-01-2025,61,900,1500,1800
Andhra Pradesh,Annamayya,Madanapalli APMC,Vegetables,Tomato,26-01-2025,50,1000,1600,2000
Andhra Pradesh,Annamayya,Madanapalli APMC,Vegetables,Tomato,27-01-2025,42,1200,1800,2300
Andhra Pradesh,Annamayya,Madanapalli APMC,Vegetables,Tomato,28-01-2025,40,1000,1600,2000
Andhra Pradesh,Annamayya,Madanapalli APMC,Vegetables,Tomato,29-01-2025,53,1100,1700,2100
Andhra Pradesh,Annamayya,Madanapalli APMC,Vegetables,Tomato,30-01-2025,69,1100,1700,2100
Andhra Pradesh,Annamayya,Madanapalli APMC,Vegetables,Tomato,31-01-2025,51,1000,1600,2000
Andhra Pradesh,Annamayya,Madanapalli APMC,Vegetables,Tomato,01-02-2025,33,1200,1800,2200
Andhra Pradesh,Annamayya,Madanapalli APMC,Vegetables,Tomato,02-02-2025,48,1000,1600,2000
Andhra Pradesh,Annamayya,Madanapalli APMC,Vegetables,Tomato,03-02-2025,45,1100,1700,2100
Andhra Pradesh,Annamayya,Madanapalli APMC,Vegetables,Tomato,04-02-2025,40,1000,1600,2000
Andhra Pradesh,Annamayya,Madanapalli APMC,Vegetables,Tomato,05-02-2025,47,1200,1800,2300
Andhra Pradesh,Annamayya,Madanapalli APMC,Vegetables,Tomato,06-02-2025,41,1200,1800,2300
Andhra Pradesh,Annamayya,Madanapalli APMC,Vegetables,Tomato,07-02-2025,49,1200,1800,2200
Andhra Pradesh,Annamayya,Madanapalli APMC,Vegetables,Tomato,08-02-2025,42,1200,1800,2200
Andhra Pradesh,Annamayya,Madanapalli APMC,Vegetables,Tomato,09-02-2025,55,1000,1600,2000
Andhra Pradesh,Annamayya,Madanapalli APMC,Vegetables,Tomato,10-02-2025,48,1000,1600,2000
Andhra Pradesh,Annamayya,Madanapalli APMC,Vegetables,Tomato,11-02-2025,40,900,1500,1800
Andhra Pradesh,Annamayya,Madanapalli APMC,Vegetables,Tomato,12-02-2025,51,900,1500,1800
Andhra Pradesh,Annamayya,Madanapalli APMC,Vegetables,Tomato,13-02-2025,41,900,1300,1600
Andhra Pradesh,Annamayya,Madanapalli APMC,Vegetables,Tomato,14-02-2025,46,900,1300,1600
Andhra Pradesh,Annamayya,Madanapalli APMC,Vegetables,Tomato,15-02-2025,50,900,1400,1700
Andhra Pradesh,Annamayya,Madanapalli APMC,Vegetables,Tomato,16-02-2025,56,900,1500,1800
Andhra Pradesh,Annamayya,Madanapalli APMC,Vegetables,Tomato,17-02-2025,60,900,1500,1800
Andhra Pradesh,Annamayya,Madanapalli APMC,Vegetables,Tomato,18-02-2025,64,900,1300,1600
Andhra Pradesh,Annamayya,Madanapalli APMC,Vegetables,Tomato,19-02-2025,52,900,1300,1600
Andhra Pradesh,Annamayya,Madanapalli APMC,Vegetables,Tomato,20-02-2025,66,800,1100,1400
Andhra Pradesh,Annamayya,Madanapalli APMC,Vegetables,Tomato,21-02-2025,78,600,1000,1200
Andhra Pradesh,Annamayya,Madanapalli APMC,Vegetables,Tomato,22-02-2025,60,900,1400,1600
Andhra Pradesh,Annamayya,Madanapalli APMC,Vegetables,Tomato,23-02-2025,69,800,1100,1400
Andhra Pradesh,Annamayya,Madanapalli APMC,Vegetables,Tomato,24-02-2025,75,800,1100,1400
Andhra Pradesh,Annamayya,Madanapalli APMC,Vegetables,Tomato,25-02-2025,84,800,1100,1400
Andhra Pradesh,Annamayya,Madanapalli APMC,Vegetables,Tomato,26-02-2025,62,800,1200,1500
Andhra Pradesh,Annamayya,Madanapalli APMC,Vegetables,Tomato,27-02-2025,70,800,1100,1400
Andhra Pradesh,Annamayya,Madanapalli APMC,Vegetables,Tomato,28-02-2025,85,800,1100,1400
Andhra Pradesh,Annamayya,Madanapalli APMC,Vegetables,Tomato,01-03-2025,68,800,1100,1300
Andhra Pradesh,Annamayya,Madanapalli APMC,Vegetables,Tomato,02-03-2025,54,800,1100,1400
Andhra Pradesh,Annamayya,Madanapalli APMC,Vegetables,Tomato,03-03-2025,65,800,1100,1300
Andhra Pradesh,Annamayya,Madanapalli APMC,Vegetables,Tomato,04-03-2025,73,800,1100,1400
Andhra Pradesh,Annamayya,Madanapalli APMC,Vegetables,Tomato,05-03-2025,80,700,1000,1240
Andhra Pradesh,Annamayya,Madanapalli APMC,Vegetables,Tomato,06-03-2025,67,800,1100,1300
Andhra Pradesh,Annamayya,Madanapalli APMC,Vegetables,Tomato,07-03-2025,61,600,1000,1200
Andhra Pradesh,Annamayya,Madanapalli APMC,Vegetables,Tomato,08-03-2025,50,800,1100,1300
Andhra Pradesh,Annamayya,Madanapalli APMC,Vegetables,Tomato,09-03-2025,68,600,1000,1200
Andhra Pradesh,Annamayya,Madanapalli APMC,Vegetables,Tomato,10-03-2025,80,600,1000,1200
Andhra Pradesh,Annamayya,Madanapalli APMC,Vegetables,Tomato,11-03-2025,71,800,1100,1300
Andhra Pradesh,Annamayya,Madanapalli APMC,Vegetables,Tomato,12-03-2025,94,600,1000,1200
Andhra Pradesh,Annamayya,Madanapalli APMC,Vegetables,Tomato,13-03-2025,108,600,1000,1200
Andhra Pradesh,Annamayya,Madanapalli APMC,Vegetables,Tomato,14-03-2025,112,600,1000,1200
Andhra Pradesh,Annamayya,Madanapalli APMC,Vegetables,Tomato,15-03-2025,105,800,1100,1300
Andhra Pradesh,Annamayya,Madanapalli APMC,Vegetables,Tomato,16-03-2025,90,700,1000,1250
Andhra Pradesh,Annamayya,Madanapalli APMC,Vegetables,Tomato,17-03-2025,118,600,1000,1200
Andhra Pradesh,Annamayya,Madanapalli APMC,Vegetables,Tomato,18-03-2025,122,600,1000,1200
Andhra Pradesh,Annamayya,Madanapalli APMC,Vegetables,Tomato,19-03-2025,116,600,1000,1200
Andhra Pradesh,Annamayya,Madanapalli APMC,Vegetables,Tomato,20-03-2025,108,600,900,1100
Andhra Pradesh,Annamayya,Madanapalli APMC,Vegetables,Tomato,21-03-2025,129,600,900,1100
Andhra Pradesh,Annamayya,Madanapalli APMC,Vegetables,Tomato,22-03-2025,114,600,900,1100
Andhra Pradesh,Annamayya,Madanapalli APMC,Vegetables,Tomato,23-03-2025,124,600,900,1100
Andhra Pradesh,Annamayya,Madanapalli APMC,Vegetables,Tomato,24-03-2025,130,600,1000,1200
Andhra Pradesh,Annamayya,Madanapalli APMC,Vegetables,Tomato,25-03-2025,103,600,900,1100
Andhra Pradesh,Annamayya,Madanapalli APMC,Vegetables,Tomato,26-03-2025,112,600,1000,1200
Andhra Pradesh,Annamayya,Madanapalli APMC,Vegetables,Tomato,27-03-2025,108,600,900,1100
Andhra Pradesh,Annamayya,Madanapalli APMC,Vegetables,Tomato,28-03-2025,120,600,1000,1200
Andhra Pradesh,Annamayya,Madanapalli APMC,Vegetables,Tomato,29-03-2025,136,800,1100,1300
Andhra Pradesh,Annamayya,Madanapalli APMC,Vegetables,Tomato,31-03-2025,90,1200,1900,2300
Andhra Pradesh,Annamayya,Madanapalli APMC,Vegetables,Tomato,01-04-2025,140,800,1100,1360
Andhra Pradesh,Annamayya,Madanapalli APMC,Vegetables,Tomato,02-04-2025,128,1000,1100,1200
Andhra Pradesh,Annamayya,Madanapalli APMC,Vegetables,Tomato,03-04-2025,134,1000,1100,1200
Andhra Pradesh,Annamayya,Madanapalli APMC,Vegetables,Tomato,04-04-2025,140,800,950,1080
Andhra Pradesh,Annamayya,Madanapalli APMC,Vegetables,Tomato,05-04-2025,121,800,950,1050
Andhra Pradesh,Annamayya,Madanapalli APMC,Vegetables,Tomato,06-04-2025,106,950,1050,1150
Andhra Pradesh,Annamayya,Madanapalli APMC,Vegetables,Tomato,07-04-2025,114,800,950,1050
Andhra Pradesh,Annamayya,Madanapalli APMC,Vegetables,Tomato,08-04-2025,140,950,1050,1150
Andhra Pradesh,Annamayya,Madanapalli APMC,Vegetables,Tomato,09-04-2025,112,1100,1300,1400
Andhra Pradesh,Annamayya,Madanapalli APMC,Vegetables,Tomato,10-04-2025,126,1100,1300,1400
Andhra Pradesh,Annamayya,Madanapalli APMC,Vegetables,Tomato,11-04-2025,151,950,1100,1200
Andhra Pradesh,Annamayya,Madanapalli APMC,Vegetables,Tomato,12-04-2025,163,950,1100,1200
Andhra Pradesh,Annamayya,Madanapalli APMC,Vegetables,Tomato,13-04-2025,201,950,1100,1200
Andhra Pradesh,Annamayya,Madanapalli APMC,Vegetables,Tomato,14-04-2025,182,950,1100,1215
Andhra Pradesh,Annamayya,Madanapalli APMC,Vegetables,Tomato,15-04-2025,207,950,1050,1150
Andhra Pradesh,Annamayya,Madanapalli APMC,Vegetables,Tomato,16-04-2025,258,800,950,1050
Andhra Pradesh,Annamayya,Madanapalli APMC,Vegetables,Tomato,17-04-2025,219,800,950,1050
Andhra Pradesh,Annamayya,Madanapalli APMC,Vegetables,Tomato,18-04-2025,280,800,950,1050
Andhra Pradesh,Annamayya,Madanapalli APMC,Vegetables,Tomato,19-04-2025,306,800,950,1050
Andhra Pradesh,Annamayya,Madanapalli APMC,Vegetables,Tomato,20-04-2025,387,950,1050,1150
Andhra Pradesh,Annamayya,Madanapalli APMC,Vegetables,Tomato,21-04-2025,410,800,950,1050
Andhra Pradesh,Annamayya,Madanapalli APMC,Vegetables,Tomato,22-04-2025,422,800,950,1050
Andhra Pradesh,Annamayya,Madanapalli APMC,Vegetables,Tomato,23-04-2025,450,800,950,1050
Andhra Pradesh,Annamayya,Madanapalli APMC,Vegetables,Tomato,24-04-2025,515,800,950,1050
Andhra Pradesh,Annamayya,Madanapalli APMC,Vegetables,Tomato,25-04-2025,434,750,850,950
Andhra Pradesh,Annamayya,Madanapalli APMC,Vegetables,Tomato,26-04-2025,403,750,850,950
Andhra Pradesh,Annamayya,Madanapalli APMC,Vegetables,Tomato,27-04-2025,324,750,875,980
Andhra Pradesh,Annamayya,Madanapalli APMC,Vegetables,Tomato,28-04-2025,383,800,950,1050
Andhra Pradesh,Annamayya,Madanapalli APMC,Vegetables,Tomato,29-04-2025,398,800,950,1050
Andhra Pradesh,Annamayya,Madanapalli APMC,Vegetables,Tomato,30-04-2025,460,750,850,960
Andhra Pradesh,Annamayya,Madanapalli APMC,Vegetables,Tomato,01-05-2025,502,700,790,850
Andhra Pradesh,Annamayya,Madanapalli APMC,Vegetables,Tomato,02-05-2025,560,700,770,800
Andhra Pradesh,Annamayya,Madanapalli APMC,Vegetables,Tomato,03-05-2025,481,700,770,800
Andhra Pradesh,Annamayya,Madanapalli APMC,Vegetables,Tomato,04-05-2025,444,700,780,810
Andhra Pradesh,Annamayya,Madanapalli APMC,Vegetables,Tomato,05-05-2025,406,700,780,810
Andhra Pradesh,Annamayya,Madanapalli APMC,Vegetables,Tomato,06-05-2025,492,700,770,800
Andhra Pradesh,Annamayya,Madanapalli APMC,Vegetables,Tomato,07-05-2025,556,700,780,810
Andhra Pradesh,Annamayya,Madanapalli APMC,Vegetables,Tomato,08-05-2025,582,700,780,810
Andhra Pradesh,Annamayya,Madanapalli APMC,Vegetables,Tomato,09-05-2025,540,730,825,875
Andhra Pradesh,Annamayya,Madanapalli APMC,Vegetables,Tomato,10-05-2025,465,780,900,985
Andhra Pradesh,Annamayya,Madanapalli APMC,Vegetables,Tomato,11-05-2025,577,780,920,990
Andhra Pradesh,Annamayya,Madanapalli APMC,Vegetables,Tomato,12-05-2025,596,780,900,985
Andhra Pradesh,Annamayya,Madanapalli APMC,Vegetables,Tomato,13-05-2025,679,780,890,960
Andhra Pradesh,Annamayya,Madanapalli APMC,Vegetables,Tomato,14-05-2025,710,780,890,960
Andhra Pradesh,Annamayya,Madanapalli APMC,Vegetables,Tomato,15-05-2025,731,700,790,850
Andhra Pradesh,Annamayya,Madanapalli APMC,Vegetables,Tomato,16-05-2025,790,700,790,850
Andhra Pradesh,Annamayya,Madanapalli APMC,Vegetables,Tomato,17-05-2025,903,730,825,875
Andhra Pradesh,Annamayya,Madanapalli APMC,Vegetables,Tomato,18-05-2025,866,700,790,830
Andhra Pradesh,Annamayya,Madanapalli APMC,Vegetables,Tomato,19-05-2025,850,950,1050,1150
Andhra Pradesh,Annamayya,Madanapalli APMC,Vegetables,Tomato,20-05-2025,870,800,970,1065
Andhra Pradesh,Annamayya,Madanapalli APMC,Vegetables,Tomato,21-05-2025,1130,700,790,850
Andhra Pradesh,Annamayya,Madanapalli APMC,Vegetables,Tomato,22-05-2025,1107,700,790,850
Andhra Pradesh,Annamayya,Madanapalli APMC,Vegetables,Tomato,23-05-2025,1162,750,905,970
Andhra Pradesh,Annamayya,Madanapalli APMC,Vegetables,Tomato,24-05-2025,1124,750,905,990
Andhra Pradesh,Annamayya,Madanapalli APMC,Vegetables,Tomato,25-05-2025,1376,850,1000,1085
Andhra Pradesh,Annamayya,Madanapalli APMC,Vegetables,Tomato,26-05-2025,1718,750,905,970
Andhra Pradesh,Annamayya,Madanapalli APMC,Vegetables,Tomato,27-05-2025,1757,750,905,970
Andhra Pradesh,Annamayya,Madanapalli APMC,Vegetables,Tomato,28-05-2025,1826,700,790,830
Andhra Pradesh,Annamayya,Madanapalli APMC,Vegetables,Tomato,29-05-2025,1798,770,890,965
Andhra Pradesh,Annamayya,Madanapalli APMC,Vegetables,Tomato,30-05-2025,1780,770,935,1010
Andhra Pradesh,Annamayya,Madanapalli APMC,Vegetables,Tomato,31-05-2025,1750,750,900,965
Andhra Pradesh,Annamayya,Madanapalli APMC,Vegetables,Tomato,01-06-2025,1880,770,935,1010
Andhra Pradesh,Annamayya,Madanapalli APMC,Vegetables,Tomato,02-06-2025,1921,1100,1270,1395
Andhra Pradesh,Annamayya,Madanapalli APMC,Vegetables,Tomato,03-06-2025,1807,1450,1650,1800
Andhra Pradesh,Annamayya,Madanapalli APMC,Vegetables,Tomato,04-06-2025,1726,1450,1650,1800
Andhra Pradesh,Annamayya,Madanapalli APMC,Vegetables,Tomato,05-06-2025,1687,1350,1550,1730
Andhra Pradesh,Annamayya,Madanapalli APMC,Vegetables,Tomato,06-06-2025,1650,1100,1300,1395
Andhra Pradesh,Annamayya,Madanapalli APMC,Vegetables,Tomato,07-06-2025,890,1150,1450,1550
Andhra Pradesh,Annamayya,Madanapalli APMC,Vegetables,Tomato,09-06-2025,1004,1850,2200,2410
Andhra Pradesh,Annamayya,Madanapalli APMC,Vegetables,Tomato,10-06-2025,1213,1850,2200,2410
Andhra Pradesh,Annamayya,Madanapalli APMC,Vegetables,Tomato,11-06-2025,1680,1800,2150,2400
Andhra Pradesh,Annamayya,Madanapalli APMC,Vegetables,Tomato,12-06-2025,1652,1500,1850,1985
Andhra Pradesh,Annamayya,Madanapalli APMC,Vegetables,Tomato,13-06-2025,1570,1700,2050,2200
Andhra Pradesh,Annamayya,Madanapalli APMC,Vegetables,Tomato,14-06-2025,1621,1500,1850,1985
Andhra Pradesh,Annamayya,Madanapalli APMC,Vegetables,Tomato,15-06-2025,1803,1500,1850,1950
Andhra Pradesh,Annamayya,Madanapalli APMC,Vegetables,Tomato,16-06-2025,1780,1500,1850,1950
Andhra Pradesh,Annamayya,Madanapalli APMC,Vegetables,Tomato,17-06-2025,1230,1800,2150,2400
Andhra Pradesh,Annamayya,Madanapalli APMC,Vegetables,Tomato,18-06-2025,1564,1500,1850,1950
Andhra Pradesh,Annamayya,Madanapalli APMC,Vegetables,Tomato,19-06-2025,1896,1150,1450,1550
Andhra Pradesh,Annamayya,Madanapalli APMC,Vegetables,Tomato,20-06-2025,1528,1150,1450,1550
Andhra Pradesh,Annamayya,Madanapalli APMC,Vegetables,Tomato,21-06-2025,1485,1150,1450,1550
Andhra Pradesh,Annamayya,Madanapalli APMC,Vegetables,Tomato,22-06-2025,1516,1300,1550,1750
Andhra Pradesh,Annamayya,Madanapalli APMC,Vegetables,Tomato,23-06-2025,1570,1500,1850,1985
Andhra Pradesh,Annamayya,Madanapalli APMC,Vegetables,Tomato,24-06-2025,1382,1910,2360,2590
Andhra Pradesh,Annamayya,Madanapalli APMC,Vegetables,Tomato,25-06-2025,1457,1800,2150,2400
Andhra Pradesh,Annamayya,Madanapalli APMC,Vegetables,Tomato,26-06-2025,1406,1800,2150,2400
Andhra Pradesh,Annamayya,Madanapalli APMC,Vegetables,Tomato,27-06-2025,1438,1800,2150,2300
Andhra Pradesh,Annamayya,Madanapalli APMC,Vegetables,Tomato,28-06-2025,1482,1800,2150,2300
Andhra Pradesh,Annamayya,Madanapalli APMC,Vegetables,Tomato,29-06-2025,1360,2150,2450,2650
Andhra Pradesh,Annamayya,Madanapalli APMC,Vegetables,Tomato,30-06-2025,1399,2450,2850,3150
Andhra Pradesh,Annamayya,Madanapalli APMC,Vegetables,Tomato,01-07-2025,1153,3200,3700,4100
Andhra Pradesh,Annamayya,Madanapalli APMC,Vegetables,Tomato,02-07-2025,1007,2900,3550,3900
Andhra Pradesh,Annamayya,Madanapalli APMC,Vegetables,Tomato,03-07-2025,1088,2900,3550,3900
Andhra Pradesh,Annamayya,Madanapalli APMC,Vegetables,Tomato,04-07-2025,1392,2450,2850,3150
Andhra Pradesh,Annamayya,Madanapalli APMC,Vegetables,Tomato,05-07-2025,1224,2300,2700,3050
Andhra Pradesh,Annamayya,Madanapalli APMC,Vegetables,Tomato,06-07-2025,1192,2500,3000,3250
Andhra Pradesh,Annamayya,Madanapalli APMC,Vegetables,Tomato,07-07-2025,1110,2500,3000,3250
Andhra Pradesh,Annamayya,Madanapalli APMC,Vegetables,Tomato,08-07-2025,1055,2550,3100,3350
Andhra Pradesh,Annamayya,Madanapalli APMC,Vegetables,Tomato,09-07-2025,1098,2300,2700,3050
Andhra Pradesh,Annamayya,Madanapalli APMC,Vegetables,Tomato,10-07-2025,1040,2150,2600,2800
Andhra Pradesh,Annamayya,Madanapalli APMC,Vegetables,Tomato,11-07-2025,1016,2200,2600,2850
Andhra Pradesh,Annamayya,Madanapalli APMC,Vegetables,Tomato,12-07-2025,997,2200,2600,2850
Andhra Pradesh,Annamayya,Madanapalli APMC,Vegetables,Tomato,13-07-2025,964,2150,2600,2800
Andhra Pradesh,Annamayya,Madanapalli APMC,Vegetables,Tomato,14-07-2025,940,2200,2600,2850
Andhra Pradesh,Annamayya,Madanapalli APMC,Vegetables,Tomato,15-07-2025,980,2150,2600,2800
Andhra Pradesh,Annamayya,Madanapalli APMC,Vegetables,Tomato,16-07-2025,902,2300,2750,3050
Andhra Pradesh,Annamayya,Madanapalli APMC,Vegetables,Tomato,17-07-2025,870,2150,2600,2800
Andhra Pradesh,Annamayya,Madanapalli APMC,Vegetables,Tomato,18-07-2025,550,2300,2750,3050
Andhra Pradesh,Annamayya,Madanapalli APMC,Vegetables,Tomato,19-07-2025,500,2500,2950,3250
Andhra Pradesh,Annamayya,Madanapalli APMC,Vegetables,Tomato,20-07-2025,540,2600,3250,3500
Andhra Pradesh,Annamayya,Madanapalli APMC,Vegetables,Tomato,21-07-2025,400,3000,4150,4500
Andhra Pradesh,Annamayya,Madanapalli APMC,Vegetables,Tomato,22-07-2025,423,3650,4500,4800
Andhra Pradesh,Annamayya,Madanapalli APMC,Vegetables,Tomato,23-07-2025,465,2900,3900,4350
Andhra Pradesh,Annamayya,Madanapalli APMC,Vegetables,Tomato,24-07-2025,502,2750,3500,3850
Andhra Pradesh,Annamayya,Madanapalli APMC,Vegetables,Tomato,25-07-2025,395,2900,3600,4050
Andhra Pradesh,Annamayya,Madanapalli APMC,Vegetables,Tomato,26-07-2025,310,2900,3900,4350
Andhra Pradesh,Annamayya,Madanapalli APMC,Vegetables,Tomato,27-07-2025,350,2900,3900,4350
Andhra Pradesh,Annamayya,Madanapalli APMC,Vegetables,Tomato,28-07-2025,396,3700,4450,4850
Andhra Pradesh,Annamayya,Madanapalli APMC,Vegetables,Tomato,29-07-2025,298,3850,4650,5000
Andhra Pradesh,Annamayya,Madanapalli APMC,Vegetables,Tomato,30-07-2025,317,3700,4450,4850
Andhra Pradesh,Annamayya,Madanapalli APMC,Vegetables,Tomato,31-07-2025,290,2900,3600,4150
Andhra Pradesh,Annamayya,Madanapalli APMC,Vegetables,Tomato,01-08-2025,302,2900,3900,4350
Andhra Pradesh,Annamayya,Madanapalli APMC,Vegetables,Tomato,02-08-2025,260,2900,3600,4150
Andhra Pradesh,Annamayya,Madanapalli APMC,Vegetables,Tomato,03-08-2025,230,2900,3900,4350
Andhra Pradesh,Annamayya,Madanapalli APMC,Vegetables,Tomato,04-08-2025,219,2900,3900,4350
Andhra Pradesh,Annamayya,Madanapalli APMC,Vegetables,Tomato,05-08-2025,238,3650,4400,4800
Andhra Pradesh,Annamayya,Madanapalli APMC,Vegetables,Tomato,06-08-2025,202,3650,4450,4850
Andhra Pradesh,Annamayya,Madanapalli APMC,Vegetables,Tomato,07-08-2025,231,2900,3900,4350
Andhra Pradesh,Annamayya,Madanapalli APMC,Vegetables,Tomato,08-08-2025,120,2900,3600,4150
Andhra Pradesh,Annamayya,Madanapalli APMC,Vegetables,Tomato,09-08-2025,106,3650,4400,4800
Andhra Pradesh,Annamayya,Madanapalli APMC,Vegetables,Tomato,10-08-2025,101,3650,4400,4800
Andhra Pradesh,Annamayya,Madanapalli APMC,Vegetables,Tomato,11-08-2025,156,3500,4300,4700
Andhra Pradesh,Annamayya,Madanapalli APMC,Vegetables,Tomato,12-08-2025,170,3400,4200,4600
Andhra Pradesh,Annamayya,Madanapalli APMC,Vegetables,Tomato,13-08-2025,150,3500,4300,4700
Andhra Pradesh,Annamayya,Madanapalli APMC,Vegetables,Tomato,14-08-2025,143,3650,4400,4800
Andhra Pradesh,Annamayya,Madanapalli APMC,Vegetables,Tomato,15-08-2025,121,3400,4200,4600
Andhra Pradesh,Annamayya,Madanapalli APMC,Vegetables,Tomato,16-08-2025,106,3400,4200,4600
Andhra Pradesh,Annamayya,Madanapalli APMC,Vegetables,Tomato,17-08-2025,128,2900,3900,4350
Andhra Pradesh,Annamayya,Madanapalli APMC,Vegetables,Tomato,18-08-2025,103,3400,4250,4650
Andhra Pradesh,Annamayya,Madanapalli APMC,Vegetables,Tomato,19-08-2025,94,3650,4400,4800
Andhra Pradesh,Annamayya,Madanapalli APMC,Vegetables,Tomato,20-08-2025,132,3650,4400,4800
Andhra Pradesh,Annamayya,Madanapalli APMC,Vegetables,Tomato,21-08-2025,110,3400,4250,4650
Andhra Pradesh,Annamayya,Madanapalli APMC,Vegetables,Tomato,22-08-2025,103,2900,3900,4350
Andhra Pradesh,Annamayya,Madanapalli APMC,Vegetables,Tomato,23-08-2025,94,2800,3600,3950
Andhra Pradesh,Annamayya,Madanapalli APMC,Vegetables,Tomato,24-08-2025,85,2700,3400,3800
Andhra Pradesh,Annamayya,Madanapalli APMC,Vegetables,Tomato,25-08-2025,106,2700,3400,3800
Andhra Pradesh,Annamayya,Madanapalli APMC,Vegetables,Tomato,26-08-2025,88,2500,2950,3250
Andhra Pradesh,Annamayya,Madanapalli APMC,Vegetables,Tomato,27-08-2025,80,2500,3200,3500
Andhra Pradesh,Annamayya,Madanapalli APMC,Vegetables,Tomato,28-08-2025,73,2500,2950,3250
Andhra Pradesh,Annamayya,Madanapalli APMC,Vegetables,Tomato,29-08-2025,98,1800,2150,2400
Andhra Pradesh,Annamayya,Madanapalli APMC,Vegetables,Tomato,30-08-2025,113,1700,2050,2200
Andhra Pradesh,Annamayya,Madanapalli APMC,Vegetables,Tomato,31-08-2025,108,1800,2150,2400
Andhra Pradesh,Annamayya,Madanapalli APMC,Vegetables,Tomato,01-09-2025,102,1910,2360,2590
Andhra Pradesh,Annamayya,Madanapalli APMC,Vegetables,Tomato,02-09-2025,115,1800,2150,2400
Andhra Pradesh,Annamayya,Madanapalli APMC,Vegetables,Tomato,03-09-2025,128,1700,2050,2200
Andhra Pradesh,Annamayya,Madanapalli APMC,Vegetables,Tomato,04-09-2025,134,1500,1850,1950
Andhra Pradesh,Annamayya,Madanapalli APMC,Vegetables,Tomato,05-09-2025,140,1100,1250,1350
Andhra Pradesh,Annamayya,Madanapalli APMC,Vegetables,Tomato,06-09-2025,136,1150,1450,1550
Andhra Pradesh,Annamayya,Madanapalli APMC,Vegetables,Tomato,07-09-2025,130,1500,1850,1985
Andhra Pradesh,Annamayya,Madanapalli APMC,Vegetables,Tomato,08-09-2025,119,1700,2050,2200
Andhra Pradesh,Annamayya,Madanapalli APMC,Vegetables,Tomato,09-09-2025,128,1300,1550,1750
Andhra Pradesh,Annamayya,Madanapalli APMC,Vegetables,Tomato,10-09-2025,133,1300,1550,1750
Andhra Pradesh,Annamayya,Madanapalli APMC,Vegetables,Tomato,11-09-2025,125,1300,1550,1750
Andhra Pradesh,Annamayya,Madanapalli APMC,Vegetables,Tomato,12-09-2025,116,1350,1650,1850
Andhra Pradesh,Annamayya,Madanapalli APMC,Vegetables,Tomato,14-09-2025,134,1300,1550,1700
Andhra Pradesh,Annamayya,Madanapalli APMC,Vegetables,Tomato,15-09-2025,121,1300,1550,1700
Andhra Pradesh,Annamayya,Madanapalli APMC,Vegetables,Tomato,16-09-2025,104,1350,1600,1750
Andhra Pradesh,Annamayya,Madanapalli APMC,Vegetables,Tomato,17-09-2025,96,1700,2050,2200
Andhra Pradesh,Annamayya,Madanapalli APMC,Vegetables,Tomato,18-09-2025,112,1900,2350,2590
Andhra Pradesh,Annamayya,Madanapalli APMC,Vegetables,Tomato,19-09-2025,154,1700,2050,2200
Andhra Pradesh,Annamayya,Madanapalli APMC,Vegetables,Tomato,20-09-2025,150,1900,2350,2550
Andhra Pradesh,Annamayya,Madanapalli APMC,Vegetables,Tomato,21-09-2025,141,2200,2600,2850
Andhra Pradesh,Annamayya,Madanapalli APMC,Vegetables,Tomato,22-09-2025,154,2500,2950,3250
Andhra Pradesh,Annamayya,Madanapalli APMC,Vegetables,Tomato,23-09-2025,179,1900,2350,2550
Andhra Pradesh,Annamayya,Madanapalli APMC,Vegetables,Tomato,24-09-2025,196,1500,1850,1950
Andhra Pradesh,Annamayya,Madanapalli APMC,Vegetables,Tomato,25-09-2025,190,1400,1750,1850
Andhra Pradesh,Annamayya,Madanapalli APMC,Vegetables,Tomato,27-09-2025,202,1300,1650,1750
Andhra Pradesh,Annamayya,Madanapalli APMC,Vegetables,Tomato,28-09-2025,236,1250,1500,1600
Andhra Pradesh,Annamayya,Madanapalli APMC,Vegetables,Tomato,29-09-2025,259,1100,1300,1400
Andhra Pradesh,Annamayya,Madanapalli APMC,Vegetables,Tomato,30-09-2025,265,1200,1400,1500
Andhra Pradesh,Annamayya,Madanapalli APMC,Vegetables,Tomato,01-10-2025,173,1100,1300,1400
Andhra Pradesh,Annamayya,Madanapalli APMC,Vegetables,Tomato,02-10-2025,110,1700,2050,2200
Andhra Pradesh,Annamayya,Madanapalli APMC,Vegetables,Tomato,03-10-2025,116,1400,1750,1850
Andhra Pradesh,Annamayya,Madanapalli APMC,Vegetables,Tomato,04-10-2025,94,1600,1900,2100
Andhra Pradesh,Annamayya,Madanapalli APMC,Vegetables,Tomato,05-10-2025,110,1500,1800,1950
Andhra Pradesh,Annamayya,Madanapalli APMC,Vegetables,Tomato,07-10-2025,150,1600,1900,2050
Andhra Pradesh,Annamayya,Madanapalli APMC,Vegetables,Tomato,08-10-2025,183,1600,1900,2050
Andhra Pradesh,Annamayya,Madanapalli APMC,Vegetables,Tomato,09-10-2025,170,1600,1900,2050
Andhra Pradesh,Annamayya,Madanapalli APMC,Vegetables,Tomato,10-10-2025,162,1700,2000,2150
Andhra Pradesh,Annamayya,Madanapalli APMC,Vegetables,Tomato,11-10-2025,134,1600,1900,2050
Andhra Pradesh,Annamayya,Madanapalli APMC,Vegetables,Tomato,12-10-2025,128,1600,1900,2050
Andhra Pradesh,Annamayya,Madanapalli APMC,Vegetables,Tomato,13-10-2025,144,1600,1900,2050
Andhra Pradesh,Annamayya,Madanapalli APMC,Vegetables,Tomato,14-10-2025,137,1700,2000,2150
Andhra Pradesh,Annamayya,Madanapalli APMC,Vegetables,Tomato,15-10-2025,156,1600,1900,2050
Andhra Pradesh,Annamayya,Madanapalli APMC,Vegetables,Tomato,16-10-2025,140,1600,1900,2050
Andhra Pradesh,Annamayya,Madanapalli APMC,Vegetables,Tomato,17-10-2025,148,1850,2200,2400
Andhra Pradesh,Annamayya,Madanapalli APMC,Vegetables,Tomato,18-10-2025,142,1850,2200,2400
Andhra Pradesh,Annamayya,Madanapalli APMC,Vegetables,Tomato,19-10-2025,135,1600,1900,2050
Andhra Pradesh,Annamayya,Madanapalli APMC,Vegetables,Tomato,20-10-2025,83,1500,1850,1950
Andhra Pradesh,Annamayya,Madanapalli APMC,Vegetables,Tomato,21-10-2025,79,1900,2350,2600
Andhra Pradesh,Annamayya,Madanapalli APMC,Vegetables,Tomato,22-10-2025,94,1900,2350,2600
Andhra Pradesh,Annamayya,Madanapalli APMC,Vegetables,Tomato,23-10-2025,180,2300,2900,3100
Andhra Pradesh,Annamayya,Madanapalli APMC,Vegetables,Tomato,24-10-2025,250,1850,2250,2450
Andhra Pradesh,Annamayya,Madanapalli APMC,Vegetables,Tomato,25-10-2025,202,2100,2600,2800
Andhra Pradesh,Annamayya,Madanapalli APMC,Vegetables,Tomato,26-10-2025,184,2900,3800,4350
Andhra Pradesh,Annamayya,Madanapalli APMC,Vegetables,Tomato,27-10-2025,258,2250,2800,3050
Andhra Pradesh,Annamayya,Madanapalli APMC,Vegetables,Tomato,28-10-2025,284,2100,2550,2750
Andhra Pradesh,Annamayya,Madanapalli APMC,Vegetables,Tomato,29-10-2025,205,1900,2350,2600
Andhra Pradesh,Annamayya,Madanapalli APMC,Vegetables,Tomato,30-10-2025,290,1600,1900,2050
Andhra Pradesh,Annamayya,Madanapalli APMC,Vegetables,Tomato,31-10-2025,298,1600,1900,2050
Andhra Pradesh,Annamayya,Madanapalli APMC,Vegetables,Tomato,01-11-2025,140,1700,2050,2200
Andhra Pradesh,Annamayya,Madanapalli APMC,Vegetables,Tomato,02-11-2025,130,1850,2250,2450
Andhra Pradesh,Annamayya,Madanapalli APMC,Vegetables,Tomato,03-11-2025,138,1850,2250,2450
Andhra Pradesh,Annamayya,Madanapalli APMC,Vegetables,Tomato,04-11-2025,145,1950,2350,2550
Andhra Pradesh,Annamayya,Madanapalli APMC,Vegetables,Tomato,05-11-2025,156,1850,2250,2450
Andhra Pradesh,Annamayya,Madanapalli APMC,Vegetables,Tomato,06-11-2025,165,1750,2200,2350
Andhra Pradesh,Annamayya,Madanapalli APMC,Vegetables,Tomato,08-11-2025,140,2200,2600,2800
Andhra Pradesh,Annamayya,Madanapalli APMC,Vegetables,Tomato,09-11-2025,162,1400,2100,2700
Andhra Pradesh,Annamayya,Madanapalli APMC,Vegetables,Tomato,10-11-2025,108,1600,2300,2900
Andhra Pradesh,Annamayya,Madanapalli APMC,Vegetables,Tomato,11-11-2025,92,2000,3000,3700
Andhra Pradesh,Annamayya,Madanapalli APMC,Vegetables,Tomato,12-11-2025,90,2500,3500,4100
Andhra Pradesh,Annamayya,Madanapalli APMC,Vegetables,Tomato,13-11-2025,96,2500,3500,4100
Andhra Pradesh,Annamayya,Madanapalli APMC,Vegetables,Tomato,14-11-2025,153,2500,3500,4100
Andhra Pradesh,Annamayya,Madanapalli APMC,Vegetables,Tomato,15-11-2025,108,2500,3900,4800
Andhra Pradesh,Annamayya,Madanapalli APMC,Vegetables,Tomato,16-11-2025,121,2500,3800,4600
Andhra Pradesh,Annamayya,Madanapalli APMC,Vegetables,Tomato,17-11-2025,113,2500,3800,4600
Andhra Pradesh,Annamayya,Madanapalli APMC,Vegetables,Tomato,18-11-2025,128,2800,4000,5000
Andhra Pradesh,Annamayya,Madanapalli APMC,Vegetables,Tomato,19-11-2025,140,4300,5200,5500
Andhra Pradesh,Annamayya,Madanapalli APMC,Vegetables,Tomato,20-11-2025,135,5000,5800,6100
Andhra Pradesh,Annamayya,Madanapalli APMC,Vegetables,Tomato,21-11-2025,148,5000,5800,6100
Andhra Pradesh,Annamayya,Madanapalli APMC,Vegetables,Tomato,22-11-2025,130,5200,6000,6300
Andhra Pradesh,Annamayya,Madanapalli APMC,Vegetables,Tomato,23-11-2025,140,5200,6000,6300
Andhra Pradesh,Annamayya,Madanapalli APMC,Vegetables,Tomato,24-11-2025,149,5200,6100,6400
Andhra Pradesh,Annamayya,Madanapalli APMC,Vegetables,Tomato,27-11-2025,144,4000,4900,5300
Andhra Pradesh,Annamayya,Madanapalli APMC,Vegetables,Tomato,28-11-2025,180,4000,4500,4800
Andhra Pradesh,Annamayya,Madanapalli APMC,Vegetables,Tomato,29-11-2025,192,2800,3200,3500
Andhra Pradesh,Annamayya,Madanapalli APMC,Vegetables,Tomato,30-11-2025,199,2900,3300,3600
Andhra Pradesh,Annamayya,Madanapalli APMC,Vegetables,Tomato,01-12-2025,82,4000,4400,4600
Andhra Pradesh,Annamayya,Madanapalli APMC,Vegetables,Tomato,02-12-2025,70,4000,4500,4700
Andhra Pradesh,Annamayya,Madanapalli APMC,Vegetables,Tomato,03-12-2025,90,4000,4300,4500
Andhra Pradesh,Annamayya,Madanapalli APMC,Vegetables,Tomato,04-12-2025,96,4000,4300,4500
Andhra Pradesh,Annamayya,Madanapalli APMC,Vegetables,Tomato,05-12-2025,102,3200,3700,4000
Andhra Pradesh,Annamayya,Madanapalli APMC,Vegetables,Tomato,06-12-2025,65,3400,4000,4200
Andhra Pradesh,Annamayya,Madanapalli APMC,Vegetables,Tomato,07-12-2025,133,3000,3500,3800
Andhra Pradesh,Annamayya,Madanapalli APMC,Vegetables,Tomato,08-12-2025,118,3000,3500,3800
Andhra Pradesh,Annamayya,Madanapalli APMC,Vegetables,Tomato,09-12-2025,126,2500,3000,3200
Andhra Pradesh,Annamayya,Madanapalli APMC,Vegetables,Tomato,10-12-2025,103,2500,3000,3200
Andhra Pradesh,Annamayya,Madanapalli APMC,Vegetables,Tomato,11-12-2025,126,2800,3200,3500
Andhra Pradesh,Annamayya,Madanapalli APMC,Vegetables,Tomato,12-12-2025,110,2900,3300,3600
Andhra Pradesh,Annamayya,Madanapalli APMC,Vegetables,Tomato,13-12-2025,98,3400,4000,4200
Andhra Pradesh,Annamayya,Madanapalli APMC,Vegetables,Tomato,14-12-2025,123,3800,4200,4400
Andhra Pradesh,Annamayya,Madanapalli APMC,Vegetables,Tomato,15-12-2025,134,4000,4500,4800
Andhra Pradesh,Annamayya,Madanapalli APMC,Vegetables,Tomato,16-12-2025,140,4000,4300,4500
Andhra Pradesh,Annamayya,Madanapalli APMC,Vegetables,Tomato,17-12-2025,121,4000,4300,4500
Andhra Pradesh,Annamayya,Madanapalli APMC,Vegetables,Tomato,18-12-2025,115,4000,4400,4600
Andhra Pradesh,Annamayya,Madanapalli APMC,Vegetables,Tomato,19-12-2025,102,4200,4700,5000
Andhra Pradesh,Annamayya,Madanapalli APMC,Vegetables,Tomato,20-12-2025,114,4200,4700,5000
Andhra Pradesh,Annamayya,Madanapalli APMC,Vegetables,Tomato,21-12-2025,97,4400,4900,5200
Andhra Pradesh,Annamayya,Madanapalli APMC,Vegetables,Tomato,22-12-2025,118,4700,5200,5500
Andhra Pradesh,Annamayya,Madanapalli APMC,Vegetables,Tomato,23-12-2025,127,4700,5200,5500
Andhra Pradesh,Annamayya,Madanapalli APMC,Vegetables,Tomato,24-12-2025,94,4700,5300,5600
Andhra Pradesh,Annamayya,Madanapalli APMC,Vegetables,Tomato,25-12-2025,90,4700,5300,5600
Andhra Pradesh,Annamayya,Madanapalli APMC,Vegetables,Tomato,26-12-2025,85,5000,5600,6000
Andhra Pradesh,Annamayya,Madanapalli APMC,Vegetables,Tomato,27-12-2025,80,5000,5600,6000
Andhra Pradesh,Annamayya,Madanapalli APMC,Vegetables,Tomato,28-12-2025,105,4600,5200,5800
Andhra Pradesh,Annamayya,Madanapalli APMC,Vegetables,Tomato,29-12-2025,96,4700,5300,5600
Andhra Pradesh,Annamayya,Madanapalli APMC,Vegetables,Tomato,31-12-2025,105,4200,4700,5000
Andhra Pradesh,Annamayya,Madanapalli APMC,Vegetables,Tomato,01-01-2026,75,4200,4700,5000
Andhra Pradesh,Annamayya,Madanapalli APMC,Vegetables,Tomato,02-01-2026,70,4100,4600,4900
Andhra Pradesh,Annamayya,Madanapalli APMC,Vegetables,Tomato,03-01-2026,65,4000,4500,4700
Andhra Pradesh,Annamayya,Madanapalli APMC,Vegetables,Tomato,04-01-2026,72,3400,4000,4200
Andhra Pradesh,Annamayya,Madanapalli APMC,Vegetables,Tomato,05-01-2026,80,3400,4100,4300
Andhra Pradesh,Annamayya,Madanapalli APMC,Vegetables,Tomato,06-01-2026,76,3000,3500,3700
Andhra Pradesh,Annamayya,Madanapalli APMC,Vegetables,Tomato,07-01-2026,88,2500,3000,3200
Andhra Pradesh,Annamayya,Madanapalli APMC,Vegetables,Tomato,08-01-2026,61,2100,2500,2700
Andhra Pradesh,Annamayya,Madanapalli APMC,Vegetables,Tomato,09-01-2026,90,2100,2500,2700
Andhra Pradesh,Annamayya,Madanapalli APMC,Vegetables,Tomato,10-01-2026,45,2300,2700,3000
Andhra Pradesh,Annamayya,Madanapalli APMC,Vegetables,Tomato,11-01-2026,98,2300,2700,3000
Andhra Pradesh,Annamayya,Madanapalli APMC,Vegetables,Tomato,12-01-2026,103,2000,2300,2500
Andhra Pradesh,Annamayya,Madanapalli APMC,Vegetables,Tomato,13-01-2026,90,2000,2300,2500
Andhra Pradesh,Annamayya,Madanapalli APMC,Vegetables,Tomato,14-01-2026,65,1900,2200,2300
Andhra Pradesh,Annamayya,Madanapalli APMC,Vegetables,Tomato,16-01-2026,18,2100,2500,2700
Andhra Pradesh,Annamayya,Madanapalli APMC,Vegetables,Tomato,17-01-2026,72,1900,2200,2300
Andhra Pradesh,Annamayya,Madanapalli APMC,Vegetables,Tomato,18-01-2026,90,1500,1700,1800
Andhra Pradesh,Annamayya,Madanapalli APMC,Vegetables,Tomato,19-01-2026,74,1800,2100,2200
Andhra Pradesh,Annamayya,Madanapalli APMC,Vegetables,Tomato,20-01-2026,80,1800,2100,2200
Andhra Pradesh,Annamayya,Madanapalli APMC,Vegetables,Tomato,21-01-2026,84,1900,2200,2400
Andhra Pradesh,Annamayya,Madanapalli APMC,Vegetables,Tomato,22-01-2026,75,1800,2100,2200
Andhra Pradesh,Annamayya,Madanapalli APMC,Vegetables,Tomato,23-01-2026,68,2000,2300,2500
Andhra Pradesh,Annamayya,Madanapalli APMC,Vegetables,Tomato,24-01-2026,63,2000,2300,2500
Andhra Pradesh,Annamayya,Madanapalli APMC,Vegetables,Tomato,25-01-2026,68,1900,2200,2300
Andhra Pradesh,Annamayya,Madanapalli APMC,Vegetables,Tomato,26-01-2026,63,1700,2000,2100
Andhra Pradesh,Annamayya,Madanapalli APMC,Vegetables,Tomato,27-01-2026,60,1700,2000,2100
Andhra Pradesh,Annamayya,Madanapalli APMC,Vegetables,Tomato,28-01-2026,57,1300,1400,1500
Andhra Pradesh,Annamayya,Madanapalli APMC,Vegetables,Tomato,29-01-2026,74,1300,1400,1500
Andhra Pradesh,Annamayya,Madanapalli APMC,Vegetables,Tomato,30-01-2026,60,1200,1300,1400
Andhra Pradesh,Annamayya,Madanapalli APMC,Vegetables,Tomato,31-01-2026,45,1200,1300,1400
Andhra Pradesh,Annamayya,Madanapalli APMC,Vegetables,Tomato,01-02-2026,40,1300,1400,1600
Andhra Pradesh,Annamayya,Madanapalli APMC,Vegetables,Tomato,03-02-2026,41,1300,1400,1500
Andhra Pradesh,Annamayya,Madanapalli APMC,Vegetables,Tomato,04-02-2026,37,1300,1400,1500
Andhra Pradesh,Annamayya,Madanapalli APMC,Vegetables,Tomato,05-02-2026,40,1400,1500,1600
Andhra Pradesh,Annamayya,Madanapalli APMC,Vegetables,Tomato,06-02-2026,45,1300,1400,1500
Andhra Pradesh,Annamayya,Madanapalli APMC,Vegetables,Tomato,07-02-2026,38,1300,1500,1600
Andhra Pradesh,Annamayya,Madanapalli APMC,Vegetables,Tomato,08-02-2026,47,1300,1500,1600
Andhra Pradesh,Annamayya,Madanapalli APMC,Vegetables,Tomato,09-02-2026,40,1500,1700,1800
Andhra Pradesh,Annamayya,Madanapalli APMC,Vegetables,Tomato,10-02-2026,38,1700,1900,2000
Andhra Pradesh,Annamayya,Madanapalli APMC,Vegetables,Tomato,11-02-2026,35,1300,1500,1600
Andhra Pradesh,Annamayya,Madanapalli APMC,Vegetables,Tomato,12-02-2026,43,1200,1300,1400
Andhra Pradesh,Annamayya,Madanapalli APMC,Vegetables,Tomato,13-02-2026,46,1300,1400,1500
Andhra Pradesh,Annamayya,Madanapalli APMC,Vegetables,Tomato,14-02-2026,40,1300,1400,1500
Andhra Pradesh,Annamayya,Madanapalli APMC,Vegetables,Tomato,15-02-2026,35,1600,1800,1900
Andhra Pradesh,Annamayya,Madanapalli APMC,Vegetables,Tomato,16-02-2026,50,1500,1700,1800
Andhra Pradesh,Annamayya,Madanapalli APMC,Vegetables,Tomato,17-02-2026,46,1600,1800,1900
Andhra Pradesh,Annamayya,Madanapalli APMC,Vegetables,Tomato,18-02-2026,52,1400,1600,1700
Andhra Pradesh,Annamayya,Madanapalli APMC,Vegetables,Tomato,19-02-2026,60,1400,1600,1700
Andhra Pradesh,Annamayya,Madanapalli APMC,Vegetables,Tomato,20-02-2026,57,1300,1500,1600
Andhra Pradesh,Annamayya,Madanapalli APMC,Vegetables,Tomato,21-02-2026,62,1200,1300,1400
Andhra Pradesh,Annamayya,Madanapalli APMC,Vegetables,Tomato,22-02-2026,65,1300,1400,1500
Andhra Pradesh,Annamayya,Madanapalli APMC,Vegetables,Tomato,23-02-2026,60,1200,1300,1400
Andhra Pradesh,Annamayya,Madanapalli APMC,Vegetables,Tomato,24-02-2026,66,1200,1300,1400
Andhra Pradesh,Annamayya,Madanapalli APMC,Vegetables,Tomato,25-02-2026,75,1100,1200,1250
Andhra Pradesh,Annamayya,Madanapalli APMC,Vegetables,Tomato,26-02-2026,78,1100,1200,1250
Andhra Pradesh,Annamayya,Madanapalli APMC,Vegetables,Tomato,27-02-2026,74,1100,1200,1300
Andhra Pradesh,Annamayya,Madanapalli APMC,Vegetables,Tomato,01-03-2026,53,1100,1200,1250
Andhra Pradesh,Annamayya,Madanapalli APMC,Vegetables,Tomato,02-03-2026,65,1100,1200,1250
Andhra Pradesh,Annamayya,Madanapalli APMC,Vegetables,Tomato,03-03-2026,56,1000,1100,1150
Andhra Pradesh,Annamayya,Madanapalli APMC,Vegetables,Tomato,04-03-2026,60,1000,1050,1100
Andhra Pradesh,Annamayya,Madanapalli APMC,Vegetables,Tomato,05-03-2026,72,1000,1050,1100
Andhra Pradesh,Annamayya,Madanapalli APMC,Vegetables,Tomato,06-03-2026,70,1000,1050,1100
Andhra Pradesh,Annamayya,Madanapalli APMC,Vegetables,Tomato,07-03-2026,76,1100,1200,1300
Andhra Pradesh,Annamayya,Madanapalli APMC,Vegetables,Tomato,08-03-2026,84,1000,1050,1100
Andhra Pradesh,Annamayya,Madanapalli APMC,Vegetables,Tomato,09-03-2026,72,1100,1200,1300
Andhra Pradesh,Annamayya,Madanapalli APMC,Vegetables,Tomato,10-03-2026,68,1100,1200,1300
Andhra Pradesh,Annamayya,Madanapalli APMC,Vegetables,Tomato,11-03-2026,83,1100,1200,1250
Andhra Pradesh,Annamayya,Madanapalli APMC,Vegetables,Tomato,13-03-2026,91,1000,1050,1100
Andhra Pradesh,Annamayya,Madanapalli APMC,Vegetables,Tomato,14-03-2026,87,1100,1200,1250
Andhra Pradesh,Annamayya,Madanapalli APMC,Vegetables,Tomato,15-03-2026,92,1150,1300,1350
Andhra Pradesh,Annamayya,Madanapalli APMC,Vegetables,Tomato,16-03-2026,85,1200,1350,1400
Andhra Pradesh,Annamayya,Madanapalli APMC,Vegetables,Tomato,17-03-2026,96,1150,1300,1350
Andhra Pradesh,Annamayya,Madanapalli APMC,Vegetables,Tomato,18-03-2026,135,1100,1200,1250
Andhra Pradesh,Annamayya,Madanapalli APMC,Vegetables,Tomato,19-03-2026,93,1100,1200,1250
Andhra Pradesh,Annamayya,Madanapalli APMC,Vegetables,Tomato,20-03-2026,88,1400,1600,1700
Andhra Pradesh,Annamayya,Madanapalli APMC,Vegetables,Tomato,21-03-2026,98,1200,1300,1400
Andhra Pradesh,Annamayya,Madanapalli APMC,Vegetables,Tomato,22-03-2026,126,1000,1050,1100
Andhra Pradesh,Annamayya,Madanapalli APMC,Vegetables,Tomato,23-03-2026,138,1000,1050,1100
Andhra Pradesh,Annamayya,Madanapalli APMC,Vegetables,Tomato,24-03-2026,119,1000,1050,1100
Andhra Pradesh,Annamayya,Madanapalli APMC,Vegetables,Tomato,25-03-2026,124,1000,1050,1100
Andhra Pradesh,Annamayya,Madanapalli APMC,Vegetables,Tomato,26-03-2026,120,1000,1050,1100
Andhra Pradesh,Annamayya,Madanapalli APMC,Vegetables,Tomato,27-03-2026,113,1000,1100,1150
Andhra Pradesh,Annamayya,Madanapalli APMC,Vegetables,Tomato,28-03-2026,128,1100,1200,1300
Andhra Pradesh,Annamayya,Madanapalli APMC,Vegetables,Tomato,29-03-2026,145,1100,1200,1300
Andhra Pradesh,Annamayya,Madanapalli APMC,Vegetables,Tomato,30-03-2026,139,1100,1200,1300
Andhra Pradesh,Annamayya,Madanapalli APMC,Vegetables,Tomato,31-03-2026,131,1100,1200,1250
Andhra Pradesh,Annamayya,Madanapalli APMC,Vegetables,Tomato,01-04-2026,140,1100,1200,1250
Andhra Pradesh,Annamayya,Madanapalli APMC,Vegetables,Tomato,02-04-2026,133,1100,1200,1300
Andhra Pradesh,Annamayya,Madanapalli APMC,Vegetables,Tomato,03-04-2026,144,1100,1200,1300
Andhra Pradesh,Annamayya,Madanapalli APMC,Vegetables,Tomato,04-04-2026,150,1100,1200,1250
Andhra Pradesh,Annamayya,Madanapalli APMC,Vegetables,Tomato,05-04-2026,145,1150,1300,1350
Andhra Pradesh,Annamayya,Madanapalli APMC,Vegetables,Tomato,06-04-2026,160,1100,1200,1250
Andhra Pradesh,Annamayya,Madanapalli APMC,Vegetables,Tomato,07-04-2026,154,1150,1300,1350
Andhra Pradesh,Annamayya,Madanapalli APMC,Vegetables,Tomato,08-04-2026,157,1150,1300,1400
Andhra Pradesh,Annamayya,Madanapalli APMC,Vegetables,Tomato,09-04-2026,146,1200,1400,1500
Andhra Pradesh,Annamayya,Madanapalli APMC,Vegetables,Tomato,10-04-2026,168,1300,1500,1600
Andhra Pradesh,Annamayya,Madanapalli APMC,Vegetables,Tomato,11-04-2026,160,1300,1550,1700
Andhra Pradesh,Annamayya,Madanapalli APMC,Vegetables,Tomato,12-04-2026,170,1800,2100,2300
Andhra Pradesh,Annamayya,Madanapalli APMC,Vegetables,Tomato,13-04-2026,182,2000,2300,2400
Andhra Pradesh,Annamayya,Madanapalli APMC,Vegetables,Tomato,14-04-2026,174,2200,2600,2800
Andhra Pradesh,Annamayya,Madanapalli APMC,Vegetables,Tomato,15-04-2026,189,1700,1900,2000
Andhra Pradesh,Annamayya,Madanapalli APMC,Vegetables,Tomato,16-04-2026,194,1300,1500,1600
Andhra Pradesh,Annamayya,Madanapalli APMC,Vegetables,Tomato,17-04-2026,198,1700,1900,2000
Andhra Pradesh,Annamayya,Madanapalli APMC,Vegetables,Tomato,18-04-2026,165,2000,2300,2400
Andhra Pradesh,Annamayya,Madanapalli APMC,Vegetables,Tomato,19-04-2026,192,2000,2400,2500
Andhra Pradesh,Annamayya,Madanapalli APMC,Vegetables,Tomato,20-04-2026,205,2000,2400,2500
Andhra Pradesh,Annamayya,Madanapalli APMC,Vegetables,Tomato,21-04-2026,248,2200,2700,2800
Andhra Pradesh,Annamayya,Madanapalli APMC,Vegetables,Tomato,22-04-2026,253,2100,2600,2700
Andhra Pradesh,Annamayya,Madanapalli APMC,Vegetables,Tomato,23-04-2026,230,3000,3500,3800
Andhra Pradesh,Annamayya,Madanapalli APMC,Vegetables,Tomato,24-04-2026,268,2800,3100,3300
Andhra Pradesh,Annamayya,Madanapalli APMC,Vegetables,Tomato,25-04-2026,260,2800,3100,3300
Andhra Pradesh,Annamayya,Madanapalli APMC,Vegetables,Tomato,26-04-2026,276,3000,3400,3600
Andhra Pradesh,Annamayya,Madanapalli APMC,Vegetables,Tomato,27-04-2026,250,3000,3500,3700
Andhra Pradesh,Annamayya,Madanapalli APMC,Vegetables,Tomato,28-04-2026,293,2700,3000,3200
Andhra Pradesh,Annamayya,Madanapalli APMC,Vegetables,Tomato,29-04-2026,305,2500,2800,3000
Andhra Pradesh,Annamayya,Madanapalli APMC,Vegetables,Tomato,30-04-2026,295,2300,2600,2700
Andhra Pradesh,Annamayya,Madanapalli APMC,Vegetables,Tomato,01-05-2026,302,2300,2600,2700
Andhra Pradesh,Annamayya,Madanapalli APMC,Vegetables,Tomato,02-05-2026,280,2500,2800,3000
Andhra Pradesh,Annamayya,Madanapalli APMC,Vegetables,Tomato,03-05-2026,314,2500,2800,3000
Andhra Pradesh,Annamayya,Madanapalli APMC,Vegetables,Tomato,04-05-2026,290,2100,2600,2700
Andhra Pradesh,Annamayya,Madanapalli APMC,Vegetables,Tomato,05-05-2026,298,2100,2600,2700
Andhra Pradesh,Annamayya,Madanapalli APMC,Vegetables,Tomato,06-05-2026,317,2100,2400,2600
Andhra Pradesh,Annamayya,Madanapalli APMC,Vegetables,Tomato,07-05-2026,303,2100,2600,2700
Andhra Pradesh,Annamayya,Madanapalli APMC,Vegetables,Tomato,08-05-2026,302,2100,2400,2600
Andhra Pradesh,Annamayya,Madanapalli APMC,Vegetables,Tomato,09-05-2026,335,2000,2300,2400
Andhra Pradesh,Annamayya,Madanapalli APMC,Vegetables,Tomato,10-05-2026,391,1900,2200,2300
Andhra Pradesh,Annamayya,Madanapalli APMC,Vegetables,Tomato,11-05-2026,385,2000,2300,2400
Andhra Pradesh,Annamayya,Madanapalli APMC,Vegetables,Tomato,12-05-2026,402,2100,2400,2600
Andhra Pradesh,Annamayya,Madanapalli APMC,Vegetables,Tomato,13-05-2026,398,2400,2700,2800
Andhra Pradesh,Annamayya,Madanapalli APMC,Vegetables,Tomato,14-05-2026,437,2400,2700,2900
Andhra Pradesh,Annamayya,Madanapalli APMC,Vegetables,Tomato,15-05-2026,464,2500,2800,3000
Andhra Pradesh,Annamayya,Madanapalli APMC,Vegetables,Tomato,16-05-2026,410,2900,3300,3500
Andhra Pradesh,Annamayya,Madanapalli APMC,Vegetables,Tomato,17-05-2026,470,2800,3100,3300
Andhra Pradesh,Annamayya,Madanapalli APMC,Vegetables,Tomato,18-05-2026,502,2900,3200,3400
Andhra Pradesh,Annamayya,Madanapalli APMC,Vegetables,Tomato,19-05-2026,598,2700,3000,3200
Andhra Pradesh,Annamayya,Madanapalli APMC,Vegetables,Tomato,20-05-2026,580,2900,3200,3400
Andhra Pradesh,Annamayya,Madanapalli APMC,Vegetables,Tomato,21-05-2026,587,2600,2900,3100
Andhra Pradesh,Annamayya,Madanapalli APMC,Vegetables,Tomato,22-05-2026,650,2400,2700,2800
Andhra Pradesh,Annamayya,Madanapalli APMC,Vegetables,Tomato,23-05-2026,671,2400,2700,2900
Andhra Pradesh,Annamayya,Madanapalli APMC,Vegetables,Tomato,24-05-2026,698,2500,2800,3000
Andhra Pradesh,Annamayya,Madanapalli APMC,Vegetables,Tomato,25-05-2026,873,2500,2800,3000
Andhra Pradesh,Annamayya,Madanapalli APMC,Vegetables,Tomato,26-05-2026,895,2400,2700,3000
Andhra Pradesh,Annamayya,Madanapalli APMC,Vegetables,Tomato,27-05-2026,1080,2100,2400,2600
Andhra Pradesh,Annamayya,Madanapalli APMC,Vegetables,Tomato,28-05-2026,890,2100,2400,2600
Andhra Pradesh,Annamayya,Madanapalli APMC,Vegetables,Tomato,29-05-2026,720,2400,2700,3000
Andhra Pradesh,Annamayya,Madanapalli APMC,Vegetables,Tomato,30-05-2026,860,2400,2700,3000
Andhra Pradesh,Annamayya,Madanapalli APMC,Vegetables,Tomato,31-05-2026,1156,2400,2800,3100
Andhra Pradesh,Annamayya,Madanapalli APMC,Vegetables,Tomato,01-06-2026,940,2800,3100,3300
Andhra Pradesh,Annamayya,Madanapalli APMC,Vegetables,Tomato,02-06-2026,902,2800,3100,3300
Andhra Pradesh,Annamayya,Madanapalli APMC,Vegetables,Tomato,03-06-2026,857,2800,3200,3400
Andhra Pradesh,Annamayya,Madanapalli APMC,Vegetables,Tomato,04-06-2026,894,2800,3200,3400
Andhra Pradesh,Annamayya,Madanapalli APMC,Vegetables,Tomato,05-06-2026,997,2800,3200,3400
Andhra Pradesh,Annamayya,Madanapalli APMC,Vegetables,Tomato,06-06-2026,783,3000,3500,3700
Andhra Pradesh,Annamayya,Madanapalli APMC,Vegetables,Tomato,07-06-2026,991,3400,3900,4100
Andhra Pradesh,Annamayya,Madanapalli APMC,Vegetables,Tomato,08-06-2026,1003,3500,3900,4200
Andhra Pradesh,Annamayya,Madanapalli APMC,Vegetables,Tomato,09-06-2026,1260,3400,3900,4000
Andhra Pradesh,Annamayya,Madanapalli APMC,Vegetables,Tomato,10-06-2026,1440,2800,3200,3400
Andhra Pradesh,Annamayya,Madanapalli APMC,Vegetables,Tomato,11-06-2026,1598,2800,3200,3400
Andhra Pradesh,Annamayya,Madanapalli APMC,Vegetables,Tomato,12-06-2026,1525,2700,3000,3200
Andhra Pradesh,Annamayya,Madanapalli APMC,Vegetables,Tomato,13-06-2026,1438,2700,3000,3200
Andhra Pradesh,Annamayya,Madanapalli APMC,Vegetables,Tomato,14-06-2026,1502,2600,2900,3100
Andhra Pradesh,Annamayya,Madanapalli APMC,Vegetables,Tomato,15-06-2026,1650,2400,2700,2800
Andhra Pradesh,Annamayya,Madanapalli APMC,Vegetables,Tomato,16-06-2026,1596,2400,2700,2800
Andhra Pradesh,Annamayya,Madanapalli APMC,Vegetables,Tomato,17-06-2026,1160,2100,2500,2800
Andhra Pradesh,Annamayya,Madanapalli APMC,Vegetables,Tomato,18-06-2026,1320,1900,2200,2300
Andhra Pradesh,Annamayya,Madanapalli APMC,Vegetables,Tomato,19-06-2026,1181,1800,2100,2200
Andhra Pradesh,Annamayya,Madanapalli APMC,Vegetables,Tomato,20-06-2026,1290,1800,2100,2200
Andhra Pradesh,Annamayya,Madanapalli APMC,Vegetables,Tomato,21-06-2026,1340,1800,2100,2300
Andhra Pradesh,Annamayya,Madanapalli APMC,Vegetables,Tomato,23-06-2026,1458,1800,2100,2200
Andhra Pradesh,Annamayya,Madanapalli APMC,Vegetables,Tomato,24-06-2026,1410,1800,2000,2100
Andhra Pradesh,Annamayya,Madanapalli APMC,Vegetables,Tomato,25-06-2026,1391,1800,2000,2100
Andhra Pradesh,Annamayya,Madanapalli APMC,Vegetables,Tomato,26-06-2026,1486,1300,1600,1800
Andhra Pradesh,Annamayya,Madanapalli APMC,Vegetables,Tomato,27-06-2026,1451,1200,1600,1700
Andhra Pradesh,Annamayya,Madanapalli APMC,Vegetables,Tomato,28-06-2026,1630,1300,1600,1700
Andhra Pradesh,Annamayya,Madanapalli APMC,Vegetables,Tomato,29-06-2026,1420,1500,1800,1900
Andhra Pradesh,Annamayya,Madanapalli APMC,Vegetables,Tomato,30-06-2026,1270,2100,2400,2600
Andhra Pradesh,Annamayya,Madanapalli APMC,Vegetables,Tomato,01-07-2026,1560,2100,2400,2600
Andhra Pradesh,Annamayya,Madanapalli APMC,Vegetables,Tomato,02-07-2026,1638,1300,1600,1900
Andhra Pradesh,Annamayya,Madanapalli APMC,Vegetables,Tomato,03-07-2026,1575,1300,1600,1800
Andhra Pradesh,Annamayya,Madanapalli APMC,Vegetables,Tomato,04-07-2026,1530,1300,1400,1500
Andhra Pradesh,Annamayya,Madanapalli APMC,Vegetables,Tomato,05-07-2026,1180,1300,1400,1500
Andhra Pradesh,Annamayya,Madanapalli APMC,Vegetables,Tomato,06-07-2026,1164,1400,1600,1700
Andhra Pradesh,Annamayya,Madanapalli APMC,Vegetables,Tomato,07-07-2026,1430,1400,1600,1700
Andhra Pradesh,Annamayya,Madanapalli APMC,Vegetables,Tomato,08-07-2026,1485,1400,1600,1700
Andhra Pradesh,Annamayya,Madanapalli APMC,Vegetables,Tomato,09-07-2026,1320,1500,1700,1800
Andhra Pradesh,Annamayya,Madanapalli APMC,Vegetables,Tomato,10-07-2026,1440,1500,1800,1900
Andhra Pradesh,Annamayya,Madanapalli APMC,Vegetables,Tomato,11-07-2026,1394,1500,1800,1900
Andhra Pradesh,Annamayya,Madanapalli APMC,Vegetables,Tomato,12-07-2026,1348,1500,1800,1900
Andhra Pradesh,Annamayya,Madanapalli APMC,Vegetables,Tomato,13-07-2026,1210,1500,1800,1900
Andhra Pradesh,Annamayya,Madanapalli APMC,Vegetables,Tomato,14-07-2026,1190,1900,2200,2300
Andhra Pradesh,Annamayya,Madanapalli APMC,Vegetables,Tomato,15-07-2026,1340,1900,2200,2300
Andhra Pradesh,Annamayya,Madanapalli APMC,Vegetables,Tomato,16-07-2026,1478,1600,1800,2000
Andhra Pradesh,Annamayya,Madanapalli APMC,Vegetables,Tomato,17-07-2026,1451,1500,1700,1800
Andhra Pradesh,Annamayya,Madanapalli APMC,Vegetables,Tomato,18-07-2026,1403,1400,1500,1600
Andhra Pradesh,Annamayya,Madanapalli APMC,Vegetables,Tomato,19-07-2026,14630,1200,1400,1500
Andhra Pradesh,Annamayya,Madanapalli APMC,Vegetables,Tomato,20-07-2026,1412,1200,1300,1400
Andhra Pradesh,Annamayya,Madanapalli APMC,Vegetables,Tomato,21-07-2026,1380,1200,1300,1400
Andhra Pradesh,Annamayya,Madanapalli APMC,Vegetables,Tomato,22-07-2026,1260,900,1100,1200
Andhra Pradesh,Annamayya,Madanapalli APMC,Vegetables,Tomato,23-07-2026,1220,900,1100,1200
Andhra Pradesh,Annamayya,Madanapalli APMC,Vegetables,Tomato,24-07-2026,1180,1000,1100,1200
Andhra Pradesh,Annamayya,Madanapalli APMC,Vegetables,Tomato,25-07-2026,906,1200,1400,1500
Andhra Pradesh,Annamayya,Madanapalli APMC,Vegetables,Tomato,26-07-2026,885,1400,1500,1600
Andhra Pradesh,Annamayya,Madanapalli APMC,Vegetables,Tomato,27-07-2026,996,1100,1250,1350
Andhra Pradesh,Annamayya,Madanapalli APMC,Vegetables,Tomato,28-07-2026,1050,1100,1200,1300
Andhra Pradesh,Annamayya,Madanapalli APMC,Vegetables,Tomato,29-07-2026,1120,1000,1200,1300
Andhra Pradesh,Annamayya,Madanapalli APMC,Vegetables,Tomato,30-07-2026,1090,1100,1200,1300
Andhra Pradesh,Annamayya,Madanapalli APMC,Vegetables,Tomato,31-07-2026,920,1000,1150,1250
Andhra Pradesh,Annamayya,Madanapalli APMC,Vegetables,Tomato,01-08-2026,900,1100,1200,1300
Andhra Pradesh,Annamayya,Madanapalli APMC,Vegetables,Tomato,02-08-2026,650,1100,1200,1300
Andhra Pradesh,Annamayya,Madanapalli APMC,Vegetables,Tomato,03-08-2026,590,1200,1400,1500
Andhra Pradesh,Annamayya,Madanapalli APMC,Vegetables,Tomato,04-08-2026,620,1200,1400,1500
Andhra Pradesh,Annamayya,Madanapalli APMC,Vegetables,Tomato,05-08-2026,602,1100,1300,1400
Andhra Pradesh,Annamayya,Madanapalli APMC,Vegetables,Tomato,06-08-2026,638,1100,1300,1400
Andhra Pradesh,Annamayya,Madanapalli APMC,Vegetables,Tomato,07-08-2026,650,1100,1200,1300
Andhra Pradesh,Annamayya,Madanapalli APMC,Vegetables,Tomato,08-08-2026,600,1100,1300,1400
Andhra Pradesh,Annamayya,Madanapalli APMC,Vegetables,Tomato,09-08-2026,550,1100,1400,1500
Andhra Pradesh,Annamayya,Madanapalli APMC,Vegetables,Tomato,10-08-2026,485,1600,1900,2100
Andhra Pradesh,Annamayya,Mulakalacheruvu APMC,Vegetables,Tomato,01-01-2023,52,600,700,1000
Andhra Pradesh,Annamayya,Mulakalacheruvu APMC,Vegetables,Tomato,02-01-2023,42,700,800,1100
Andhra Pradesh,Annamayya,Mulakalacheruvu APMC,Vegetables,Tomato,03-01-2023,73,800,1000,1300
Andhra Pradesh,Annamayya,Mulakalacheruvu APMC,Vegetables,Tomato,04-01-2023,79,600,900,1000
Andhra Pradesh,Annamayya,Mulakalacheruvu APMC,Vegetables,Tomato,05-01-2023,72,600,900,1000
Andhra Pradesh,Annamayya,Mulakalacheruvu APMC,Vegetables,Tomato,06-01-2023,72,600,800,1000
Andhra Pradesh,Annamayya,Mulakalacheruvu APMC,Vegetables,Tomato,07-01-2023,52,600,800,1000
Andhra Pradesh,Annamayya,Mulakalacheruvu APMC,Vegetables,Tomato,08-01-2023,42,700,900,1100
Andhra Pradesh,Annamayya,Mulakalacheruvu APMC,Vegetables,Tomato,09-01-2023,60,700,900,1200
Andhra Pradesh,Annamayya,Mulakalacheruvu APMC,Vegetables,Tomato,10-01-2023,50,600,900,1000
Andhra Pradesh,Annamayya,Mulakalacheruvu APMC,Vegetables,Tomato,11-01-2023,42,700,1000,1100
Andhra Pradesh,Annamayya,Mulakalacheruvu APMC,Vegetables,Tomato,15-01-2023,42,1000,1300,1800
Andhra Pradesh,Annamayya,Mulakalacheruvu APMC,Vegetables,Tomato,16-01-2023,10,800,1000,1200
Andhra Pradesh,Annamayya,Mulakalacheruvu APMC,Vegetables,Tomato,17-01-2023,17,1000,1200,1500
Andhra Pradesh,Annamayya,Mulakalacheruvu APMC,Vegetables,Tomato,18-01-2023,42,1000,1400,2000
Andhra Pradesh,Annamayya,Mulakalacheruvu APMC,Vegetables,Tomato,19-01-2023,30,1200,1500,2200
Andhra Pradesh,Annamayya,Mulakalacheruvu APMC,Vegetables,Tomato,20-01-2023,60,1000,1400,2000
Andhra Pradesh,Annamayya,Mulakalacheruvu APMC,Vegetables,Tomato,21-01-2023,45,1000,1400,2000
Andhra Pradesh,Annamayya,Mulakalacheruvu APMC,Vegetables,Tomato,22-01-2023,45,1000,1400,2000
Andhra Pradesh,Annamayya,Mulakalacheruvu APMC,Vegetables,Tomato,23-01-2023,30,1100,1500,2100
Andhra Pradesh,Annamayya,Mulakalacheruvu APMC,Vegetables,Tomato,24-01-2023,27,900,1200,1800
Andhra Pradesh,Annamayya,Mulakalacheruvu APMC,Vegetables,Tomato,25-01-2023,52,700,1000,1400
Andhra Pradesh,Annamayya,Mulakalacheruvu APMC,Vegetables,Tomato,26-01-2023,40,700,1000,1400
Andhra Pradesh,Annamayya,Mulakalacheruvu APMC,Vegetables,Tomato,27-01-2023,30,700,1000,1400
Andhra Pradesh,Annamayya,Mulakalacheruvu APMC,Vegetables,Tomato,28-01-2023,45,700,1000,1400
Andhra Pradesh,Annamayya,Mulakalacheruvu APMC,Vegetables,Tomato,30-01-2023,30,800,1100,1500
Andhra Pradesh,Annamayya,Mulakalacheruvu APMC,Vegetables,Tomato,31-01-2023,32,700,1100,1500
Andhra Pradesh,Annamayya,Mulakalacheruvu APMC,Vegetables,Tomato,01-02-2023,40,800,1200,1600
Andhra Pradesh,Annamayya,Mulakalacheruvu APMC,Vegetables,Tomato,02-02-2023,40,800,1100,1500
Andhra Pradesh,Annamayya,Mulakalacheruvu APMC,Vegetables,Tomato,03-02-2023,30,800,1100,1600
Andhra Pradesh,Annamayya,Mulakalacheruvu APMC,Vegetables,Tomato,04-02-2023,35,700,1000,1400
Andhra Pradesh,Annamayya,Mulakalacheruvu APMC,Vegetables,Tomato,05-02-2023,20,700,1000,1300
Andhra Pradesh,Annamayya,Mulakalacheruvu APMC,Vegetables,Tomato,06-02-2023,47,700,1000,1400
Andhra Pradesh,Annamayya,Mulakalacheruvu APMC,Vegetables,Tomato,07-02-2023,40,800,1100,1500
Andhra Pradesh,Annamayya,Mulakalacheruvu APMC,Vegetables,Tomato,08-02-2023,15,700,1000,1300
Andhra Pradesh,Annamayya,Mulakalacheruvu APMC,Vegetables,Tomato,09-02-2023,30,800,1100,1400
Andhra Pradesh,Annamayya,Mulakalacheruvu APMC,Vegetables,Tomato,10-02-2023,37,900,1400,2000
Andhra Pradesh,Annamayya,Mulakalacheruvu APMC,Vegetables,Tomato,12-02-2023,25,900,1100,1600
Andhra Pradesh,Annamayya,Mulakalacheruvu APMC,Vegetables,Tomato,13-02-2023,30,900,1200,1800
Andhra Pradesh,Annamayya,Mulakalacheruvu APMC,Vegetables,Tomato,14-02-2023,35,900,1200,1800
Andhra Pradesh,Annamayya,Mulakalacheruvu APMC,Vegetables,Tomato,15-02-2023,20,1000,1300,1700
Andhra Pradesh,Annamayya,Mulakalacheruvu APMC,Vegetables,Tomato,16-02-2023,15,1000,1500,2000
Andhra Pradesh,Annamayya,Mulakalacheruvu APMC,Vegetables,Tomato,17-02-2023,32,1000,1300,1700
Andhra Pradesh,Annamayya,Mulakalacheruvu APMC,Vegetables,Tomato,18-02-2023,20,1000,1400,1600
Andhra Pradesh,Annamayya,Mulakalacheruvu APMC,Vegetables,Tomato,19-02-2023,10,1000,1500,1800
Andhra Pradesh,Annamayya,Mulakalacheruvu APMC,Vegetables,Tomato,20-02-2023,25,1000,1500,2000
Andhra Pradesh,Annamayya,Mulakalacheruvu APMC,Vegetables,Tomato,21-02-2023,45,1100,1600,2100
Andhra Pradesh,Annamayya,Mulakalacheruvu APMC,Vegetables,Tomato,22-02-2023,27,1200,1800,2200
Andhra Pradesh,Annamayya,Mulakalacheruvu APMC,Vegetables,Tomato,23-02-2023,35,1000,1400,1600
Andhra Pradesh,Annamayya,Mulakalacheruvu APMC,Vegetables,Tomato,24-02-2023,25,900,1300,1500
Andhra Pradesh,Annamayya,Mulakalacheruvu APMC,Vegetables,Tomato,25-02-2023,30,900,1300,1500
Andhra Pradesh,Annamayya,Mulakalacheruvu APMC,Vegetables,Tomato,26-02-2023,35,900,1300,1500
Andhra Pradesh,Annamayya,Mulakalacheruvu APMC,Vegetables,Tomato,27-02-2023,30,900,1200,1400
Andhra Pradesh,Annamayya,Mulakalacheruvu APMC,Vegetables,Tomato,28-02-2023,32,900,1100,1400
Andhra Pradesh,Annamayya,Mulakalacheruvu APMC,Vegetables,Tomato,01-03-2023,42,900,1100,1400
Andhra Pradesh,Annamayya,Mulakalacheruvu APMC,Vegetables,Tomato,02-03-2023,37,900,1100,1600
Andhra Pradesh,Annamayya,Mulakalacheruvu APMC,Vegetables,Tomato,03-03-2023,30,900,1200,1700
Andhra Pradesh,Annamayya,Mulakalacheruvu APMC,Vegetables,Tomato,04-03-2023,10,900,1100,1500
Andhra Pradesh,Annamayya,Mulakalacheruvu APMC,Vegetables,Tomato,05-03-2023,34,800,1000,1500
Andhra Pradesh,Annamayya,Mulakalacheruvu APMC,Vegetables,Tomato,06-03-2023,44,800,1000,1500
Andhra Pradesh,Annamayya,Mulakalacheruvu APMC,Vegetables,Tomato,07-03-2023,30,800,1000,1200
Andhra Pradesh,Annamayya,Mulakalacheruvu APMC,Vegetables,Tomato,08-03-2023,22,800,1000,1200
Andhra Pradesh,Annamayya,Mulakalacheruvu APMC,Vegetables,Tomato,09-03-2023,27,900,1100,1300
Andhra Pradesh,Annamayya,Mulakalacheruvu APMC,Vegetables,Tomato,14-03-2023,40,800,1000,1100
Andhra Pradesh,Annamayya,Mulakalacheruvu APMC,Vegetables,Tomato,15-03-2023,52,800,1000,1100
Andhra Pradesh,Annamayya,Mulakalacheruvu APMC,Vegetables,Tomato,16-03-2023,52,700,800,900
Andhra Pradesh,Annamayya,Mulakalacheruvu APMC,Vegetables,Tomato,17-03-2023,55,800,900,1000
Andhra Pradesh,Annamayya,Mulakalacheruvu APMC,Vegetables,Tomato,18-03-2023,45,900,1000,1100
Andhra Pradesh,Annamayya,Mulakalacheruvu APMC,Vegetables,Tomato,19-03-2023,55,600,700,900
Andhra Pradesh,Annamayya,Mulakalacheruvu APMC,Vegetables,Tomato,20-03-2023,72,600,700,800
Andhra Pradesh,Annamayya,Mulakalacheruvu APMC,Vegetables,Tomato,21-03-2023,80,700,800,900
Andhra Pradesh,Annamayya,Mulakalacheruvu APMC,Vegetables,Tomato,22-03-2023,92,600,700,900
Andhra Pradesh,Annamayya,Mulakalacheruvu APMC,Vegetables,Tomato,23-03-2023,20,600,700,800
Andhra Pradesh,Annamayya,Mulakalacheruvu APMC,Vegetables,Tomato,24-03-2023,72,700,800,900
Andhra Pradesh,Annamayya,Mulakalacheruvu APMC,Vegetables,Tomato,25-03-2023,72,600,700,800
Andhra Pradesh,Annamayya,Mulakalacheruvu APMC,Vegetables,Tomato,26-03-2023,79,600,700,800
Andhra Pradesh,Annamayya,Mulakalacheruvu APMC,Vegetables,Tomato,27-03-2023,87,600,700,800
Andhra Pradesh,Annamayya,Mulakalacheruvu APMC,Vegetables,Tomato,28-03-2023,75,600,700,800
Andhra Pradesh,Annamayya,Mulakalacheruvu APMC,Vegetables,Tomato,29-03-2023,92,600,700,800
Andhra Pradesh,Annamayya,Mulakalacheruvu APMC,Vegetables,Tomato,31-03-2023,92,600,700,800
Andhra Pradesh,Annamayya,Mulakalacheruvu APMC,Vegetables,Tomato,01-04-2023,110,600,700,800
Andhra Pradesh,Annamayya,Mulakalacheruvu APMC,Vegetables,Tomato,02-04-2023,125,500,700,800
Andhra Pradesh,Annamayya,Mulakalacheruvu APMC,Vegetables,Tomato,03-04-2023,134,500,700,800
Andhra Pradesh,Annamayya,Mulakalacheruvu APMC,Vegetables,Tomato,04-04-2023,109,500,700,800
Andhra Pradesh,Annamayya,Mulakalacheruvu APMC,Vegetables,Tomato,05-04-2023,107,500,700,800
Andhra Pradesh,Annamayya,Mulakalacheruvu APMC,Vegetables,Tomato,06-04-2023,169,500,650,750
Andhra Pradesh,Annamayya,Mulakalacheruvu APMC,Vegetables,Tomato,08-04-2023,80,500,600,700
Andhra Pradesh,Annamayya,Mulakalacheruvu APMC,Vegetables,Tomato,09-04-2023,104,500,600,700
Andhra Pradesh,Annamayya,Mulakalacheruvu APMC,Vegetables,Tomato,10-04-2023,92,500,600,700
Andhra Pradesh,Annamayya,Mulakalacheruvu APMC,Vegetables,Tomato,11-04-2023,80,500,600,700
Andhra Pradesh,Annamayya,Mulakalacheruvu APMC,Vegetables,Tomato,12-04-2023,109,500,600,700
Andhra Pradesh,Annamayya,Mulakalacheruvu APMC,Vegetables,Tomato,13-04-2023,92,500,600,700
Andhra Pradesh,Annamayya,Mulakalacheruvu APMC,Vegetables,Tomato,14-04-2023,106,500,600,700
Andhra Pradesh,Annamayya,Mulakalacheruvu APMC,Vegetables,Tomato,15-04-2023,107,500,600,700
Andhra Pradesh,Annamayya,Mulakalacheruvu APMC,Vegetables,Tomato,16-04-2023,90,500,600,700
Andhra Pradesh,Annamayya,Mulakalacheruvu APMC,Vegetables,Tomato,17-04-2023,94,600,700,800
Andhra Pradesh,Annamayya,Mulakalacheruvu APMC,Vegetables,Tomato,18-04-2023,87,500,600,700
Andhra Pradesh,Annamayya,Mulakalacheruvu APMC,Vegetables,Tomato,19-04-2023,107,500,600,700
Andhra Pradesh,Annamayya,Mulakalacheruvu APMC,Vegetables,Tomato,20-04-2023,106,500,600,700
Andhra Pradesh,Annamayya,Mulakalacheruvu APMC,Vegetables,Tomato,21-04-2023,111,500,600,700
Andhra Pradesh,Annamayya,Mulakalacheruvu APMC,Vegetables,Tomato,22-04-2023,137,500,700,800
Andhra Pradesh,Annamayya,Mulakalacheruvu APMC,Vegetables,Tomato,23-04-2023,92,500,600,700
Andhra Pradesh,Annamayya,Mulakalacheruvu APMC,Vegetables,Tomato,24-04-2023,95,500,600,700
Andhra Pradesh,Annamayya,Mulakalacheruvu APMC,Vegetables,Tomato,25-04-2023,122,500,600,700
Andhra Pradesh,Annamayya,Mulakalacheruvu APMC,Vegetables,Tomato,26-04-2023,132,500,600,700
Andhra Pradesh,Annamayya,Mulakalacheruvu APMC,Vegetables,Tomato,27-04-2023,137,500,600,800
Andhra Pradesh,Annamayya,Mulakalacheruvu APMC,Vegetables,Tomato,28-04-2023,137,500,600,700
Andhra Pradesh,Annamayya,Mulakalacheruvu APMC,Vegetables,Tomato,29-04-2023,139,500,600,700
Andhra Pradesh,Annamayya,Mulakalacheruvu APMC,Vegetables,Tomato,30-04-2023,105,500,600,800
Andhra Pradesh,Annamayya,Mulakalacheruvu APMC,Vegetables,Tomato,01-05-2023,129,500,600,800
Andhra Pradesh,Annamayya,Mulakalacheruvu APMC,Vegetables,Tomato,02-05-2023,67,600,700,800
Andhra Pradesh,Annamayya,Mulakalacheruvu APMC,Vegetables,Tomato,03-05-2023,162,600,700,800
Andhra Pradesh,Annamayya,Mulakalacheruvu APMC,Vegetables,Tomato,04-05-2023,154,500,600,700
Andhra Pradesh,Annamayya,Mulakalacheruvu APMC,Vegetables,Tomato,05-05-2023,112,500,700,800
Andhra Pradesh,Annamayya,Mulakalacheruvu APMC,Vegetables,Tomato,06-05-2023,130,500,600,700
Andhra Pradesh,Annamayya,Mulakalacheruvu APMC,Vegetables,Tomato,07-05-2023,129,500,600,700
Andhra Pradesh,Annamayya,Mulakalacheruvu APMC,Vegetables,Tomato,08-05-2023,108,600,700,800
Andhra Pradesh,Annamayya,Mulakalacheruvu APMC,Vegetables,Tomato,09-05-2023,137,600,800,900
Andhra Pradesh,Annamayya,Mulakalacheruvu APMC,Vegetables,Tomato,10-05-2023,154,600,800,900
Andhra Pradesh,Annamayya,Mulakalacheruvu APMC,Vegetables,Tomato,11-05-2023,152,600,800,900
Andhra Pradesh,Annamayya,Mulakalacheruvu APMC,Vegetables,Tomato,12-05-2023,152,500,600,700
Andhra Pradesh,Annamayya,Mulakalacheruvu APMC,Vegetables,Tomato,13-05-2023,139,500,600,700
Andhra Pradesh,Annamayya,Mulakalacheruvu APMC,Vegetables,Tomato,14-05-2023,142,500,700,800
Andhra Pradesh,Annamayya,Mulakalacheruvu APMC,Vegetables,Tomato,15-05-2023,132,600,800,900
Andhra Pradesh,Annamayya,Mulakalacheruvu APMC,Vegetables,Tomato,16-05-2023,107,500,700,800
Andhra Pradesh,Annamayya,Mulakalacheruvu APMC,Vegetables,Tomato,17-05-2023,117,600,800,1000
Andhra Pradesh,Annamayya,Mulakalacheruvu APMC,Vegetables,Tomato,18-05-2023,95,600,700,800
Andhra Pradesh,Annamayya,Mulakalacheruvu APMC,Vegetables,Tomato,19-05-2023,107,600,700,800
Andhra Pradesh,Annamayya,Mulakalacheruvu APMC,Vegetables,Tomato,20-05-2023,117,600,800,900
Andhra Pradesh,Annamayya,Mulakalacheruvu APMC,Vegetables,Tomato,21-05-2023,82,500,700,800
Andhra Pradesh,Annamayya,Mulakalacheruvu APMC,Vegetables,Tomato,22-05-2023,90,500,700,800
Andhra Pradesh,Annamayya,Mulakalacheruvu APMC,Vegetables,Tomato,23-05-2023,99,500,700,800
Andhra Pradesh,Annamayya,Mulakalacheruvu APMC,Vegetables,Tomato,24-05-2023,77,600,700,800
Andhra Pradesh,Annamayya,Mulakalacheruvu APMC,Vegetables,Tomato,25-05-2023,87,600,700,800
Andhra Pradesh,Annamayya,Mulakalacheruvu APMC,Vegetables,Tomato,26-05-2023,79,600,800,900
Andhra Pradesh,Annamayya,Mulakalacheruvu APMC,Vegetables,Tomato,27-05-2023,65,600,800,900
Andhra Pradesh,Annamayya,Mulakalacheruvu APMC,Vegetables,Tomato,28-05-2023,87,600,800,900
Andhra Pradesh,Annamayya,Mulakalacheruvu APMC,Vegetables,Tomato,29-05-2023,72,700,900,1100
Andhra Pradesh,Annamayya,Mulakalacheruvu APMC,Vegetables,Tomato,30-05-2023,69,1000,1300,1600
Andhra Pradesh,Annamayya,Mulakalacheruvu APMC,Vegetables,Tomato,31-05-2023,71,1000,1300,1600
Andhra Pradesh,Annamayya,Mulakalacheruvu APMC,Vegetables,Tomato,01-06-2023,87,1200,1500,1800
Andhra Pradesh,Annamayya,Mulakalacheruvu APMC,Vegetables,Tomato,02-06-2023,74,1200,1300,1600
Andhra Pradesh,Annamayya,Mulakalacheruvu APMC,Vegetables,Tomato,03-06-2023,90,900,1100,1300
Andhra Pradesh,Annamayya,Mulakalacheruvu APMC,Vegetables,Tomato,04-06-2023,65,1000,1300,1600
Andhra Pradesh,Annamayya,Mulakalacheruvu APMC,Vegetables,Tomato,05-06-2023,94,1200,1300,1700
Andhra Pradesh,Annamayya,Mulakalacheruvu APMC,Vegetables,Tomato,06-06-2023,114,1300,1400,1800
Andhra Pradesh,Annamayya,Mulakalacheruvu APMC,Vegetables,Tomato,07-06-2023,94,1200,1400,1600
Andhra Pradesh,Annamayya,Mulakalacheruvu APMC,Vegetables,Tomato,08-06-2023,82,1200,1500,1800
Andhra Pradesh,Annamayya,Mulakalacheruvu APMC,Vegetables,Tomato,09-06-2023,47,1300,1600,1900
Andhra Pradesh,Annamayya,Mulakalacheruvu APMC,Vegetables,Tomato,10-06-2023,62,1300,1600,1900
Andhra Pradesh,Annamayya,Mulakalacheruvu APMC,Vegetables,Tomato,11-06-2023,79,1300,1500,1900
Andhra Pradesh,Annamayya,Mulakalacheruvu APMC,Vegetables,Tomato,12-06-2023,62,1300,1500,1900
Andhra Pradesh,Annamayya,Mulakalacheruvu APMC,Vegetables,Tomato,13-06-2023,50,1400,1900,2500
Andhra Pradesh,Annamayya,Mulakalacheruvu APMC,Vegetables,Tomato,14-06-2023,74,1900,2100,2500
Andhra Pradesh,Annamayya,Mulakalacheruvu APMC,Vegetables,Tomato,15-06-2023,69,2000,2200,2600
Andhra Pradesh,Annamayya,Mulakalacheruvu APMC,Vegetables,Tomato,16-06-2023,87,1500,1800,2400
Andhra Pradesh,Annamayya,Mulakalacheruvu APMC,Vegetables,Tomato,17-06-2023,82,1600,1800,2400
Andhra Pradesh,Annamayya,Mulakalacheruvu APMC,Vegetables,Tomato,18-06-2023,72,1600,1800,2400
Andhra Pradesh,Annamayya,Mulakalacheruvu APMC,Vegetables,Tomato,19-06-2023,107,1400,1900,2600
Andhra Pradesh,Annamayya,Mulakalacheruvu APMC,Vegetables,Tomato,20-06-2023,95,1600,2200,2700
Andhra Pradesh,Annamayya,Mulakalacheruvu APMC,Vegetables,Tomato,21-06-2023,101,1700,2300,2800
Andhra Pradesh,Annamayya,Mulakalacheruvu APMC,Vegetables,Tomato,22-06-2023,100,2200,2700,3200
Andhra Pradesh,Annamayya,Mulakalacheruvu APMC,Vegetables,Tomato,23-06-2023,132,2200,2700,3300
Andhra Pradesh,Annamayya,Mulakalacheruvu APMC,Vegetables,Tomato,24-06-2023,120,2500,3000,3500
Andhra Pradesh,Annamayya,Mulakalacheruvu APMC,Vegetables,Tomato,25-06-2023,72,3300,4300,5300
Andhra Pradesh,Annamayya,Mulakalacheruvu APMC,Vegetables,Tomato,26-06-2023,107,4000,5000,6000
Andhra Pradesh,Annamayya,Mulakalacheruvu APMC,Vegetables,Tomato,27-06-2023,86,4000,5000,6000
Andhra Pradesh,Annamayya,Mulakalacheruvu APMC,Vegetables,Tomato,28-06-2023,97,4000,5000,6000
Andhra Pradesh,Annamayya,Mulakalacheruvu APMC,Vegetables,Tomato,29-06-2023,95,4100,5100,6100
Andhra Pradesh,Annamayya,Mulakalacheruvu APMC,Vegetables,Tomato,30-06-2023,80,7500,8500,10200
Andhra Pradesh,Annamayya,Mulakalacheruvu APMC,Vegetables,Tomato,03-05-2024,85,1400,1600,1800
Andhra Pradesh,Annamayya,Mulakalacheruvu APMC,Vegetables,Tomato,04-05-2024,97,1200,1400,1600
Andhra Pradesh,Annamayya,Mulakalacheruvu APMC,Vegetables,Tomato,05-05-2024,104,1200,1400,1600
Andhra Pradesh,Annamayya,Mulakalacheruvu APMC,Vegetables,Tomato,06-05-2024,94,1200,1400,1600
Andhra Pradesh,Annamayya,Mulakalacheruvu APMC,Vegetables,Tomato,08-05-2024,110,1400,1500,1700
Andhra Pradesh,Annamayya,Mulakalacheruvu APMC,Vegetables,Tomato,09-05-2024,77,1400,1500,1700
Andhra Pradesh,Annamayya,Mulakalacheruvu APMC,Vegetables,Tomato,27-05-2024,59,2200,2700,3000
Andhra Pradesh,Annamayya,Mulakalacheruvu APMC,Vegetables,Tomato,28-05-2024,70,2300,2800,3100
Andhra Pradesh,Annamayya,Mulakalacheruvu APMC,Vegetables,Tomato,29-05-2024,64,2100,2500,3000
Andhra Pradesh,Annamayya,Mulakalacheruvu APMC,Vegetables,Tomato,04-06-2024,32,3000,3500,4000
Andhra Pradesh,Annamayya,Mulakalacheruvu APMC,Vegetables,Tomato,05-06-2024,32,3000,3500,4000
Andhra Pradesh,Annamayya,Mulakalacheruvu APMC,Vegetables,Tomato,06-06-2024,32,2800,3300,3800
Andhra Pradesh,Annamayya,Mulakalacheruvu APMC,Vegetables,Tomato,07-06-2024,35,2700,3200,3700
Andhra Pradesh,Annamayya,Mulakalacheruvu APMC,Vegetables,Tomato,08-06-2024,15,2200,2600,3000
Andhra Pradesh,Annamayya,Mulakalacheruvu APMC,Vegetables,Tomato,09-06-2024,20,2500,3000,3500
Andhra Pradesh,Annamayya,Mulakalacheruvu APMC,Vegetables,Tomato,10-06-2024,27,2800,3000,3800
Andhra Pradesh,Annamayya,Mulakalacheruvu APMC,Vegetables,Tomato,12-06-2024,39,2800,3000,3800
Andhra Pradesh,Annamayya,Mulakalacheruvu APMC,Vegetables,Tomato,13-06-2024,44,3000,3500,4000
Andhra Pradesh,Annamayya,Mulakalacheruvu APMC,Vegetables,Tomato,17-06-2024,32,3800,4000,4800
Andhra Pradesh,Annamayya,Mulakalacheruvu APMC,Vegetables,Tomato,18-06-2024,30,3800,4000,4800
Andhra Pradesh,Annamayya,Mulakalacheruvu APMC,Vegetables,Tomato,19-06-2024,10,4000,4200,5000
Andhra Pradesh,Annamayya,Mulakalacheruvu APMC,Vegetables,Tomato,20-06-2024,29,5500,6000,6500
Andhra Pradesh,Annamayya,Mulakalacheruvu APMC,Vegetables,Tomato,21-06-2024,25,5600,6100,6600
Andhra Pradesh,Annamayya,Mulakalacheruvu APMC,Vegetables,Tomato,25-06-2024,67,4600,5000,5600
Andhra Pradesh,Annamayya,Mulakalacheruvu APMC,Vegetables,Tomato,26-06-2024,62,3800,4000,4800
Andhra Pradesh,Annamayya,Mulakalacheruvu APMC,Vegetables,Tomato,27-06-2024,62,3600,3800,4600
Andhra Pradesh,Annamayya,Mulakalacheruvu APMC,Vegetables,Tomato,02-07-2024,142,2800,3000,3400
Andhra Pradesh,Annamayya,Mulakalacheruvu APMC,Vegetables,Tomato,03-07-2024,200,3000,3200,3600
Andhra Pradesh,Annamayya,Mulakalacheruvu APMC,Vegetables,Tomato,05-07-2024,190,2700,2900,3100
Andhra Pradesh,Annamayya,Mulakalacheruvu APMC,Vegetables,Tomato,06-07-2024,200,2800,3000,3200
Andhra Pradesh,Annamayya,Mulakalacheruvu APMC,Vegetables,Tomato,08-07-2024,380,2800,3000,3300
Andhra Pradesh,Annamayya,Mulakalacheruvu APMC,Vegetables,Tomato,09-07-2024,350,3000,3200,3500
Andhra Pradesh,Annamayya,Mulakalacheruvu APMC,Vegetables,Tomato,15-07-2024,280,3500,4500,5000
Andhra Pradesh,Annamayya,Mulakalacheruvu APMC,Vegetables,Tomato,16-07-2024,220,5500,6800,7400
Andhra Pradesh,Annamayya,Mulakalacheruvu APMC,Vegetables,Tomato,02-08-2024,350,2400,2900,3100
Andhra Pradesh,Annamayya,Mulakalacheruvu APMC,Vegetables,Tomato,03-08-2024,500,2400,2800,3100
Andhra Pradesh,Annamayya,Mulakalacheruvu APMC,Vegetables,Tomato,12-08-2024,390,2200,2800,3300
Andhra Pradesh,Annamayya,Mulakalacheruvu APMC,Vegetables,Tomato,13-08-2024,350,2000,2800,3000
Andhra Pradesh,Annamayya,Mulakalacheruvu APMC,Vegetables,Tomato,14-08-2024,340,2100,2900,3100
Andhra Pradesh,Annamayya,Mulakalacheruvu APMC,Vegetables,Tomato,16-08-2024,370,2000,2600,2800
Andhra Pradesh,Annamayya,Mulakalacheruvu APMC,Vegetables,Tomato,17-08-2024,350,1900,2500,2700
Andhra Pradesh,Annamayya,Mulakalacheruvu APMC,Vegetables,Tomato,18-08-2024,350,1900,2500,2700
Andhra Pradesh,Annamayya,Mulakalacheruvu APMC,Vegetables,Tomato,19-08-2024,340,2000,2600,2800
Andhra Pradesh,Annamayya,Mulakalacheruvu APMC,Vegetables,Tomato,20-08-2024,832,2100,2700,2900
Andhra Pradesh,Annamayya,Mulakalacheruvu APMC,Vegetables,Tomato,21-08-2024,858.3,2000,2600,2800
Andhra Pradesh,Annamayya,Mulakalacheruvu APMC,Vegetables,Tomato,22-08-2024,728,2000,2300,2500
Andhra Pradesh,Annamayya,Mulakalacheruvu APMC,Vegetables,Tomato,23-08-2024,799,2100,2400,2600
Andhra Pradesh,Annamayya,Mulakalacheruvu APMC,Vegetables,Tomato,24-08-2024,857,2000,2300,2500
Andhra Pradesh,Annamayya,Mulakalacheruvu APMC,Vegetables,Tomato,27-08-2024,1031,2000,2300,2600
Andhra Pradesh,Annamayya,Mulakalacheruvu APMC,Vegetables,Tomato,28-08-2024,980,2000,2100,2300
Andhra Pradesh,Annamayya,Mulakalacheruvu APMC,Vegetables,Tomato,29-08-2024,706,1900,2100,2300
Andhra Pradesh,Annamayya,Mulakalacheruvu APMC,Vegetables,Tomato,30-08-2024,700,1700,2000,2200
Andhra Pradesh,Annamayya,Mulakalacheruvu APMC,Vegetables,Tomato,03-09-2024,823,2000,2400,2800
Andhra Pradesh,Annamayya,Mulakalacheruvu APMC,Vegetables,Tomato,04-09-2024,841,2100,2500,2900
Andhra Pradesh,Annamayya,Mulakalacheruvu APMC,Vegetables,Tomato,05-09-2024,664,2100,2500,2900
Andhra Pradesh,Annamayya,Mulakalacheruvu APMC,Vegetables,Tomato,06-09-2024,745,2200,2600,3000
Andhra Pradesh,Annamayya,Mulakalacheruvu APMC,Vegetables,Tomato,09-09-2024,681,2000,2500,2800
Andhra Pradesh,Annamayya,Mulakalacheruvu APMC,Vegetables,Tomato,10-09-2024,568,1900,2400,2700
Andhra Pradesh,Annamayya,Mulakalacheruvu APMC,Vegetables,Tomato,19-09-2024,566,3200,3700,4200
Andhra Pradesh,Annamayya,Mulakalacheruvu APMC,Vegetables,Tomato,20-09-2024,486,3000,4000,4500
Andhra Pradesh,Annamayya,Mulakalacheruvu APMC,Vegetables,Tomato,21-09-2024,534,3500,4000,4800
Andhra Pradesh,Annamayya,Mulakalacheruvu APMC,Vegetables,Tomato,22-09-2024,456,3700,4300,4900
Andhra Pradesh,Annamayya,Mulakalacheruvu APMC,Vegetables,Tomato,23-09-2024,472,4000,4500,4800
Andhra Pradesh,Annamayya,Mulakalacheruvu APMC,Vegetables,Tomato,24-09-2024,609,4000,4500,4800
Andhra Pradesh,Annamayya,Mulakalacheruvu APMC,Vegetables,Tomato,25-09-2024,585,3800,4300,4600
Andhra Pradesh,Annamayya,Mulakalacheruvu APMC,Vegetables,Tomato,26-09-2024,565,3800,4000,4400
Andhra Pradesh,Annamayya,Mulakalacheruvu APMC,Vegetables,Tomato,27-09-2024,550,3800,4100,4500
Andhra Pradesh,Annamayya,Mulakalacheruvu APMC,Vegetables,Tomato,28-09-2024,573,4000,4400,4800
Andhra Pradesh,Annamayya,Mulakalacheruvu APMC,Vegetables,Tomato,29-09-2024,581,4000,4400,4800
Andhra Pradesh,Annamayya,Mulakalacheruvu APMC,Vegetables,Tomato,30-09-2024,546,4500,5000,5600
Andhra Pradesh,Annamayya,Mulakalacheruvu APMC,Vegetables,Tomato,01-10-2024,542,4700,5200,5800
Andhra Pradesh,Annamayya,Mulakalacheruvu APMC,Vegetables,Tomato,02-10-2024,412,5000,5500,6000
Andhra Pradesh,Annamayya,Mulakalacheruvu APMC,Vegetables,Tomato,03-10-2024,458,6500,7500,8400
Andhra Pradesh,Annamayya,Mulakalacheruvu APMC,Vegetables,Tomato,04-10-2024,521,6300,7300,8200
Andhra Pradesh,Annamayya,Mulakalacheruvu APMC,Vegetables,Tomato,05-10-2024,483,6400,7500,8000
Andhra Pradesh,Annamayya,Mulakalacheruvu APMC,Vegetables,Tomato,06-10-2024,507,6400,7500,8000
Andhra Pradesh,Annamayya,Mulakalacheruvu APMC,Vegetables,Tomato,07-10-2024,514,6500,7600,8200
Andhra Pradesh,Annamayya,Mulakalacheruvu APMC,Vegetables,Tomato,08-10-2024,515,6000,7500,8000
Andhra Pradesh,Annamayya,Mulakalacheruvu APMC,Vegetables,Tomato,09-10-2024,504,6000,7500,8000
Andhra Pradesh,Annamayya,Mulakalacheruvu APMC,Vegetables,Tomato,10-10-2024,490,5800,7300,7800
Andhra Pradesh,Annamayya,Mulakalacheruvu APMC,Vegetables,Tomato,11-10-2024,631,4500,5000,5500
Andhra Pradesh,Annamayya,Mulakalacheruvu APMC,Vegetables,Tomato,12-10-2024,564,4000,5000,5500
Andhra Pradesh,Annamayya,Mulakalacheruvu APMC,Vegetables,Tomato,13-10-2024,527,4200,5200,5700
Andhra Pradesh,Annamayya,Mulakalacheruvu APMC,Vegetables,Tomato,14-10-2024,678,4200,5200,5700
Andhra Pradesh,Annamayya,Mulakalacheruvu APMC,Vegetables,Tomato,15-10-2024,386,4500,5800,6500
Andhra Pradesh,Annamayya,Mulakalacheruvu APMC,Vegetables,Tomato,16-10-2024,648,4000,4800,5600
Andhra Pradesh,Annamayya,Mulakalacheruvu APMC,Vegetables,Tomato,17-10-2024,284,4000,4700,5500
Andhra Pradesh,Annamayya,Mulakalacheruvu APMC,Vegetables,Tomato,18-10-2024,613,4200,5300,5900
Andhra Pradesh,Annamayya,Mulakalacheruvu APMC,Vegetables,Tomato,19-10-2024,489,4000,5100,5700
Andhra Pradesh,Annamayya,Mulakalacheruvu APMC,Vegetables,Tomato,20-10-2024,358,3500,4000,4500
Andhra Pradesh,Annamayya,Mulakalacheruvu APMC,Vegetables,Tomato,21-10-2024,558,3500,4000,4500
Andhra Pradesh,Annamayya,Mulakalacheruvu APMC,Vegetables,Tomato,22-10-2024,594,3600,4100,4600
Andhra Pradesh,Annamayya,Mulakalacheruvu APMC,Vegetables,Tomato,23-10-2024,559,4200,4500,5200
Andhra Pradesh,Annamayya,Mulakalacheruvu APMC,Vegetables,Tomato,24-10-2024,507,3200,3700,4300
Andhra Pradesh,Annamayya,Mulakalacheruvu APMC,Vegetables,Tomato,25-10-2024,502,2900,3500,3900
Andhra Pradesh,Annamayya,Mulakalacheruvu APMC,Vegetables,Tomato,26-10-2024,511,2600,2900,3200
Andhra Pradesh,Annamayya,Mulakalacheruvu APMC,Vegetables,Tomato,27-10-2024,565,3600,4000,4500
Andhra Pradesh,Annamayya,Mulakalacheruvu APMC,Vegetables,Tomato,28-10-2024,512,3500,3900,4400
Andhra Pradesh,Annamayya,Mulakalacheruvu APMC,Vegetables,Tomato,31-10-2024,348,2800,3000,3400
Andhra Pradesh,Annamayya,Mulakalacheruvu APMC,Vegetables,Tomato,01-11-2024,227,2000,2500,3000
Andhra Pradesh,Annamayya,Mulakalacheruvu APMC,Vegetables,Tomato,02-11-2024,298,2000,2600,3200
Andhra Pradesh,Annamayya,Mulakalacheruvu APMC,Vegetables,Tomato,03-11-2024,501,2800,3200,4000
Andhra Pradesh,Annamayya,Mulakalacheruvu APMC,Vegetables,Tomato,04-11-2024,482,2800,3000,3400
Andhra Pradesh,Annamayya,Mulakalacheruvu APMC,Vegetables,Tomato,05-11-2024,481,2800,3100,3400
Andhra Pradesh,Annamayya,Mulakalacheruvu APMC,Vegetables,Tomato,06-11-2024,511,2700,3000,3300
Andhra Pradesh,Annamayya,Mulakalacheruvu APMC,Vegetables,Tomato,07-11-2024,523,2700,3000,3300
Andhra Pradesh,Annamayya,Mulakalacheruvu APMC,Vegetables,Tomato,08-11-2024,643,2400,2600,3000
Andhra Pradesh,Annamayya,Mulakalacheruvu APMC,Vegetables,Tomato,09-11-2024,502,2200,2400,2800
Andhra Pradesh,Annamayya,Mulakalacheruvu APMC,Vegetables,Tomato,10-11-2024,557,1600,2300,2600
Andhra Pradesh,Annamayya,Mulakalacheruvu APMC,Vegetables,Tomato,11-11-2024,550,2000,2400,2600
Andhra Pradesh,Annamayya,Mulakalacheruvu APMC,Vegetables,Tomato,12-11-2024,548,1800,2000,2200
Andhra Pradesh,Annamayya,Mulakalacheruvu APMC,Vegetables,Tomato,13-11-2024,615,2200,2500,2800
Andhra Pradesh,Annamayya,Mulakalacheruvu APMC,Vegetables,Tomato,14-11-2024,579,2000,2500,2800
Andhra Pradesh,Annamayya,Mulakalacheruvu APMC,Vegetables,Tomato,15-11-2024,510,1700,2000,2300
Andhra Pradesh,Annamayya,Mulakalacheruvu APMC,Vegetables,Tomato,18-11-2024,369,2500,2700,3000
Andhra Pradesh,Annamayya,Mulakalacheruvu APMC,Vegetables,Tomato,19-11-2024,319,2500,2900,3200
Andhra Pradesh,Annamayya,Mulakalacheruvu APMC,Vegetables,Tomato,20-11-2024,433,3000,3400,3800
Andhra Pradesh,Annamayya,Mulakalacheruvu APMC,Vegetables,Tomato,21-11-2024,380,2800,3000,3600
Andhra Pradesh,Annamayya,Mulakalacheruvu APMC,Vegetables,Tomato,22-11-2024,401,2600,3000,3200
Andhra Pradesh,Annamayya,Mulakalacheruvu APMC,Vegetables,Tomato,23-11-2024,363,2800,3000,3500
Andhra Pradesh,Annamayya,Mulakalacheruvu APMC,Vegetables,Tomato,24-11-2024,262,3000,3200,3600
Andhra Pradesh,Annamayya,Mulakalacheruvu APMC,Vegetables,Tomato,25-11-2024,292,3000,3200,3600
Andhra Pradesh,Annamayya,Mulakalacheruvu APMC,Vegetables,Tomato,26-11-2024,230,4000,4500,5000
Andhra Pradesh,Annamayya,Mulakalacheruvu APMC,Vegetables,Tomato,28-11-2024,303,4000,4600,5000
Andhra Pradesh,Annamayya,Mulakalacheruvu APMC,Vegetables,Tomato,29-11-2024,264,4000,4800,5200
Andhra Pradesh,Annamayya,Mulakalacheruvu APMC,Vegetables,Tomato,30-11-2024,288,3900,4500,4900
Andhra Pradesh,Annamayya,Mulakalacheruvu APMC,Vegetables,Tomato,02-12-2024,64,3200,3600,3700
Andhra Pradesh,Annamayya,Mulakalacheruvu APMC,Vegetables,Tomato,03-12-2024,126,4500,5000,5500
Andhra Pradesh,Annamayya,Mulakalacheruvu APMC,Vegetables,Tomato,04-12-2024,205,3800,4000,4200
Andhra Pradesh,Annamayya,Mulakalacheruvu APMC,Vegetables,Tomato,05-12-2024,146,3500,4000,4300
Andhra Pradesh,Annamayya,Mulakalacheruvu APMC,Vegetables,Tomato,06-12-2024,112,3400,3900,4200
Andhra Pradesh,Annamayya,Mulakalacheruvu APMC,Vegetables,Tomato,07-12-2024,62,4000,4500,5000
Andhra Pradesh,Annamayya,Mulakalacheruvu APMC,Vegetables,Tomato,08-12-2024,139,3500,3800,4000
Andhra Pradesh,Annamayya,Mulakalacheruvu APMC,Vegetables,Tomato,09-12-2024,94,3000,3300,3500
Andhra Pradesh,Annamayya,Mulakalacheruvu APMC,Vegetables,Tomato,10-12-2024,122,1100,2100,2500
Andhra Pradesh,Annamayya,Mulakalacheruvu APMC,Vegetables,Tomato,11-12-2024,89,1200,1600,2100
Andhra Pradesh,Annamayya,Mulakalacheruvu APMC,Vegetables,Tomato,12-12-2024,92,1300,1700,2200
Andhra Pradesh,Annamayya,Mulakalacheruvu APMC,Vegetables,Tomato,13-12-2024,72,1600,1800,2200
Andhra Pradesh,Annamayya,Mulakalacheruvu APMC,Vegetables,Tomato,14-12-2024,87,1500,1700,2200
Andhra Pradesh,Annamayya,Mulakalacheruvu APMC,Vegetables,Tomato,15-12-2024,112,1500,1700,2200
Andhra Pradesh,Annamayya,Mulakalacheruvu APMC,Vegetables,Tomato,16-12-2024,166,1000,1300,1600
Andhra Pradesh,Annamayya,Mulakalacheruvu APMC,Vegetables,Tomato,17-12-2024,170,1000,1300,1500
Andhra Pradesh,Annamayya,Mulakalacheruvu APMC,Vegetables,Tomato,18-12-2024,210,1400,1800,2000
Andhra Pradesh,Annamayya,Mulakalacheruvu APMC,Vegetables,Tomato,19-12-2024,188,1400,1800,2000
Andhra Pradesh,Annamayya,Mulakalacheruvu APMC,Vegetables,Tomato,20-12-2024,169,1400,1700,2000
Andhra Pradesh,Annamayya,Mulakalacheruvu APMC,Vegetables,Tomato,21-12-2024,107,1400,1700,2000
Andhra Pradesh,Annamayya,Mulakalacheruvu APMC,Vegetables,Tomato,22-12-2024,210,2600,3000,3200
Andhra Pradesh,Annamayya,Mulakalacheruvu APMC,Vegetables,Tomato,23-12-2024,266,1700,2000,2200
Andhra Pradesh,Annamayya,Mulakalacheruvu APMC,Vegetables,Tomato,24-12-2024,203,1500,1700,2000
Andhra Pradesh,Annamayya,Mulakalacheruvu APMC,Vegetables,Tomato,25-12-2024,135,1600,2000,2200
Andhra Pradesh,Annamayya,Mulakalacheruvu APMC,Vegetables,Tomato,26-12-2024,112,1300,1700,1800
Andhra Pradesh,Annamayya,Mulakalacheruvu APMC,Vegetables,Tomato,27-12-2024,62,1400,1700,1900
Andhra Pradesh,Annamayya,Mulakalacheruvu APMC,Vegetables,Tomato,28-12-2024,37,2200,2800,3000
Andhra Pradesh,Annamayya,Mulakalacheruvu APMC,Vegetables,Tomato,29-12-2024,147,1700,2000,2100
Andhra Pradesh,Annamayya,Mulakalacheruvu APMC,Vegetables,Tomato,30-12-2024,156,1100,1200,1400
Andhra Pradesh,Annamayya,Mulakalacheruvu APMC,Vegetables,Tomato,31-12-2024,103,1600,2000,2600
Andhra Pradesh,Annamayya,Mulakalacheruvu APMC,Vegetables,Tomato,01-01-2025,87,1600,2600,3000
Andhra Pradesh,Annamayya,Mulakalacheruvu APMC,Vegetables,Tomato,02-01-2025,101,1200,1400,1800
Andhra Pradesh,Annamayya,Mulakalacheruvu APMC,Vegetables,Tomato,03-01-2025,69,1000,1700,2000
Andhra Pradesh,Annamayya,Mulakalacheruvu APMC,Vegetables,Tomato,04-01-2025,106,1000,1200,1500
Andhra Pradesh,Annamayya,Mulakalacheruvu APMC,Vegetables,Tomato,05-01-2025,89,1000,1200,1300
Andhra Pradesh,Annamayya,Mulakalacheruvu APMC,Vegetables,Tomato,06-01-2025,104,1000,1500,2000
Andhra Pradesh,Annamayya,Mulakalacheruvu APMC,Vegetables,Tomato,07-01-2025,123,1000,1200,1500
Andhra Pradesh,Annamayya,Mulakalacheruvu APMC,Vegetables,Tomato,08-01-2025,113,1000,1200,1400
Andhra Pradesh,Annamayya,Mulakalacheruvu APMC,Vegetables,Tomato,09-01-2025,99,1200,1400,1600
Andhra Pradesh,Annamayya,Mulakalacheruvu APMC,Vegetables,Tomato,10-01-2025,106,1000,1200,1400
Andhra Pradesh,Annamayya,Mulakalacheruvu APMC,Vegetables,Tomato,15-01-2025,17,900,1100,1300
Andhra Pradesh,Annamayya,Mulakalacheruvu APMC,Vegetables,Tomato,16-01-2025,13,900,1100,1300
Andhra Pradesh,Annamayya,Mulakalacheruvu APMC,Vegetables,Tomato,17-01-2025,66,1300,1500,1900
Andhra Pradesh,Annamayya,Mulakalacheruvu APMC,Vegetables,Tomato,18-01-2025,99,1000,1200,1500
Andhra Pradesh,Annamayya,Mulakalacheruvu APMC,Vegetables,Tomato,20-01-2025,57,1000,1200,1400
Andhra Pradesh,Annamayya,Mulakalacheruvu APMC,Vegetables,Tomato,21-01-2025,45,1000,1300,1500
Andhra Pradesh,Annamayya,Mulakalacheruvu APMC,Vegetables,Tomato,22-01-2025,54,1000,1300,1600
Andhra Pradesh,Annamayya,Mulakalacheruvu APMC,Vegetables,Tomato,23-01-2025,91,1200,1400,1600
Andhra Pradesh,Annamayya,Mulakalacheruvu APMC,Vegetables,Tomato,24-01-2025,37,1200,1400,1600
Andhra Pradesh,Annamayya,Mulakalacheruvu APMC,Vegetables,Tomato,25-01-2025,74,1000,1200,1500
Andhra Pradesh,Annamayya,Mulakalacheruvu APMC,Vegetables,Tomato,26-01-2025,59,1200,1400,1600
Andhra Pradesh,Annamayya,Mulakalacheruvu APMC,Vegetables,Tomato,27-01-2025,42,1200,1500,1800
Andhra Pradesh,Annamayya,Mulakalacheruvu APMC,Vegetables,Tomato,28-01-2025,44,1200,1600,2000
Andhra Pradesh,Annamayya,Mulakalacheruvu APMC,Vegetables,Tomato,29-01-2025,40,1300,1500,1800
Andhra Pradesh,Annamayya,Mulakalacheruvu APMC,Vegetables,Tomato,30-01-2025,54,1200,1500,1800
Andhra Pradesh,Annamayya,Mulakalacheruvu APMC,Vegetables,Tomato,31-01-2025,54,1200,1500,1800
Andhra Pradesh,Annamayya,Mulakalacheruvu APMC,Vegetables,Tomato,01-02-2025,56,1200,1500,1800
Andhra Pradesh,Annamayya,Mulakalacheruvu APMC,Vegetables,Tomato,02-02-2025,49,1500,1700,2000
Andhra Pradesh,Annamayya,Mulakalacheruvu APMC,Vegetables,Tomato,03-02-2025,64,1200,1500,1800
Andhra Pradesh,Annamayya,Mulakalacheruvu APMC,Vegetables,Tomato,04-02-2025,57,1400,1700,2000
Andhra Pradesh,Annamayya,Mulakalacheruvu APMC,Vegetables,Tomato,05-02-2025,54,1200,1600,1800
Andhra Pradesh,Annamayya,Mulakalacheruvu APMC,Vegetables,Tomato,06-02-2025,59,1500,1800,2000
Andhra Pradesh,Annamayya,Mulakalacheruvu APMC,Vegetables,Tomato,07-02-2025,56,1600,1900,2100
Andhra Pradesh,Annamayya,Mulakalacheruvu APMC,Vegetables,Tomato,08-02-2025,57,1500,1800,2000
Andhra Pradesh,Annamayya,Mulakalacheruvu APMC,Vegetables,Tomato,09-02-2025,54,1500,1800,2000
Andhra Pradesh,Annamayya,Mulakalacheruvu APMC,Vegetables,Tomato,10-02-2025,45,1400,1700,1900
Andhra Pradesh,Annamayya,Mulakalacheruvu APMC,Vegetables,Tomato,11-02-2025,69,1500,1700,2000
Andhra Pradesh,Annamayya,Mulakalacheruvu APMC,Vegetables,Tomato,12-02-2025,52,1400,1600,1700
Andhra Pradesh,Annamayya,Mulakalacheruvu APMC,Vegetables,Tomato,13-02-2025,51,1300,1500,1600
Andhra Pradesh,Annamayya,Mulakalacheruvu APMC,Vegetables,Tomato,14-02-2025,42,1100,1400,1600
Andhra Pradesh,Annamayya,Mulakalacheruvu APMC,Vegetables,Tomato,15-02-2025,59,1100,1400,1500
Andhra Pradesh,Annamayya,Mulakalacheruvu APMC,Vegetables,Tomato,16-02-2025,49,1200,1400,1600
Andhra Pradesh,Annamayya,Mulakalacheruvu APMC,Vegetables,Tomato,17-02-2025,49,1400,1500,1800
Andhra Pradesh,Annamayya,Mulakalacheruvu APMC,Vegetables,Tomato,18-02-2025,59,1300,1500,1700
Andhra Pradesh,Annamayya,Mulakalacheruvu APMC,Vegetables,Tomato,19-02-2025,71,1200,1400,1600
Andhra Pradesh,Annamayya,Mulakalacheruvu APMC,Vegetables,Tomato,20-02-2025,67,1100,1400,1600
Andhra Pradesh,Annamayya,Mulakalacheruvu APMC,Vegetables,Tomato,21-02-2025,79,1100,1300,1400
Andhra Pradesh,Annamayya,Mulakalacheruvu APMC,Vegetables,Tomato,22-02-2025,62,1000,1200,1300
Andhra Pradesh,Annamayya,Mulakalacheruvu APMC,Vegetables,Tomato,23-02-2025,49,1000,1200,1300
Andhra Pradesh,Annamayya,Mulakalacheruvu APMC,Vegetables,Tomato,24-02-2025,57,1100,1200,1300
Andhra Pradesh,Annamayya,Mulakalacheruvu APMC,Vegetables,Tomato,25-02-2025,69,1100,1200,1300
Andhra Pradesh,Annamayya,Mulakalacheruvu APMC,Vegetables,Tomato,26-02-2025,56,800,900,1000
Andhra Pradesh,Annamayya,Mulakalacheruvu APMC,Vegetables,Tomato,27-02-2025,54,1100,1200,1300
Andhra Pradesh,Annamayya,Mulakalacheruvu APMC,Vegetables,Tomato,28-02-2025,51,1100,1200,1300
Andhra Pradesh,Annamayya,Mulakalacheruvu APMC,Vegetables,Tomato,01-03-2025,59,1100,1200,1300
Andhra Pradesh,Annamayya,Mulakalacheruvu APMC,Vegetables,Tomato,02-03-2025,52,1100,1200,1300
Andhra Pradesh,Annamayya,Mulakalacheruvu APMC,Vegetables,Tomato,03-03-2025,54,1100,1200,1400
Andhra Pradesh,Annamayya,Mulakalacheruvu APMC,Vegetables,Tomato,04-03-2025,57,1100,1200,1400
Andhra Pradesh,Annamayya,Mulakalacheruvu APMC,Vegetables,Tomato,05-03-2025,52,1100,1200,1400
Andhra Pradesh,Annamayya,Mulakalacheruvu APMC,Vegetables,Tomato,06-03-2025,49,1000,1100,1300
Andhra Pradesh,Annamayya,Mulakalacheruvu APMC,Vegetables,Tomato,07-03-2025,46,1000,1100,1200
Andhra Pradesh,Annamayya,Mulakalacheruvu APMC,Vegetables,Tomato,08-03-2025,54,1000,1100,1200
Andhra Pradesh,Annamayya,Mulakalacheruvu APMC,Vegetables,Tomato,09-03-2025,49,1000,1100,1200
Andhra Pradesh,Annamayya,Mulakalacheruvu APMC,Vegetables,Tomato,10-03-2025,61,1000,1100,1200
Andhra Pradesh,Annamayya,Mulakalacheruvu APMC,Vegetables,Tomato,11-03-2025,69,1000,1300,1600
Andhra Pradesh,Annamayya,Mulakalacheruvu APMC,Vegetables,Tomato,12-03-2025,66,1000,1200,1300
Andhra Pradesh,Annamayya,Mulakalacheruvu APMC,Vegetables,Tomato,13-03-2025,54,1000,1100,1200
Andhra Pradesh,Annamayya,Mulakalacheruvu APMC,Vegetables,Tomato,14-03-2025,54,1000,1100,1200
Andhra Pradesh,Annamayya,Mulakalacheruvu APMC,Vegetables,Tomato,15-03-2025,49,1000,1100,1200
Andhra Pradesh,Annamayya,Mulakalacheruvu APMC,Vegetables,Tomato,16-03-2025,74,1000,1100,1300
Andhra Pradesh,Annamayya,Mulakalacheruvu APMC,Vegetables,Tomato,17-03-2025,67,1000,1100,1200
Andhra Pradesh,Annamayya,Mulakalacheruvu APMC,Vegetables,Tomato,18-03-2025,84,1000,1100,1200
Andhra Pradesh,Annamayya,Mulakalacheruvu APMC,Vegetables,Tomato,19-03-2025,74,1000,1100,1200
Andhra Pradesh,Annamayya,Mulakalacheruvu APMC,Vegetables,Tomato,20-03-2025,69,1000,1100,1300
Andhra Pradesh,Annamayya,Mulakalacheruvu APMC,Vegetables,Tomato,21-03-2025,79,900,1000,1100
Andhra Pradesh,Annamayya,Mulakalacheruvu APMC,Vegetables,Tomato,22-03-2025,79,1000,1100,1200
Andhra Pradesh,Annamayya,Mulakalacheruvu APMC,Vegetables,Tomato,23-03-2025,84,1000,1100,1200
Andhra Pradesh,Annamayya,Mulakalacheruvu APMC,Vegetables,Tomato,24-03-2025,84,900,1000,1100
Andhra Pradesh,Annamayya,Mulakalacheruvu APMC,Vegetables,Tomato,25-03-2025,69,1000,1100,1200
Andhra Pradesh,Annamayya,Mulakalacheruvu APMC,Vegetables,Tomato,26-03-2025,79,1000,1100,1200
Andhra Pradesh,Annamayya,Mulakalacheruvu APMC,Vegetables,Tomato,27-03-2025,79,900,1000,1100
Andhra Pradesh,Annamayya,Mulakalacheruvu APMC,Vegetables,Tomato,28-03-2025,77,900,1000,1100
Andhra Pradesh,Annamayya,Mulakalacheruvu APMC,Vegetables,Tomato,31-03-2025,62,1000,1200,1400
Andhra Pradesh,Annamayya,Mulakalacheruvu APMC,Vegetables,Tomato,01-04-2025,79,1000,1200,1300
Andhra Pradesh,Annamayya,Mulakalacheruvu APMC,Vegetables,Tomato,02-04-2025,94,1000,1200,1300
Andhra Pradesh,Annamayya,Mulakalacheruvu APMC,Vegetables,Tomato,03-04-2025,74,1000,1200,1400
Andhra Pradesh,Annamayya,Mulakalacheruvu APMC,Vegetables,Tomato,04-04-2025,96,1000,1100,1200
Andhra Pradesh,Annamayya,Mulakalacheruvu APMC,Vegetables,Tomato,05-04-2025,96,1000,1100,1200
Andhra Pradesh,Annamayya,Mulakalacheruvu APMC,Vegetables,Tomato,06-04-2025,94,1000,1100,1200
Andhra Pradesh,Annamayya,Mulakalacheruvu APMC,Vegetables,Tomato,07-04-2025,99,1000,1100,1200
Andhra Pradesh,Annamayya,Mulakalacheruvu APMC,Vegetables,Tomato,08-04-2025,86,1000,1100,1200
Andhra Pradesh,Annamayya,Mulakalacheruvu APMC,Vegetables,Tomato,09-04-2025,98,1000,1100,1200
Andhra Pradesh,Annamayya,Mulakalacheruvu APMC,Vegetables,Tomato,10-04-2025,101,1000,1400,1500
Andhra Pradesh,Annamayya,Mulakalacheruvu APMC,Vegetables,Tomato,11-04-2025,93,1100,1400,1500
Andhra Pradesh,Annamayya,Mulakalacheruvu APMC,Vegetables,Tomato,14-04-2025,86,1000,1200,1300
Andhra Pradesh,Annamayya,Mulakalacheruvu APMC,Vegetables,Tomato,15-04-2025,103,1000,1100,1300
Andhra Pradesh,Annamayya,Mulakalacheruvu APMC,Vegetables,Tomato,16-04-2025,106,1000,1100,1200
Andhra Pradesh,Annamayya,Mulakalacheruvu APMC,Vegetables,Tomato,17-04-2025,116,1000,1100,1200
Andhra Pradesh,Annamayya,Mulakalacheruvu APMC,Vegetables,Tomato,18-04-2025,131,1000,1100,1200
Andhra Pradesh,Annamayya,Mulakalacheruvu APMC,Vegetables,Tomato,19-04-2025,106,1000,1100,1200
Andhra Pradesh,Annamayya,Mulakalacheruvu APMC,Vegetables,Tomato,20-04-2025,109,1100,1200,1300
Andhra Pradesh,Annamayya,Mulakalacheruvu APMC,Vegetables,Tomato,21-04-2025,153,1100,1200,1300
Andhra Pradesh,Annamayya,Mulakalacheruvu APMC,Vegetables,Tomato,22-04-2025,131,1100,1200,1300
Andhra Pradesh,Annamayya,Mulakalacheruvu APMC,Vegetables,Tomato,23-04-2025,129,1000,1100,1200
Andhra Pradesh,Annamayya,Mulakalacheruvu APMC,Vegetables,Tomato,24-04-2025,161,900,1000,1100
Andhra Pradesh,Annamayya,Mulakalacheruvu APMC,Vegetables,Tomato,25-04-2025,141,900,1000,1100
Andhra Pradesh,Annamayya,Mulakalacheruvu APMC,Vegetables,Tomato,26-04-2025,153,900,1000,1100
Andhra Pradesh,Annamayya,Mulakalacheruvu APMC,Vegetables,Tomato,27-04-2025,132,900,1000,1100
Andhra Pradesh,Annamayya,Mulakalacheruvu APMC,Vegetables,Tomato,28-04-2025,148,950,1050,1130
Andhra Pradesh,Annamayya,Mulakalacheruvu APMC,Vegetables,Tomato,29-04-2025,172,900,1000,1050
Andhra Pradesh,Annamayya,Mulakalacheruvu APMC,Vegetables,Tomato,30-04-2025,193,1000,1100,1200
Andhra Pradesh,Annamayya,Mulakalacheruvu APMC,Vegetables,Tomato,01-05-2025,200,700,850,1000
Andhra Pradesh,Annamayya,Mulakalacheruvu APMC,Vegetables,Tomato,02-05-2025,181,700,850,1000
Andhra Pradesh,Annamayya,Mulakalacheruvu APMC,Vegetables,Tomato,03-05-2025,178,700,800,1000
Andhra Pradesh,Annamayya,Mulakalacheruvu APMC,Vegetables,Tomato,04-05-2025,190,700,850,1000
Andhra Pradesh,Annamayya,Mulakalacheruvu APMC,Vegetables,Tomato,05-05-2025,206,700,800,900
Andhra Pradesh,Annamayya,Mulakalacheruvu APMC,Vegetables,Tomato,06-05-2025,197,800,1000,1200
Andhra Pradesh,Annamayya,Mulakalacheruvu APMC,Vegetables,Tomato,07-05-2025,195,700,800,950
Andhra Pradesh,Annamayya,Mulakalacheruvu APMC,Vegetables,Tomato,08-05-2025,164,700,800,950
Andhra Pradesh,Annamayya,Mulakalacheruvu APMC,Vegetables,Tomato,09-05-2025,127,800,900,1000
Andhra Pradesh,Annamayya,Mulakalacheruvu APMC,Vegetables,Tomato,10-05-2025,183,800,900,1000
Andhra Pradesh,Annamayya,Mulakalacheruvu APMC,Vegetables,Tomato,11-05-2025,139,800,900,1000
Andhra Pradesh,Annamayya,Mulakalacheruvu APMC,Vegetables,Tomato,12-05-2025,160,900,1000,1100
Andhra Pradesh,Annamayya,Mulakalacheruvu APMC,Vegetables,Tomato,13-05-2025,210,900,1000,1100
Andhra Pradesh,Annamayya,Mulakalacheruvu APMC,Vegetables,Tomato,14-05-2025,164,850,900,1050
Andhra Pradesh,Annamayya,Mulakalacheruvu APMC,Vegetables,Tomato,15-05-2025,125,850,900,1050
Andhra Pradesh,Annamayya,Mulakalacheruvu APMC,Vegetables,Tomato,16-05-2025,110,800,900,1000
Andhra Pradesh,Annamayya,Mulakalacheruvu APMC,Vegetables,Tomato,17-05-2025,127,850,900,1050
Andhra Pradesh,Annamayya,Mulakalacheruvu APMC,Vegetables,Tomato,18-05-2025,155,850,900,1050
Andhra Pradesh,Annamayya,Mulakalacheruvu APMC,Vegetables,Tomato,19-05-2025,116,850,900,1050
Andhra Pradesh,Annamayya,Mulakalacheruvu APMC,Vegetables,Tomato,20-05-2025,131,1000,1100,1200
Andhra Pradesh,Annamayya,Mulakalacheruvu APMC,Vegetables,Tomato,21-05-2025,185,1000,1100,1300
Andhra Pradesh,Annamayya,Mulakalacheruvu APMC,Vegetables,Tomato,22-05-2025,131,850,900,1050
Andhra Pradesh,Annamayya,Mulakalacheruvu APMC,Vegetables,Tomato,23-05-2025,107,800,900,1000
Andhra Pradesh,Annamayya,Mulakalacheruvu APMC,Vegetables,Tomato,24-05-2025,116,800,900,1000
Andhra Pradesh,Annamayya,Mulakalacheruvu APMC,Vegetables,Tomato,25-05-2025,168,850,900,1050
Andhra Pradesh,Annamayya,Mulakalacheruvu APMC,Vegetables,Tomato,26-05-2025,193,900,1000,1100
Andhra Pradesh,Annamayya,Mulakalacheruvu APMC,Vegetables,Tomato,27-05-2025,193,900,1000,1100
Andhra Pradesh,Annamayya,Mulakalacheruvu APMC,Vegetables,Tomato,28-05-2025,250,850,900,1050
Andhra Pradesh,Annamayya,Mulakalacheruvu APMC,Vegetables,Tomato,29-05-2025,233,850,900,950
Andhra Pradesh,Annamayya,Mulakalacheruvu APMC,Vegetables,Tomato,30-05-2025,245,900,1000,1100
Andhra Pradesh,Annamayya,Mulakalacheruvu APMC,Vegetables,Tomato,31-05-2025,258,850,900,1050
Andhra Pradesh,Annamayya,Mulakalacheruvu APMC,Vegetables,Tomato,02-06-2025,242,900,1000,1300
Andhra Pradesh,Annamayya,Mulakalacheruvu APMC,Vegetables,Tomato,03-06-2025,270,950,1150,1350
Andhra Pradesh,Annamayya,Mulakalacheruvu APMC,Vegetables,Tomato,04-06-2025,273,1300,1400,1600
Andhra Pradesh,Annamayya,Mulakalacheruvu APMC,Vegetables,Tomato,05-06-2025,277,1300,1400,1600
Andhra Pradesh,Annamayya,Mulakalacheruvu APMC,Vegetables,Tomato,06-06-2025,304,1300,1400,1600
Andhra Pradesh,Annamayya,Mulakalacheruvu APMC,Vegetables,Tomato,07-06-2025,298,1200,1300,1500
Andhra Pradesh,Annamayya,Mulakalacheruvu APMC,Vegetables,Tomato,08-06-2025,129,1200,1300,1500
Andhra Pradesh,Annamayya,Mulakalacheruvu APMC,Vegetables,Tomato,09-06-2025,194,1300,1400,1600
Andhra Pradesh,Annamayya,Mulakalacheruvu APMC,Vegetables,Tomato,10-06-2025,305,1500,1800,2000
Andhra Pradesh,Annamayya,Mulakalacheruvu APMC,Vegetables,Tomato,11-06-2025,303,1500,1800,2000
Andhra Pradesh,Annamayya,Mulakalacheruvu APMC,Vegetables,Tomato,12-06-2025,280,1300,1400,1600
Andhra Pradesh,Annamayya,Mulakalacheruvu APMC,Vegetables,Tomato,13-06-2025,352,1500,1800,2000
Andhra Pradesh,Annamayya,Mulakalacheruvu APMC,Vegetables,Tomato,14-06-2025,171,1200,1500,1900
Andhra Pradesh,Annamayya,Mulakalacheruvu APMC,Vegetables,Tomato,15-06-2025,183,1000,1400,1800
Andhra Pradesh,Annamayya,Mulakalacheruvu APMC,Vegetables,Tomato,16-06-2025,178,1000,1400,1900
Andhra Pradesh,Annamayya,Mulakalacheruvu APMC,Vegetables,Tomato,17-06-2025,218,1000,1400,1800
Andhra Pradesh,Annamayya,Mulakalacheruvu APMC,Vegetables,Tomato,18-06-2025,250,1000,1600,1900
Andhra Pradesh,Annamayya,Mulakalacheruvu APMC,Vegetables,Tomato,19-06-2025,283,1000,1600,1800
Andhra Pradesh,Annamayya,Mulakalacheruvu APMC,Vegetables,Tomato,20-06-2025,279,1000,1350,1650
Andhra Pradesh,Annamayya,Mulakalacheruvu APMC,Vegetables,Tomato,21-06-2025,245,900,1300,1600
Andhra Pradesh,Annamayya,Mulakalacheruvu APMC,Vegetables,Tomato,22-06-2025,295,900,1400,1700
Andhra Pradesh,Annamayya,Mulakalacheruvu APMC,Vegetables,Tomato,23-06-2025,290,900,1400,1700
Andhra Pradesh,Annamayya,Mulakalacheruvu APMC,Vegetables,Tomato,24-06-2025,345,1000,1600,2200
Andhra Pradesh,Annamayya,Mulakalacheruvu APMC,Vegetables,Tomato,26-06-2025,360,1000,1700,2300
Andhra Pradesh,Annamayya,Mulakalacheruvu APMC,Vegetables,Tomato,27-06-2025,420,1000,1900,2500
Andhra Pradesh,Annamayya,Mulakalacheruvu APMC,Vegetables,Tomato,28-06-2025,435,1000,1900,2500
Andhra Pradesh,Annamayya,Mulakalacheruvu APMC,Vegetables,Tomato,29-06-2025,418,1000,1750,2500
Andhra Pradesh,Annamayya,Mulakalacheruvu APMC,Vegetables,Tomato,30-06-2025,390,1000,1750,2500
Andhra Pradesh,Annamayya,Mulakalacheruvu APMC,Vegetables,Tomato,01-07-2025,480,1000,2100,3200
Andhra Pradesh,Annamayya,Mulakalacheruvu APMC,Vegetables,Tomato,02-07-2025,400,1000,2100,3300
Andhra Pradesh,Annamayya,Mulakalacheruvu APMC,Vegetables,Tomato,03-07-2025,480,1000,2100,3300
Andhra Pradesh,Annamayya,Mulakalacheruvu APMC,Vegetables,Tomato,04-07-2025,553,1000,2100,3300
Andhra Pradesh,Annamayya,Mulakalacheruvu APMC,Vegetables,Tomato,05-07-2025,496,1000,2100,3000
Andhra Pradesh,Annamayya,Mulakalacheruvu APMC,Vegetables,Tomato,06-07-2025,496,1000,2100,2800
Andhra Pradesh,Annamayya,Mulakalacheruvu APMC,Vegetables,Tomato,07-07-2025,418,1000,2000,2700
Andhra Pradesh,Annamayya,Mulakalacheruvu APMC,Vegetables,Tomato,08-07-2025,530,1000,2000,2800
Andhra Pradesh,Annamayya,Mulakalacheruvu APMC,Vegetables,Tomato,09-07-2025,530,1000,2000,2800
Andhra Pradesh,Annamayya,Mulakalacheruvu APMC,Vegetables,Tomato,10-07-2025,548,1000,2000,2600
Andhra Pradesh,Annamayya,Mulakalacheruvu APMC,Vegetables,Tomato,11-07-2025,477,1000,2000,2600
Andhra Pradesh,Annamayya,Mulakalacheruvu APMC,Vegetables,Tomato,12-07-2025,532,1000,2000,2600
Andhra Pradesh,Annamayya,Mulakalacheruvu APMC,Vegetables,Tomato,13-07-2025,497,1000,2000,2600
Andhra Pradesh,Annamayya,Mulakalacheruvu APMC,Vegetables,Tomato,14-07-2025,440,1000,2000,2700
Andhra Pradesh,Annamayya,Mulakalacheruvu APMC,Vegetables,Tomato,15-07-2025,428,1000,2000,2700
Andhra Pradesh,Annamayya,Mulakalacheruvu APMC,Vegetables,Tomato,16-07-2025,493,1000,2000,2700
Andhra Pradesh,Annamayya,Mulakalacheruvu APMC,Vegetables,Tomato,18-07-2025,381,900,1900,2600
Andhra Pradesh,Annamayya,Mulakalacheruvu APMC,Vegetables,Tomato,19-07-2025,417,1000,2100,2600
Andhra Pradesh,Annamayya,Mulakalacheruvu APMC,Vegetables,Tomato,20-07-2025,364,1000,2500,3200
Andhra Pradesh,Annamayya,Mulakalacheruvu APMC,Vegetables,Tomato,21-07-2025,400,1000,2500,3200
Andhra Pradesh,Annamayya,Mulakalacheruvu APMC,Vegetables,Tomato,22-07-2025,424,1200,3000,3800
Andhra Pradesh,Annamayya,Mulakalacheruvu APMC,Vegetables,Tomato,23-07-2025,432,2000,2900,3800
Andhra Pradesh,Annamayya,Mulakalacheruvu APMC,Vegetables,Tomato,24-07-2025,403,1500,2700,3500
Andhra Pradesh,Annamayya,Mulakalacheruvu APMC,Vegetables,Tomato,25-07-2025,420,1500,2700,3300
Andhra Pradesh,Annamayya,Mulakalacheruvu APMC,Vegetables,Tomato,26-07-2025,421,2000,2700,3800
Andhra Pradesh,Annamayya,Mulakalacheruvu APMC,Vegetables,Tomato,27-07-2025,402,2000,2700,3800
Andhra Pradesh,Annamayya,Mulakalacheruvu APMC,Vegetables,Tomato,28-07-2025,415,2200,3200,4600
Andhra Pradesh,Annamayya,Mulakalacheruvu APMC,Vegetables,Tomato,29-07-2025,423,2500,3500,4800
Andhra Pradesh,Annamayya,Mulakalacheruvu APMC,Vegetables,Tomato,30-07-2025,462,2500,3500,4800
Andhra Pradesh,Annamayya,Mulakalacheruvu APMC,Vegetables,Tomato,31-07-2025,354,2400,3500,4600
Andhra Pradesh,Annamayya,Mulakalacheruvu APMC,Vegetables,Tomato,01-08-2025,410,2000,2700,3800
Andhra Pradesh,Annamayya,Mulakalacheruvu APMC,Vegetables,Tomato,02-08-2025,370,2000,3000,4000
Andhra Pradesh,Annamayya,Mulakalacheruvu APMC,Vegetables,Tomato,03-08-2025,436,1900,2700,3600
Andhra Pradesh,Annamayya,Mulakalacheruvu APMC,Vegetables,Tomato,04-08-2025,487,2000,3100,4000
Andhra Pradesh,Annamayya,Mulakalacheruvu APMC,Vegetables,Tomato,05-08-2025,390,2200,3300,4400
Andhra Pradesh,Annamayya,Mulakalacheruvu APMC,Vegetables,Tomato,06-08-2025,365,2500,3200,4200
Andhra Pradesh,Annamayya,Mulakalacheruvu APMC,Vegetables,Tomato,07-08-2025,382,2500,3000,4400
Andhra Pradesh,Annamayya,Mulakalacheruvu APMC,Vegetables,Tomato,08-08-2025,496,2800,3600,4600
Andhra Pradesh,Annamayya,Mulakalacheruvu APMC,Vegetables,Tomato,09-08-2025,354,2500,3300,4400
Andhra Pradesh,Annamayya,Mulakalacheruvu APMC,Vegetables,Tomato,10-08-2025,365,2000,2700,3900
Andhra Pradesh,Annamayya,Mulakalacheruvu APMC,Vegetables,Tomato,11-08-2025,480,2500,3600,4400
Andhra Pradesh,Annamayya,Mulakalacheruvu APMC,Vegetables,Tomato,12-08-2025,362,2500,3600,4400
Andhra Pradesh,Annamayya,Mulakalacheruvu APMC,Vegetables,Tomato,13-08-2025,425,3000,3600,4400
Andhra Pradesh,Annamayya,Mulakalacheruvu APMC,Vegetables,Tomato,14-08-2025,316,2800,3400,4400
Andhra Pradesh,Annamayya,Mulakalacheruvu APMC,Vegetables,Tomato,15-08-2025,435,2800,3700,4800
Andhra Pradesh,Annamayya,Mulakalacheruvu APMC,Vegetables,Tomato,16-08-2025,450,2300,3000,4000
Andhra Pradesh,Annamayya,Mulakalacheruvu APMC,Vegetables,Tomato,17-08-2025,442,2700,3600,4400
Andhra Pradesh,Annamayya,Mulakalacheruvu APMC,Vegetables,Tomato,18-08-2025,438,2700,3800,4600
Andhra Pradesh,Annamayya,Mulakalacheruvu APMC,Vegetables,Tomato,19-08-2025,410,2600,3500,4400
Andhra Pradesh,Annamayya,Mulakalacheruvu APMC,Vegetables,Tomato,20-08-2025,454,2600,3700,4700
Andhra Pradesh,Annamayya,Mulakalacheruvu APMC,Vegetables,Tomato,21-08-2025,427,2600,3700,4700
Andhra Pradesh,Annamayya,Mulakalacheruvu APMC,Vegetables,Tomato,22-08-2025,537,2400,3200,4100
Andhra Pradesh,Annamayya,Mulakalacheruvu APMC,Vegetables,Tomato,23-08-2025,503,1800,2800,3600
Andhra Pradesh,Annamayya,Mulakalacheruvu APMC,Vegetables,Tomato,24-08-2025,499,1900,2700,3400
Andhra Pradesh,Annamayya,Mulakalacheruvu APMC,Vegetables,Tomato,25-08-2025,521,1900,2700,3400
Andhra Pradesh,Annamayya,Mulakalacheruvu APMC,Vegetables,Tomato,26-08-2025,510,1600,2500,3000
Andhra Pradesh,Annamayya,Mulakalacheruvu APMC,Vegetables,Tomato,27-08-2025,470,1600,2500,3000
Andhra Pradesh,Annamayya,Mulakalacheruvu APMC,Vegetables,Tomato,28-08-2025,350,2000,2500,3000
Andhra Pradesh,Annamayya,Mulakalacheruvu APMC,Vegetables,Tomato,29-08-2025,610,1800,2200,3000
Andhra Pradesh,Annamayya,Mulakalacheruvu APMC,Vegetables,Tomato,30-08-2025,648,1700,2100,2800
Andhra Pradesh,Annamayya,Mulakalacheruvu APMC,Vegetables,Tomato,31-08-2025,585,1200,1700,2200
Andhra Pradesh,Annamayya,Mulakalacheruvu APMC,Vegetables,Tomato,01-09-2025,656,1800,2200,2800
Andhra Pradesh,Annamayya,Mulakalacheruvu APMC,Vegetables,Tomato,02-09-2025,792,1800,2200,2800
Andhra Pradesh,Annamayya,Mulakalacheruvu APMC,Vegetables,Tomato,03-09-2025,838,1800,2000,2500
Andhra Pradesh,Annamayya,Mulakalacheruvu APMC,Vegetables,Tomato,04-09-2025,780,1500,1900,2400
Andhra Pradesh,Annamayya,Mulakalacheruvu APMC,Vegetables,Tomato,05-09-2025,883,1200,1500,2000
Andhra Pradesh,Annamayya,Mulakalacheruvu APMC,Vegetables,Tomato,06-09-2025,853,1000,1300,1600
Andhra Pradesh,Annamayya,Mulakalacheruvu APMC,Vegetables,Tomato,07-09-2025,673,1100,1450,1800
Andhra Pradesh,Annamayya,Mulakalacheruvu APMC,Vegetables,Tomato,08-09-2025,790,1300,1600,2000
Andhra Pradesh,Annamayya,Mulakalacheruvu APMC,Vegetables,Tomato,09-09-2025,770,1200,1500,1800
Andhra Pradesh,Annamayya,Mulakalacheruvu APMC,Vegetables,Tomato,10-09-2025,815,1200,1600,2000
Andhra Pradesh,Annamayya,Mulakalacheruvu APMC,Vegetables,Tomato,11-09-2025,680,1300,1800,2200
Andhra Pradesh,Annamayya,Mulakalacheruvu APMC,Vegetables,Tomato,12-09-2025,590,1300,2000,2500
Andhra Pradesh,Annamayya,Mulakalacheruvu APMC,Vegetables,Tomato,13-09-2025,800,1250,1800,2200
Andhra Pradesh,Annamayya,Mulakalacheruvu APMC,Vegetables,Tomato,14-09-2025,846,1250,1800,2200
Andhra Pradesh,Annamayya,Mulakalacheruvu APMC,Vegetables,Tomato,15-09-2025,816,1000,1400,1800
Andhra Pradesh,Annamayya,Mulakalacheruvu APMC,Vegetables,Tomato,16-09-2025,680,1000,1400,1850
Andhra Pradesh,Annamayya,Mulakalacheruvu APMC,Vegetables,Tomato,17-09-2025,686,1300,1700,2100
Andhra Pradesh,Annamayya,Mulakalacheruvu APMC,Vegetables,Tomato,18-09-2025,520,1300,2000,2500
Andhra Pradesh,Annamayya,Mulakalacheruvu APMC,Vegetables,Tomato,19-09-2025,655,1100,2000,2500
Andhra Pradesh,Annamayya,Mulakalacheruvu APMC,Vegetables,Tomato,20-09-2025,742,1300,2200,2700
Andhra Pradesh,Annamayya,Mulakalacheruvu APMC,Vegetables,Tomato,21-09-2025,677,1300,2800,3400
Andhra Pradesh,Annamayya,Mulakalacheruvu APMC,Vegetables,Tomato,22-09-2025,775,1500,3000,3950
Andhra Pradesh,Annamayya,Mulakalacheruvu APMC,Vegetables,Tomato,23-09-2025,706,1300,2800,3800
Andhra Pradesh,Annamayya,Mulakalacheruvu APMC,Vegetables,Tomato,24-09-2025,766,1300,2500,3100
Andhra Pradesh,Annamayya,Mulakalacheruvu APMC,Vegetables,Tomato,25-09-2025,800,1000,2200,2900
Andhra Pradesh,Annamayya,Mulakalacheruvu APMC,Vegetables,Tomato,26-09-2025,770,900,1800,2500
Andhra Pradesh,Annamayya,Mulakalacheruvu APMC,Vegetables,Tomato,27-09-2025,833,900,1700,2100
Andhra Pradesh,Annamayya,Mulakalacheruvu APMC,Vegetables,Tomato,28-09-2025,720,900,1800,2200
Andhra Pradesh,Annamayya,Mulakalacheruvu APMC,Vegetables,Tomato,29-09-2025,832,1000,1900,2400
Andhra Pradesh,Annamayya,Mulakalacheruvu APMC,Vegetables,Tomato,30-09-2025,726,1000,1900,2500
Andhra Pradesh,Annamayya,Mulakalacheruvu APMC,Vegetables,Tomato,01-10-2025,725,1000,1800,2300
Andhra Pradesh,Annamayya,Mulakalacheruvu APMC,Vegetables,Tomato,02-10-2025,700,900,1800,2300
Andhra Pradesh,Annamayya,Mulakalacheruvu APMC,Vegetables,Tomato,03-10-2025,650,1000,1900,2500
Andhra Pradesh,Annamayya,Mulakalacheruvu APMC,Vegetables,Tomato,04-10-2025,680,1000,1900,2500
Andhra Pradesh,Annamayya,Mulakalacheruvu APMC,Vegetables,Tomato,05-10-2025,633,900,1800,2400
Andhra Pradesh,Annamayya,Mulakalacheruvu APMC,Vegetables,Tomato,06-10-2025,600,1000,1900,2700
Andhra Pradesh,Annamayya,Mulakalacheruvu APMC,Vegetables,Tomato,07-10-2025,520,1000,2100,2850
Andhra Pradesh,Annamayya,Mulakalacheruvu APMC,Vegetables,Tomato,08-10-2025,710,1000,2000,2600
Andhra Pradesh,Annamayya,Mulakalacheruvu APMC,Vegetables,Tomato,09-10-2025,750,1000,2000,2600
Andhra Pradesh,Annamayya,Mulakalacheruvu APMC,Vegetables,Tomato,10-10-2025,566,900,1700,2300
Andhra Pradesh,Annamayya,Mulakalacheruvu APMC,Vegetables,Tomato,11-10-2025,500,900,1700,2300
Andhra Pradesh,Annamayya,Mulakalacheruvu APMC,Vegetables,Tomato,12-10-2025,587,900,1600,2000
Andhra Pradesh,Annamayya,Mulakalacheruvu APMC,Vegetables,Tomato,13-10-2025,627,1000,2000,2600
Andhra Pradesh,Annamayya,Mulakalacheruvu APMC,Vegetables,Tomato,14-10-2025,467,1000,1800,2400
Andhra Pradesh,Annamayya,Mulakalacheruvu APMC,Vegetables,Tomato,15-10-2025,387,1000,1700,2200
Andhra Pradesh,Annamayya,Mulakalacheruvu APMC,Vegetables,Tomato,16-10-2025,418,1300,2300,2800
Andhra Pradesh,Annamayya,Mulakalacheruvu APMC,Vegetables,Tomato,17-10-2025,388,1300,2300,2900
Andhra Pradesh,Annamayya,Mulakalacheruvu APMC,Vegetables,Tomato,18-10-2025,293,1000,1900,2400
Andhra Pradesh,Annamayya,Mulakalacheruvu APMC,Vegetables,Tomato,20-10-2025,293,900,1700,2200
Andhra Pradesh,Annamayya,Mulakalacheruvu APMC,Vegetables,Tomato,21-10-2025,200,1100,2000,2550
Andhra Pradesh,Annamayya,Mulakalacheruvu APMC,Vegetables,Tomato,22-10-2025,153,1300,2300,3000
Andhra Pradesh,Annamayya,Mulakalacheruvu APMC,Vegetables,Tomato,23-10-2025,183,1300,2700,3200
Andhra Pradesh,Annamayya,Mulakalacheruvu APMC,Vegetables,Tomato,24-10-2025,300,1300,2200,3000
Andhra Pradesh,Annamayya,Mulakalacheruvu APMC,Vegetables,Tomato,25-10-2025,285,1000,1800,2400
Andhra Pradesh,Annamayya,Mulakalacheruvu APMC,Vegetables,Tomato,26-10-2025,140,1100,1800,2400
Andhra Pradesh,Annamayya,Mulakalacheruvu APMC,Vegetables,Tomato,27-10-2025,135,1100,2100,2900
Andhra Pradesh,Annamayya,Mulakalacheruvu APMC,Vegetables,Tomato,28-10-2025,185,1400,2500,3300
Andhra Pradesh,Annamayya,Mulakalacheruvu APMC,Vegetables,Tomato,29-10-2025,85,1100,2200,3000
Andhra Pradesh,Annamayya,Mulakalacheruvu APMC,Vegetables,Tomato,30-10-2025,80,900,1500,2000
Andhra Pradesh,Annamayya,Mulakalacheruvu APMC,Vegetables,Tomato,31-10-2025,193,900,1500,2000
Andhra Pradesh,Annamayya,Mulakalacheruvu APMC,Vegetables,Tomato,01-11-2025,226,1000,1800,2300
Andhra Pradesh,Annamayya,Mulakalacheruvu APMC,Vegetables,Tomato,02-11-2025,173,1000,1800,2300
Andhra Pradesh,Annamayya,Mulakalacheruvu APMC,Vegetables,Tomato,03-11-2025,206,1000,1800,2400
Andhra Pradesh,Annamayya,Mulakalacheruvu APMC,Vegetables,Tomato,04-11-2025,140,1000,1800,2400
Andhra Pradesh,Annamayya,Mulakalacheruvu APMC,Vegetables,Tomato,05-11-2025,173,1000,2000,2500
Andhra Pradesh,Annamayya,Mulakalacheruvu APMC,Vegetables,Tomato,06-11-2025,155,1000,2000,2500
Andhra Pradesh,Annamayya,Mulakalacheruvu APMC,Vegetables,Tomato,01-06-2026,80,1500,2600,3100
Andhra Pradesh,Annamayya,Mulakalacheruvu APMC,Vegetables,Tomato,02-06-2026,65,2000,2800,3300
Andhra Pradesh,Annamayya,Mulakalacheruvu APMC,Vegetables,Tomato,03-06-2026,75,2000,2600,3100
Andhra Pradesh,Annamayya,Mulakalacheruvu APMC,Vegetables,Tomato,04-06-2026,60,1700,2600,3200
Andhra Pradesh,Annamayya,Mulakalacheruvu APMC,Vegetables,Tomato,05-06-2026,55,1800,2600,3300
Andhra Pradesh,Annamayya,Mulakalacheruvu APMC,Vegetables,Tomato,06-06-2026,63,1800,3100,3500
Andhra Pradesh,Annamayya,Mulakalacheruvu APMC,Vegetables,Tomato,07-06-2026,55,1800,3100,3500
Andhra Pradesh,Annamayya,Mulakalacheruvu APMC,Vegetables,Tomato,08-06-2026,75,2000,3300,3800
Andhra Pradesh,Annamayya,Mulakalacheruvu APMC,Vegetables,Tomato,09-06-2026,127,2200,3400,3900
Andhra Pradesh,Annamayya,Mulakalacheruvu APMC,Vegetables,Tomato,10-06-2026,150,2500,3500,3950
Andhra Pradesh,Annamayya,Mulakalacheruvu APMC,Vegetables,Tomato,11-06-2026,150,2200,3150,3600
Andhra Pradesh,Annamayya,Mulakalacheruvu APMC,Vegetables,Tomato,12-06-2026,189,1800,2800,3200
Andhra Pradesh,Annamayya,Mulakalacheruvu APMC,Vegetables,Tomato,13-06-2026,215,2000,3000,3450
Andhra Pradesh,Annamayya,Mulakalacheruvu APMC,Vegetables,Tomato,14-06-2026,171,2000,3100,3500
Andhra Pradesh,Annamayya,Mulakalacheruvu APMC,Vegetables,Tomato,15-06-2026,219,2000,3000,3400
Andhra Pradesh,Annamayya,Mulakalacheruvu APMC,Vegetables,Tomato,16-06-2026,257,1800,2650,3000
Andhra Pradesh,Annamayya,Mulakalacheruvu APMC,Vegetables,Tomato,17-06-2026,290,1500,2500,2800
Andhra Pradesh,Annamayya,Mulakalacheruvu APMC,Vegetables,Tomato,18-06-2026,291,1500,2500,2700
Andhra Pradesh,Annamayya,Mulakalacheruvu APMC,Vegetables,Tomato,19-06-2026,352,1200,2000,2400
Andhra Pradesh,Annamayya,Mulakalacheruvu APMC,Vegetables,Tomato,20-06-2026,452,1200,2000,2400
Andhra Pradesh,Annamayya,Mulakalacheruvu APMC,Vegetables,Tomato,21-06-2026,460,1100,1900,2100
Andhra Pradesh,Annamayya,Mulakalacheruvu APMC,Vegetables,Tomato,22-06-2026,438,1100,2000,2300
Andhra Pradesh,Annamayya,Mulakalacheruvu APMC,Vegetables,Tomato,23-06-2026,516,1000,1750,2100
Andhra Pradesh,Annamayya,Mulakalacheruvu APMC,Vegetables,Tomato,24-06-2026,540,1000,2000,2400
Andhra Pradesh,Annamayya,Mulakalacheruvu APMC,Vegetables,Tomato,25-06-2026,466,1000,1900,2300
Andhra Pradesh,Annamayya,Mulakalacheruvu APMC,Vegetables,Tomato,26-06-2026,480,1000,1800,2100
Andhra Pradesh,Annamayya,Mulakalacheruvu APMC,Vegetables,Tomato,27-06-2026,585,1000,1650,2000
Andhra Pradesh,Annamayya,Mulakalacheruvu APMC,Vegetables,Tomato,28-06-2026,523,900,1150,1800
Andhra Pradesh,Annamayya,Mulakalacheruvu APMC,Vegetables,Tomato,29-06-2026,518,900,1550,1800
Andhra Pradesh,Annamayya,Mulakalacheruvu APMC,Vegetables,Tomato,30-06-2026,603,1000,1600,2100
Andhra Pradesh,Annamayya,Mulakalacheruvu APMC,Vegetables,Tomato,01-07-2026,712,1300,2100,2600
Andhra Pradesh,Annamayya,Mulakalacheruvu APMC,Vegetables,Tomato,02-07-2026,621,1300,2100,2600
Andhra Pradesh,Annamayya,Mulakalacheruvu APMC,Vegetables,Tomato,03-07-2026,832,1000,1650,2050
Andhra Pradesh,Annamayya,Mulakalacheruvu APMC,Vegetables,Tomato,04-07-2026,679,950,1500,1800
Andhra Pradesh,Annamayya,Mulakalacheruvu APMC,Vegetables,Tomato,05-07-2026,700,900,1200,1400
Andhra Pradesh,Annamayya,Mulakalacheruvu APMC,Vegetables,Tomato,06-07-2026,733,900,1250,1550
Andhra Pradesh,Annamayya,Mulakalacheruvu APMC,Vegetables,Tomato,07-07-2026,680,1000,1400,1700
Andhra Pradesh,Annamayya,Mulakalacheruvu APMC,Vegetables,Tomato,08-07-2026,776,1000,1500,1750
Andhra Pradesh,Annamayya,Mulakalacheruvu APMC,Vegetables,Tomato,09-07-2026,903,900,1300,1600
Andhra Pradesh,Annamayya,Mulakalacheruvu APMC,Vegetables,Tomato,10-07-2026,800,900,1450,1850
Andhra Pradesh,Annamayya,Mulakalacheruvu APMC,Vegetables,Tomato,11-07-2026,845,900,1400,1750
Andhra Pradesh,Annamayya,Mulakalacheruvu APMC,Vegetables,Tomato,12-07-2026,773,900,1400,1750
Andhra Pradesh,Annamayya,Mulakalacheruvu APMC,Vegetables,Tomato,13-07-2026,814,900,1500,1850
Andhra Pradesh,Annamayya,Mulakalacheruvu APMC,Vegetables,Tomato,14-07-2026,770,1000,1800,2100
Andhra Pradesh,Annamayya,Mulakalacheruvu APMC,Vegetables,Tomato,15-07-2026,800,1300,2100,2550
Andhra Pradesh,Annamayya,Mulakalacheruvu APMC,Vegetables,Tomato,16-07-2026,718,1100,1800,2250
Andhra Pradesh,Annamayya,Mulakalacheruvu APMC,Vegetables,Tomato,17-07-2026,765,900,1600,1900
Andhra Pradesh,Annamayya,Mulakalacheruvu APMC,Vegetables,Tomato,18-07-2026,808,900,1450,1700
Andhra Pradesh,Annamayya,Mulakalacheruvu APMC,Vegetables,Tomato,19-07-2026,801,900,1350,1600
Andhra Pradesh,Annamayya,Mulakalacheruvu APMC,Vegetables,Tomato,20-07-2026,803,900,1350,1600
Andhra Pradesh,Annamayya,Mulakalacheruvu APMC,Vegetables,Tomato,21-07-2026,946,750,1200,1400
Andhra Pradesh,Annamayya,Mulakalacheruvu APMC,Vegetables,Tomato,22-07-2026,933,700,1150,1350
Andhra Pradesh,Annamayya,Mulakalacheruvu APMC,Vegetables,Tomato,23-07-2026,1005,700,1100,1300
Andhra Pradesh,Annamayya,Mulakalacheruvu APMC,Vegetables,Tomato,24-07-2026,987,600,800,1000
Andhra Pradesh,Annamayya,Mulakalacheruvu APMC,Vegetables,Tomato,25-07-2026,865,600,1000,1200
Andhra Pradesh,Annamayya,Mulakalacheruvu APMC,Vegetables,Tomato,26-07-2026,855,1000,1200,1450
Andhra Pradesh,Annamayya,Mulakalacheruvu APMC,Vegetables,Tomato,27-07-2026,733,900,1150,1400
Andhra Pradesh,Annamayya,Mulakalacheruvu APMC,Vegetables,Tomato,28-07-2026,850,900,1200,1450
Andhra Pradesh,Annamayya,Mulakalacheruvu APMC,Vegetables,Tomato,29-07-2026,955,900,1200,1450
Andhra Pradesh,Annamayya,Mulakalacheruvu APMC,Vegetables,Tomato,30-07-2026,900,1000,1250,1550
Andhra Pradesh,Annamayya,Mulakalacheruvu APMC,Vegetables,Tomato,31-07-2026,869,1050,1300,1550
Andhra Pradesh,Annamayya,Mulakalacheruvu APMC,Vegetables,Tomato,01-08-2026,911,1050,1400,1700
Andhra Pradesh,Annamayya,Mulakalacheruvu APMC,Vegetables,Tomato,02-08-2026,884,1050,1400,1700
Andhra Pradesh,Annamayya,Mulakalacheruvu APMC,Vegetables,Tomato,03-08-2026,864,1000,1250,1550
Andhra Pradesh,Annamayya,Mulakalacheruvu APMC,Vegetables,Tomato,04-08-2026,866,1000,1250,1550
Andhra Pradesh,Annamayya,Mulakalacheruvu APMC,Vegetables,Tomato,05-08-2026,852,900,1150,1350
Andhra Pradesh,Annamayya,Mulakalacheruvu APMC,Vegetables,Tomato,06-08-2026,732,900,1150,1400
Andhra Pradesh,Annamayya,Mulakalacheruvu APMC,Vegetables,Tomato,07-08-2026,840,900,1150,1300
Andhra Pradesh,Annamayya,Mulakalacheruvu APMC,Vegetables,Tomato,08-08-2026,775,900,1100,1300
Andhra Pradesh,Annamayya,Mulakalacheruvu APMC,Vegetables,Tomato,09-08-2026,708,900,1200,1400
Andhra Pradesh,Annamayya,Mulakalacheruvu APMC,Vegetables,Tomato,10-08-2026,757,1000,1400,1600
Andhra Pradesh,Annamayya,Punganur APMC,Vegetables,Tomato,02-01-2023,19.6,1000,1040,1070
Andhra Pradesh,Annamayya,Punganur APMC,Vegetables,Tomato,03-01-2023,15.2,1270,1340,1400
Andhra Pradesh,Annamayya,Punganur APMC,Vegetables,Tomato,04-01-2023,19.3,1070,1140,1200
Andhra Pradesh,Annamayya,Punganur APMC,Vegetables,Tomato,05-01-2023,18.8,1000,1070,1140
Andhra Pradesh,Annamayya,Punganur APMC,Vegetables,Tomato,06-01-2023,21.6,1000,1070,1140
Andhra Pradesh,Annamayya,Punganur APMC,Vegetables,Tomato,07-01-2023,20.7,940,1000,1070
Andhra Pradesh,Annamayya,Punganur APMC,Vegetables,Tomato,08-01-2023,18.7,940,1000,1070
Andhra Pradesh,Annamayya,Punganur APMC,Vegetables,Tomato,10-01-2023,23.4,800,1070,1340
Andhra Pradesh,Annamayya,Punganur APMC,Vegetables,Tomato,11-01-2023,29.4,1200,1340,1470
Andhra Pradesh,Annamayya,Punganur APMC,Vegetables,Tomato,12-01-2023,28.5,1200,1340,1470
Andhra Pradesh,Annamayya,Punganur APMC,Vegetables,Tomato,13-01-2023,23.8,800,1340,1870
Andhra Pradesh,Annamayya,Punganur APMC,Vegetables,Tomato,14-01-2023,16.5,800,1340,1870
Andhra Pradesh,Annamayya,Punganur APMC,Vegetables,Tomato,15-01-2023,20.8,870,1340,1800
Andhra Pradesh,Annamayya,Punganur APMC,Vegetables,Tomato,16-01-2023,13.2,1200,1340,1800
Andhra Pradesh,Annamayya,Punganur APMC,Vegetables,Tomato,21-01-2023,10.5,1670,2000,2200
Andhra Pradesh,Annamayya,Punganur APMC,Vegetables,Tomato,22-01-2023,11.8,1600,1740,1870
Andhra Pradesh,Annamayya,Punganur APMC,Vegetables,Tomato,24-01-2023,17.1,1340,1470,1600
Andhra Pradesh,Annamayya,Punganur APMC,Vegetables,Tomato,25-01-2023,32.4,1070,1340,1600
Andhra Pradesh,Annamayya,Punganur APMC,Vegetables,Tomato,26-01-2023,24.9,1200,1270,1340
Andhra Pradesh,Annamayya,Punganur APMC,Vegetables,Tomato,27-01-2023,25.9,1540,1600,1670
Andhra Pradesh,Annamayya,Punganur APMC,Vegetables,Tomato,28-01-2023,26.5,1600,1740,1870
Andhra Pradesh,Annamayya,Punganur APMC,Vegetables,Tomato,29-01-2023,12.4,1600,1740,1870
Andhra Pradesh,Annamayya,Punganur APMC,Vegetables,Tomato,30-01-2023,23.7,1340,1540,1740
Andhra Pradesh,Annamayya,Punganur APMC,Vegetables,Tomato,31-01-2023,30.3,1340,1670,2000
Andhra Pradesh,Annamayya,Punganur APMC,Vegetables,Tomato,01-02-2023,18.5,1340,1540,1740
Andhra Pradesh,Annamayya,Punganur APMC,Vegetables,Tomato,02-02-2023,14.1,1340,1600,1870
Andhra Pradesh,Annamayya,Punganur APMC,Vegetables,Tomato,03-02-2023,23.1,1200,1340,1470
Andhra Pradesh,Annamayya,Punganur APMC,Vegetables,Tomato,04-02-2023,31.4,1400,1540,1670
Andhra Pradesh,Annamayya,Punganur APMC,Vegetables,Tomato,05-02-2023,19.2,1400,1540,1670
Andhra Pradesh,Annamayya,Punganur APMC,Vegetables,Tomato,06-02-2023,22.5,1270,1400,1540
Andhra Pradesh,Annamayya,Punganur APMC,Vegetables,Tomato,07-02-2023,30.1,1340,1670,2000
Andhra Pradesh,Annamayya,Punganur APMC,Vegetables,Tomato,08-02-2023,11.7,1940,2140,2340
Andhra Pradesh,Annamayya,Punganur APMC,Vegetables,Tomato,10-02-2023,21.7,2000,2270,2540
Andhra Pradesh,Annamayya,Punganur APMC,Vegetables,Tomato,11-02-2023,13.4,2000,2270,2540
Andhra Pradesh,Annamayya,Punganur APMC,Vegetables,Tomato,12-02-2023,11.9,1940,2140,2340
Andhra Pradesh,Annamayya,Punganur APMC,Vegetables,Tomato,13-02-2023,32.4,2000,2340,2670
Andhra Pradesh,Annamayya,Punganur APMC,Vegetables,Tomato,14-02-2023,29.2,2000,2200,2400
Andhra Pradesh,Annamayya,Punganur APMC,Vegetables,Tomato,15-02-2023,24.7,1870,2000,2140
Andhra Pradesh,Annamayya,Punganur APMC,Vegetables,Tomato,16-02-2023,26,1870,2000,2140
Andhra Pradesh,Annamayya,Punganur APMC,Vegetables,Tomato,17-02-2023,19.8,1340,1670,2000
Andhra Pradesh,Annamayya,Punganur APMC,Vegetables,Tomato,18-02-2023,25.4,1340,2000,2670
Andhra Pradesh,Annamayya,Punganur APMC,Vegetables,Tomato,19-02-2023,12,1340,1870,2400
Andhra Pradesh,Annamayya,Punganur APMC,Vegetables,Tomato,21-02-2023,22,1340,2000,2670
Andhra Pradesh,Annamayya,Punganur APMC,Vegetables,Tomato,22-02-2023,21.4,1340,1670,2000
Andhra Pradesh,Annamayya,Punganur APMC,Vegetables,Tomato,23-02-2023,22.5,1340,1670,2000
Andhra Pradesh,Annamayya,Punganur APMC,Vegetables,Tomato,24-02-2023,20.5,1340,1670,2000
Andhra Pradesh,Annamayya,Punganur APMC,Vegetables,Tomato,25-02-2023,19,1340,1600,1870
Andhra Pradesh,Annamayya,Punganur APMC,Vegetables,Tomato,28-02-2023,18.3,1340,1600,1870
Andhra Pradesh,Annamayya,Punganur APMC,Vegetables,Tomato,01-03-2023,16.7,1340,1740,2140
Andhra Pradesh,Annamayya,Punganur APMC,Vegetables,Tomato,02-03-2023,28.9,1340,1740,2140
Andhra Pradesh,Annamayya,Punganur APMC,Vegetables,Tomato,03-03-2023,23,1340,1600,1870
Andhra Pradesh,Annamayya,Punganur APMC,Vegetables,Tomato,04-03-2023,23.5,1340,1670,2000
Andhra Pradesh,Annamayya,Punganur APMC,Vegetables,Tomato,05-03-2023,16.8,1340,1678,2000
Andhra Pradesh,Annamayya,Punganur APMC,Vegetables,Tomato,06-03-2023,24.2,1340,1600,1870
Andhra Pradesh,Annamayya,Punganur APMC,Vegetables,Tomato,07-03-2023,26.5,1070,1400,1740
Andhra Pradesh,Annamayya,Punganur APMC,Vegetables,Tomato,09-03-2023,13.5,1340,1670,2000
Andhra Pradesh,Annamayya,Punganur APMC,Vegetables,Tomato,10-03-2023,23.1,1200,1600,2000
Andhra Pradesh,Annamayya,Punganur APMC,Vegetables,Tomato,11-03-2023,17.8,1200,1600,2000
Andhra Pradesh,Annamayya,Punganur APMC,Vegetables,Tomato,12-03-2023,14.7,1200,1600,2000
Andhra Pradesh,Annamayya,Punganur APMC,Vegetables,Tomato,14-03-2023,17.8,1200,1340,1470
Andhra Pradesh,Annamayya,Punganur APMC,Vegetables,Tomato,15-03-2023,17.6,1200,1340,1470
Andhra Pradesh,Annamayya,Punganur APMC,Vegetables,Tomato,19-03-2023,22.8,1000,1170,1340
Andhra Pradesh,Annamayya,Punganur APMC,Vegetables,Tomato,20-03-2023,27.6,800,1000,1200
Andhra Pradesh,Annamayya,Punganur APMC,Vegetables,Tomato,21-03-2023,26,800,870,940
Andhra Pradesh,Annamayya,Punganur APMC,Vegetables,Tomato,22-03-2023,24.7,870,940,1000
Andhra Pradesh,Annamayya,Punganur APMC,Vegetables,Tomato,23-03-2023,19.2,940,1000,1070
Andhra Pradesh,Annamayya,Punganur APMC,Vegetables,Tomato,24-03-2023,19.8,1000,1070,1140
Andhra Pradesh,Annamayya,Punganur APMC,Vegetables,Tomato,25-03-2023,20.9,940,1000,1070
Andhra Pradesh,Annamayya,Punganur APMC,Vegetables,Tomato,27-03-2023,20.5,800,870,940
Andhra Pradesh,Annamayya,Punganur APMC,Vegetables,Tomato,28-03-2023,17.1,800,870,940
Andhra Pradesh,Annamayya,Punganur APMC,Vegetables,Tomato,30-03-2023,14.2,800,870,940
Andhra Pradesh,Annamayya,Punganur APMC,Vegetables,Tomato,31-03-2023,13.7,740,870,1000
Andhra Pradesh,Annamayya,Punganur APMC,Vegetables,Tomato,01-04-2023,34.2,800,870,940
Andhra Pradesh,Annamayya,Punganur APMC,Vegetables,Tomato,02-04-2023,41.3,800,870,940
Andhra Pradesh,Annamayya,Punganur APMC,Vegetables,Tomato,03-04-2023,57.1,740,800,870
Andhra Pradesh,Annamayya,Punganur APMC,Vegetables,Tomato,04-04-2023,63.3,670,740,800
Andhra Pradesh,Annamayya,Punganur APMC,Vegetables,Tomato,05-04-2023,67.1,670,740,800
Andhra Pradesh,Annamayya,Punganur APMC,Vegetables,Tomato,06-04-2023,60.9,740,800,870
Andhra Pradesh,Annamayya,Punganur APMC,Vegetables,Tomato,07-04-2023,45.7,670,740,800
Andhra Pradesh,Annamayya,Punganur APMC,Vegetables,Tomato,08-04-2023,39.7,740,800,870
Andhra Pradesh,Annamayya,Punganur APMC,Vegetables,Tomato,09-04-2023,42.1,740,800,870
Andhra Pradesh,Annamayya,Punganur APMC,Vegetables,Tomato,10-04-2023,51.6,870,940,1000
Andhra Pradesh,Annamayya,Punganur APMC,Vegetables,Tomato,11-04-2023,60.2,800,870,940
Andhra Pradesh,Annamayya,Punganur APMC,Vegetables,Tomato,12-04-2023,88.8,740,800,870
Andhra Pradesh,Annamayya,Punganur APMC,Vegetables,Tomato,13-04-2023,71.4,600,670,740
Andhra Pradesh,Annamayya,Punganur APMC,Vegetables,Tomato,14-04-2023,61.1,600,670,740
Andhra Pradesh,Annamayya,Punganur APMC,Vegetables,Tomato,16-04-2023,77.8,600,670,740
Andhra Pradesh,Annamayya,Punganur APMC,Vegetables,Tomato,17-04-2023,84.3,670,740,800
Andhra Pradesh,Annamayya,Punganur APMC,Vegetables,Tomato,18-04-2023,112.6,600,670,740
Andhra Pradesh,Annamayya,Punganur APMC,Vegetables,Tomato,19-04-2023,97.9,670,740,800
Andhra Pradesh,Annamayya,Punganur APMC,Vegetables,Tomato,21-04-2023,67.5,600,670,740
Andhra Pradesh,Annamayya,Punganur APMC,Vegetables,Tomato,24-04-2023,94.2,600,670,740
Andhra Pradesh,Annamayya,Punganur APMC,Vegetables,Tomato,25-04-2023,130.9,600,670,740
Andhra Pradesh,Annamayya,Punganur APMC,Vegetables,Tomato,26-04-2023,206.2,600,700,800
Andhra Pradesh,Annamayya,Punganur APMC,Vegetables,Tomato,27-04-2023,198.6,470,540,600
Andhra Pradesh,Annamayya,Punganur APMC,Vegetables,Tomato,28-04-2023,255.4,500,570,640
Andhra Pradesh,Annamayya,Punganur APMC,Vegetables,Tomato,29-04-2023,256.4,500,570,640
Andhra Pradesh,Annamayya,Punganur APMC,Vegetables,Tomato,30-04-2023,264.4,500,570,640
Andhra Pradesh,Annamayya,Punganur APMC,Vegetables,Tomato,01-05-2023,228.6,540,600,670
Andhra Pradesh,Annamayya,Punganur APMC,Vegetables,Tomato,02-05-2023,349.3,500,600,700
Andhra Pradesh,Annamayya,Punganur APMC,Vegetables,Tomato,03-05-2023,419.5,500,600,700
Andhra Pradesh,Annamayya,Punganur APMC,Vegetables,Tomato,04-05-2023,426.8,500,570,640
Andhra Pradesh,Annamayya,Punganur APMC,Vegetables,Tomato,05-05-2023,462.4,500,570,640
Andhra Pradesh,Annamayya,Punganur APMC,Vegetables,Tomato,06-05-2023,462.7,540,600,670
Andhra Pradesh,Annamayya,Punganur APMC,Vegetables,Tomato,07-05-2023,395.9,540,700,870
Andhra Pradesh,Annamayya,Punganur APMC,Vegetables,Tomato,08-05-2023,396.2,700,800,900
Andhra Pradesh,Annamayya,Punganur APMC,Vegetables,Tomato,09-05-2023,551.9,740,800,870
Andhra Pradesh,Annamayya,Punganur APMC,Vegetables,Tomato,10-05-2023,585.9,640,740,840
Andhra Pradesh,Annamayya,Punganur APMC,Vegetables,Tomato,11-05-2023,529.8,670,770,870
Andhra Pradesh,Annamayya,Punganur APMC,Vegetables,Tomato,12-05-2023,520.8,1070,1140,1200
Andhra Pradesh,Annamayya,Punganur APMC,Vegetables,Tomato,13-05-2023,439.9,1070,1140,1200
Andhra Pradesh,Annamayya,Punganur APMC,Vegetables,Tomato,14-05-2023,455.8,1070,1140,1200
Andhra Pradesh,Annamayya,Punganur APMC,Vegetables,Tomato,15-05-2023,448,800,940,1070
Andhra Pradesh,Annamayya,Punganur APMC,Vegetables,Tomato,16-05-2023,632.4,800,940,1070
Andhra Pradesh,Annamayya,Punganur APMC,Vegetables,Tomato,17-05-2023,784.3,1000,1070,1140
Andhra Pradesh,Annamayya,Punganur APMC,Vegetables,Tomato,18-05-2023,674.5,700,800,900
Andhra Pradesh,Annamayya,Punganur APMC,Vegetables,Tomato,19-05-2023,766.1,940,1000,1070
Andhra Pradesh,Annamayya,Punganur APMC,Vegetables,Tomato,20-05-2023,679.2,940,1000,1070
Andhra Pradesh,Annamayya,Punganur APMC,Vegetables,Tomato,21-05-2023,751.2,940,1000,1070
Andhra Pradesh,Annamayya,Punganur APMC,Vegetables,Tomato,22-05-2023,654,940,1000,1070
Andhra Pradesh,Annamayya,Punganur APMC,Vegetables,Tomato,23-05-2023,845.6,800,870,940
Andhra Pradesh,Annamayya,Punganur APMC,Vegetables,Tomato,24-05-2023,718.1,700,800,900
Andhra Pradesh,Annamayya,Punganur APMC,Vegetables,Tomato,25-05-2023,601.3,800,1000,1200
Andhra Pradesh,Annamayya,Punganur APMC,Vegetables,Tomato,26-05-2023,663.3,940,1000,1070
Andhra Pradesh,Annamayya,Punganur APMC,Vegetables,Tomato,27-05-2023,628,940,1000,1070
Andhra Pradesh,Annamayya,Punganur APMC,Vegetables,Tomato,28-05-2023,457.8,940,1000,1070
Andhra Pradesh,Annamayya,Punganur APMC,Vegetables,Tomato,29-05-2023,652.9,1540,1600,1670
Andhra Pradesh,Annamayya,Punganur APMC,Vegetables,Tomato,30-05-2023,463.7,2270,2340,2400
Andhra Pradesh,Annamayya,Punganur APMC,Vegetables,Tomato,31-05-2023,314.9,2540,2600,2670
Andhra Pradesh,Annamayya,Punganur APMC,Vegetables,Tomato,03-06-2023,676.8,1740,1800,1870
Andhra Pradesh,Annamayya,Punganur APMC,Vegetables,Tomato,04-06-2023,553,2270,2340,2400
Andhra Pradesh,Annamayya,Punganur APMC,Vegetables,Tomato,05-06-2023,745.8,1870,2000,2140
Andhra Pradesh,Annamayya,Punganur APMC,Vegetables,Tomato,07-06-2023,738.2,1740,1870,2000
Andhra Pradesh,Annamayya,Punganur APMC,Vegetables,Tomato,08-06-2023,734.9,1740,1800,2140
Andhra Pradesh,Annamayya,Punganur APMC,Vegetables,Tomato,09-06-2023,500.7,2070,2270,2470
Andhra Pradesh,Annamayya,Punganur APMC,Vegetables,Tomato,10-06-2023,635.4,2270,2340,2400
Andhra Pradesh,Annamayya,Punganur APMC,Vegetables,Tomato,12-06-2023,505.7,2140,2270,2400
Andhra Pradesh,Annamayya,Punganur APMC,Vegetables,Tomato,13-06-2023,424.3,3070,3200,3340
Andhra Pradesh,Annamayya,Punganur APMC,Vegetables,Tomato,14-06-2023,671.6,2670,2840,3000
Andhra Pradesh,Annamayya,Punganur APMC,Vegetables,Tomato,16-06-2023,566.2,2540,2670,2800
Andhra Pradesh,Annamayya,Punganur APMC,Vegetables,Tomato,18-06-2023,535.6,2870,2940,3000
Andhra Pradesh,Annamayya,Punganur APMC,Vegetables,Tomato,19-06-2023,861.6,2670,2800,2940
Andhra Pradesh,Annamayya,Punganur APMC,Vegetables,Tomato,20-06-2023,753.1,2600,2740,2870
Andhra Pradesh,Annamayya,Punganur APMC,Vegetables,Tomato,21-06-2023,555.7,2670,3000,3340
Andhra Pradesh,Annamayya,Punganur APMC,Vegetables,Tomato,22-06-2023,500.5,2670,2840,3000
Andhra Pradesh,Annamayya,Punganur APMC,Vegetables,Tomato,23-06-2023,689.6,2670,3000,3340
Andhra Pradesh,Annamayya,Punganur APMC,Vegetables,Tomato,24-06-2023,799.8,3000,3670,4340
Andhra Pradesh,Annamayya,Punganur APMC,Vegetables,Tomato,26-06-2023,592.5,5000,5670,6340
Andhra Pradesh,Annamayya,Punganur APMC,Vegetables,Tomato,27-06-2023,361.5,4670,5340,6000
Andhra Pradesh,Annamayya,Punganur APMC,Vegetables,Tomato,28-06-2023,529.9,4670,5340,6000
Andhra Pradesh,Annamayya,Punganur APMC,Vegetables,Tomato,29-06-2023,481.6,6340,7000,7670
Andhra Pradesh,Annamayya,Punganur APMC,Vegetables,Tomato,30-06-2023,151.4,6670,7670,8670
Andhra Pradesh,Annamayya,Punganur APMC,Vegetables,Tomato,01-07-2023,309,1360,1410,1460
Andhra Pradesh,Annamayya,Punganur APMC,Vegetables,Tomato,11-08-2023,132.5,3670,4340,5000
Andhra Pradesh,Annamayya,Punganur APMC,Vegetables,Tomato,16-08-2023,115.2,3340,4000,4670
Andhra Pradesh,Annamayya,Punganur APMC,Vegetables,Tomato,17-08-2023,81.6,3000,3340,3670
Andhra Pradesh,Annamayya,Punganur APMC,Vegetables,Tomato,18-08-2023,109,3340,3670,4000
Andhra Pradesh,Annamayya,Punganur APMC,Vegetables,Tomato,19-08-2023,82.5,3340,3670,4000
Andhra Pradesh,Annamayya,Punganur APMC,Vegetables,Tomato,20-08-2023,89,2800,3140,3470
Andhra Pradesh,Annamayya,Punganur APMC,Vegetables,Tomato,21-08-2023,124.3,2670,2670,3200
Andhra Pradesh,Annamayya,Punganur APMC,Vegetables,Tomato,22-08-2023,100.9,2140,2470,2800
Andhra Pradesh,Annamayya,Punganur APMC,Vegetables,Tomato,23-08-2023,75.6,2300,2500,2700
Andhra Pradesh,Annamayya,Punganur APMC,Vegetables,Tomato,26-08-2023,97.5,2000,2200,2400
Andhra Pradesh,Annamayya,Punganur APMC,Vegetables,Tomato,27-08-2023,85.8,2400,2540,2670
Andhra Pradesh,Annamayya,Punganur APMC,Vegetables,Tomato,28-08-2023,104.2,2270,2400,2540
Andhra Pradesh,Annamayya,Punganur APMC,Vegetables,Tomato,29-08-2023,52.7,1670,1840,2000
Andhra Pradesh,Annamayya,Punganur APMC,Vegetables,Tomato,30-08-2023,79.9,1400,1540,1670
Andhra Pradesh,Annamayya,Punganur APMC,Vegetables,Tomato,01-09-2023,56,1440,1500,1570
Andhra Pradesh,Annamayya,Punganur APMC,Vegetables,Tomato,02-09-2023,58.2,1440,1500,1570
Andhra Pradesh,Annamayya,Punganur APMC,Vegetables,Tomato,03-09-2023,33.3,1540,1640,1740
Andhra Pradesh,Annamayya,Punganur APMC,Vegetables,Tomato,04-09-2023,35.2,1500,1600,1700
Andhra Pradesh,Annamayya,Punganur APMC,Vegetables,Tomato,07-09-2023,46.4,800,840,900
Andhra Pradesh,Annamayya,Punganur APMC,Vegetables,Tomato,09-09-2023,34.2,1070,1200,1340
Andhra Pradesh,Annamayya,Punganur APMC,Vegetables,Tomato,10-09-2023,31.9,1000,1100,1200
Andhra Pradesh,Annamayya,Punganur APMC,Vegetables,Tomato,11-09-2023,34.4,1070,1170,1270
Andhra Pradesh,Annamayya,Punganur APMC,Vegetables,Tomato,12-09-2023,34.3,800,900,1000
Andhra Pradesh,Annamayya,Punganur APMC,Vegetables,Tomato,13-09-2023,40.8,840,940,1040
Andhra Pradesh,Annamayya,Punganur APMC,Vegetables,Tomato,14-09-2023,52.6,940,1000,1070
Andhra Pradesh,Annamayya,Punganur APMC,Vegetables,Tomato,15-09-2023,21.6,900,970,1040
Andhra Pradesh,Annamayya,Punganur APMC,Vegetables,Tomato,16-09-2023,36.9,970,1040,1100
Andhra Pradesh,Annamayya,Punganur APMC,Vegetables,Tomato,17-09-2023,26.9,940,1000,1070
Andhra Pradesh,Annamayya,Punganur APMC,Vegetables,Tomato,18-09-2023,34.1,970,1040,1100
Andhra Pradesh,Annamayya,Punganur APMC,Vegetables,Tomato,19-09-2023,26.7,940,1000,1070
Andhra Pradesh,Annamayya,Punganur APMC,Vegetables,Tomato,20-09-2023,31.7,900,970,1040
Andhra Pradesh,Annamayya,Punganur APMC,Vegetables,Tomato,21-09-2023,31.2,940,1000,1070
Andhra Pradesh,Annamayya,Punganur APMC,Vegetables,Tomato,22-09-2023,26.4,900,970,1040
Andhra Pradesh,Annamayya,Punganur APMC,Vegetables,Tomato,25-09-2023,33,900,940,1000
Andhra Pradesh,Annamayya,Punganur APMC,Vegetables,Tomato,26-09-2023,22.3,940,1000,1070
Andhra Pradesh,Annamayya,Punganur APMC,Vegetables,Tomato,27-09-2023,29.5,900,970,1040
Andhra Pradesh,Annamayya,Punganur APMC,Vegetables,Tomato,28-09-2023,24.4,870,900,940
Andhra Pradesh,Annamayya,Punganur APMC,Vegetables,Tomato,29-09-2023,27.7,870,940,1000
Andhra Pradesh,Annamayya,Punganur APMC,Vegetables,Tomato,30-09-2023,36,870,940,1000
Andhra Pradesh,Annamayya,Punganur APMC,Vegetables,Tomato,01-10-2023,24.9,870,900,940
Andhra Pradesh,Annamayya,Punganur APMC,Vegetables,Tomato,02-10-2023,33.3,870,900,940
Andhra Pradesh,Annamayya,Punganur APMC,Vegetables,Tomato,03-10-2023,18.7,800,840,900
Andhra Pradesh,Annamayya,Punganur APMC,Vegetables,Tomato,04-10-2023,29.3,800,840,900
Andhra Pradesh,Annamayya,Punganur APMC,Vegetables,Tomato,05-10-2023,25,870,940,1000
Andhra Pradesh,Annamayya,Punganur APMC,Vegetables,Tomato,06-10-2023,29,870,940,1000
Andhra Pradesh,Annamayya,Punganur APMC,Vegetables,Tomato,07-10-2023,22.5,900,970,1040
Andhra Pradesh,Annamayya,Punganur APMC,Vegetables,Tomato,08-10-2023,25,870,940,1000
Andhra Pradesh,Annamayya,Punganur APMC,Vegetables,Tomato,09-10-2023,20.3,900,970,1040
Andhra Pradesh,Annamayya,Punganur APMC,Vegetables,Tomato,10-10-2023,23.9,940,1000,1070
Andhra Pradesh,Annamayya,Punganur APMC,Vegetables,Tomato,11-10-2023,25.1,940,1000,1070
Andhra Pradesh,Annamayya,Punganur APMC,Vegetables,Tomato,12-10-2023,28.2,900,1000,1100
Andhra Pradesh,Annamayya,Punganur APMC,Vegetables,Tomato,13-10-2023,23.1,900,1000,1100
Andhra Pradesh,Annamayya,Punganur APMC,Vegetables,Tomato,14-10-2023,26.1,940,1000,1070
Andhra Pradesh,Annamayya,Punganur APMC,Vegetables,Tomato,15-10-2023,24.8,870,940,1000
Andhra Pradesh,Annamayya,Punganur APMC,Vegetables,Tomato,16-10-2023,20.7,870,940,1000
Andhra Pradesh,Annamayya,Punganur APMC,Vegetables,Tomato,17-10-2023,22.8,940,1000,1070
Andhra Pradesh,Annamayya,Punganur APMC,Vegetables,Tomato,18-10-2023,24.3,940,1000,1070
Andhra Pradesh,Annamayya,Punganur APMC,Vegetables,Tomato,19-10-2023,22.7,870,940,1000
Andhra Pradesh,Annamayya,Punganur APMC,Vegetables,Tomato,20-10-2023,27,940,1000,1070
Andhra Pradesh,Annamayya,Punganur APMC,Vegetables,Tomato,21-10-2023,17.8,940,1000,1070
Andhra Pradesh,Annamayya,Punganur APMC,Vegetables,Tomato,22-10-2023,26.7,870,940,1000
Andhra Pradesh,Annamayya,Punganur APMC,Vegetables,Tomato,23-10-2023,16.3,1000,1070,1140
Andhra Pradesh,Annamayya,Punganur APMC,Vegetables,Tomato,24-10-2023,18.3,870,940,1000
Andhra Pradesh,Annamayya,Punganur APMC,Vegetables,Tomato,25-10-2023,25.6,1000,1200,1400
Andhra Pradesh,Annamayya,Punganur APMC,Vegetables,Tomato,27-10-2023,21.7,1340,1870,2400
Andhra Pradesh,Annamayya,Punganur APMC,Vegetables,Tomato,28-10-2023,19.5,1340,2000,2670
Andhra Pradesh,Annamayya,Punganur APMC,Vegetables,Tomato,29-10-2023,23.7,1400,2070,2740
Andhra Pradesh,Annamayya,Punganur APMC,Vegetables,Tomato,30-10-2023,20.6,1340,1740,2140
Andhra Pradesh,Annamayya,Punganur APMC,Vegetables,Tomato,31-10-2023,44.1,1140,1670,2200
Andhra Pradesh,Annamayya,Punganur APMC,Vegetables,Tomato,01-11-2023,24.7,1340,1670,2000
Andhra Pradesh,Annamayya,Punganur APMC,Vegetables,Tomato,02-11-2023,28.9,1270,1740,2200
Andhra Pradesh,Annamayya,Punganur APMC,Vegetables,Tomato,03-11-2023,27.2,1270,1740,2200
Andhra Pradesh,Annamayya,Punganur APMC,Vegetables,Tomato,04-11-2023,31.5,1340,1870,2400
Andhra Pradesh,Annamayya,Punganur APMC,Vegetables,Tomato,05-11-2023,25.4,2000,2340,2670
Andhra Pradesh,Annamayya,Punganur APMC,Vegetables,Tomato,06-11-2023,18.2,1540,1870,2200
Andhra Pradesh,Annamayya,Punganur APMC,Vegetables,Tomato,07-11-2023,26.2,2000,2340,2670
Andhra Pradesh,Annamayya,Punganur APMC,Vegetables,Tomato,08-11-2023,27.4,1740,2140,2540
Andhra Pradesh,Annamayya,Punganur APMC,Vegetables,Tomato,09-11-2023,24.1,1340,2000,2670
Andhra Pradesh,Annamayya,Punganur APMC,Vegetables,Tomato,10-11-2023,23.2,1340,2070,2300
Andhra Pradesh,Annamayya,Punganur APMC,Vegetables,Tomato,11-11-2023,19.7,1340,1870,2400
Andhra Pradesh,Annamayya,Punganur APMC,Vegetables,Tomato,12-11-2023,27.7,1340,2000,2670
Andhra Pradesh,Annamayya,Punganur APMC,Vegetables,Tomato,13-11-2023,20.4,1340,1940,2540
Andhra Pradesh,Annamayya,Punganur APMC,Vegetables,Tomato,14-11-2023,47,1340,1870,2400
Andhra Pradesh,Annamayya,Punganur APMC,Vegetables,Tomato,15-11-2023,47.8,1000,1340,1670
Andhra Pradesh,Annamayya,Punganur APMC,Vegetables,Tomato,16-11-2023,44.2,1000,1340,1670
Andhra Pradesh,Annamayya,Punganur APMC,Vegetables,Tomato,17-11-2023,67.6,1000,1670,2340
Andhra Pradesh,Annamayya,Punganur APMC,Vegetables,Tomato,18-11-2023,77.9,1340,2000,2670
Andhra Pradesh,Annamayya,Punganur APMC,Vegetables,Tomato,19-11-2023,45.9,1340,2000,2670
Andhra Pradesh,Annamayya,Punganur APMC,Vegetables,Tomato,20-11-2023,48.6,1000,1670,2340
Andhra Pradesh,Annamayya,Punganur APMC,Vegetables,Tomato,21-11-2023,59.9,1070,1870,1870
Andhra Pradesh,Annamayya,Punganur APMC,Vegetables,Tomato,22-11-2023,75.7,1070,1870,2670
Andhra Pradesh,Annamayya,Punganur APMC,Vegetables,Tomato,23-11-2023,82.4,1000,2340,3670
Andhra Pradesh,Annamayya,Punganur APMC,Vegetables,Tomato,24-11-2023,60,1270,2140,3000
Andhra Pradesh,Annamayya,Punganur APMC,Vegetables,Tomato,25-11-2023,49.6,1070,1870,2670
Andhra Pradesh,Annamayya,Punganur APMC,Vegetables,Tomato,26-11-2023,71,1070,1740,2400
Andhra Pradesh,Annamayya,Punganur APMC,Vegetables,Tomato,27-11-2023,44.7,1200,1800,2400
Andhra Pradesh,Annamayya,Punganur APMC,Vegetables,Tomato,28-11-2023,52.1,1000,2000,2800
Andhra Pradesh,Annamayya,Punganur APMC,Vegetables,Tomato,29-11-2023,67.9,1070,1600,2140
Andhra Pradesh,Annamayya,Punganur APMC,Vegetables,Tomato,30-11-2023,82.9,1070,1540,2000
Andhra Pradesh,Annamayya,Punganur APMC,Vegetables,Tomato,01-12-2023,58.8,1070,1540,2000
Andhra Pradesh,Annamayya,Punganur APMC,Vegetables,Tomato,02-12-2023,56.3,1000,1670,2340
Andhra Pradesh,Annamayya,Punganur APMC,Vegetables,Tomato,03-12-2023,52,1000,1670,2340
Andhra Pradesh,Annamayya,Punganur APMC,Vegetables,Tomato,04-12-2023,29.1,1070,1740,2400
Andhra Pradesh,Annamayya,Punganur APMC,Vegetables,Tomato,05-12-2023,51.6,1000,1670,2340
Andhra Pradesh,Annamayya,Punganur APMC,Vegetables,Tomato,06-12-2023,54.2,1200,1940,2670
Andhra Pradesh,Annamayya,Punganur APMC,Vegetables,Tomato,07-12-2023,77.5,1070,1340,2270
Andhra Pradesh,Annamayya,Punganur APMC,Vegetables,Tomato,08-12-2023,69.1,1000,1500,2000
Andhra Pradesh,Annamayya,Punganur APMC,Vegetables,Tomato,09-12-2023,40.7,1070,1600,2140
Andhra Pradesh,Annamayya,Punganur APMC,Vegetables,Tomato,10-12-2023,44.5,1070,1670,2270
Andhra Pradesh,Annamayya,Punganur APMC,Vegetables,Tomato,11-12-2023,36,1000,1500,2000
Andhra Pradesh,Annamayya,Punganur APMC,Vegetables,Tomato,12-12-2023,33.5,1000,1340,1670
Andhra Pradesh,Annamayya,Punganur APMC,Vegetables,Tomato,13-12-2023,32.6,1000,1270,1540
Andhra Pradesh,Annamayya,Punganur APMC,Vegetables,Tomato,14-12-2023,39.5,1000,1170,1340
Andhra Pradesh,Annamayya,Punganur APMC,Vegetables,Tomato,15-12-2023,40.7,1070,1270,1470
Andhra Pradesh,Annamayya,Punganur APMC,Vegetables,Tomato,16-12-2023,35.6,1000,1340,1670
Andhra Pradesh,Annamayya,Punganur APMC,Vegetables,Tomato,17-12-2023,25.2,1070,1270,1470
Andhra Pradesh,Annamayya,Punganur APMC,Vegetables,Tomato,18-12-2023,43.6,1070,1270,1470
Andhra Pradesh,Annamayya,Punganur APMC,Vegetables,Tomato,19-12-2023,39.8,1000,1400,1800
Andhra Pradesh,Annamayya,Punganur APMC,Vegetables,Tomato,20-12-2023,51.6,1000,1500,2000
Andhra Pradesh,Annamayya,Punganur APMC,Vegetables,Tomato,21-12-2023,45.5,1070,1440,1800
Andhra Pradesh,Annamayya,Punganur APMC,Vegetables,Tomato,22-12-2023,29.9,1070,1470,1870
Andhra Pradesh,Annamayya,Punganur APMC,Vegetables,Tomato,23-12-2023,37.6,1070,1440,1800
Andhra Pradesh,Annamayya,Punganur APMC,Vegetables,Tomato,24-12-2023,32.8,1000,1500,2000
Andhra Pradesh,Annamayya,Punganur APMC,Vegetables,Tomato,25-12-2023,27.6,1070,1470,1870
Andhra Pradesh,Annamayya,Punganur APMC,Vegetables,Tomato,26-12-2023,19.5,1000,1340,1670
Andhra Pradesh,Annamayya,Punganur APMC,Vegetables,Tomato,27-12-2023,23,1000,1340,1670
Andhra Pradesh,Annamayya,Punganur APMC,Vegetables,Tomato,28-12-2023,27.8,1070,1400,1740
Andhra Pradesh,Annamayya,Punganur APMC,Vegetables,Tomato,29-12-2023,26.5,1000,1400,1800
Andhra Pradesh,Annamayya,Punganur APMC,Vegetables,Tomato,30-12-2023,25.3,1000,1600,2200
Andhra Pradesh,Annamayya,Punganur APMC,Vegetables,Tomato,31-12-2023,33,1000,1600,2200
Andhra Pradesh,Annamayya,Punganur APMC,Vegetables,Tomato,07-02-2024,18,1000,1600,2200
Andhra Pradesh,Annamayya,Punganur APMC,Vegetables,Tomato,09-02-2024,11.7,1000,1600,2200
Andhra Pradesh,Annamayya,Punganur APMC,Vegetables,Tomato,10-02-2024,13.2,1070,1600,2140
Andhra Pradesh,Annamayya,Punganur APMC,Vegetables,Tomato,11-02-2024,11.4,1070,1600,2140
Andhra Pradesh,Annamayya,Punganur APMC,Vegetables,Tomato,12-02-2024,14.3,1000,1340,1670
Andhra Pradesh,Annamayya,Punganur APMC,Vegetables,Tomato,13-02-2024,13,1000,1340,1670
Andhra Pradesh,Annamayya,Punganur APMC,Vegetables,Tomato,14-02-2024,15.9,1070,1340,1600
Andhra Pradesh,Annamayya,Punganur APMC,Vegetables,Tomato,15-02-2024,13.4,1000,1070,1140
Andhra Pradesh,Annamayya,Punganur APMC,Vegetables,Tomato,16-02-2024,16.7,940,1000,1070
Andhra Pradesh,Annamayya,Punganur APMC,Vegetables,Tomato,17-02-2024,15.7,940,1000,1070
Andhra Pradesh,Annamayya,Punganur APMC,Vegetables,Tomato,18-02-2024,14.5,1000,1140,1270
Andhra Pradesh,Annamayya,Punganur APMC,Vegetables,Tomato,19-02-2024,15.4,1070,1200,1340
Andhra Pradesh,Annamayya,Punganur APMC,Vegetables,Tomato,21-02-2024,14.5,1000,1270,1540
Andhra Pradesh,Annamayya,Punganur APMC,Vegetables,Tomato,22-02-2024,11.2,1070,1270,1470
Andhra Pradesh,Annamayya,Punganur APMC,Vegetables,Tomato,23-02-2024,14.7,1000,1170,1340
Andhra Pradesh,Annamayya,Punganur APMC,Vegetables,Tomato,24-02-2024,7.6,1070,1200,1340
Andhra Pradesh,Annamayya,Punganur APMC,Vegetables,Tomato,25-02-2024,14.9,1000,1140,1270
Andhra Pradesh,Annamayya,Punganur APMC,Vegetables,Tomato,26-02-2024,11.8,940,1040,1140
Andhra Pradesh,Annamayya,Punganur APMC,Vegetables,Tomato,27-02-2024,8.4,1000,1070,1140
Andhra Pradesh,Annamayya,Punganur APMC,Vegetables,Tomato,28-02-2024,20,1000,1140,1270
Andhra Pradesh,Annamayya,Punganur APMC,Vegetables,Tomato,02-03-2024,14.6,1000,1170,1340
Andhra Pradesh,Annamayya,Punganur APMC,Vegetables,Tomato,04-03-2024,16.5,1000,1400,1800
Andhra Pradesh,Annamayya,Punganur APMC,Vegetables,Tomato,05-03-2024,13.2,1000,1340,1670
Andhra Pradesh,Annamayya,Punganur APMC,Vegetables,Tomato,06-03-2024,17.8,940,1140,1400
Andhra Pradesh,Annamayya,Punganur APMC,Vegetables,Tomato,07-03-2024,22.6,1000,1200,1400
Andhra Pradesh,Annamayya,Punganur APMC,Vegetables,Tomato,08-03-2024,11.4,1000,1070,1140
Andhra Pradesh,Annamayya,Punganur APMC,Vegetables,Tomato,09-03-2024,7.5,1000,1100,1200
Andhra Pradesh,Annamayya,Punganur APMC,Vegetables,Tomato,10-03-2024,14,1200,1600,2000
Andhra Pradesh,Annamayya,Punganur APMC,Vegetables,Tomato,11-03-2024,15.7,1200,1600,2000
Andhra Pradesh,Annamayya,Punganur APMC,Vegetables,Tomato,12-03-2024,14.1,1000,1340,1670
Andhra Pradesh,Annamayya,Punganur APMC,Vegetables,Tomato,14-03-2024,21.7,1140,1400,1670
Andhra Pradesh,Annamayya,Punganur APMC,Vegetables,Tomato,15-03-2024,18.5,1000,1500,2000
Andhra Pradesh,Annamayya,Punganur APMC,Vegetables,Tomato,16-03-2024,23.1,1070,1470,1870
Andhra Pradesh,Annamayya,Punganur APMC,Vegetables,Tomato,17-03-2024,24.1,1000,1440,1870
Andhra Pradesh,Annamayya,Punganur APMC,Vegetables,Tomato,18-03-2024,22.7,1000,1400,1800
Andhra Pradesh,Annamayya,Punganur APMC,Vegetables,Tomato,19-03-2024,20.4,1000,1370,1740
Andhra Pradesh,Annamayya,Punganur APMC,Vegetables,Tomato,20-03-2024,18.5,1000,1340,1670
Andhra Pradesh,Annamayya,Punganur APMC,Vegetables,Tomato,21-03-2024,21.7,1000,1170,1340
Andhra Pradesh,Annamayya,Punganur APMC,Vegetables,Tomato,23-03-2024,19.3,1000,1270,1540
Andhra Pradesh,Annamayya,Punganur APMC,Vegetables,Tomato,24-03-2024,20.5,1000,1170,1670
Andhra Pradesh,Annamayya,Punganur APMC,Vegetables,Tomato,25-03-2024,29.1,1000,1300,1600
Andhra Pradesh,Annamayya,Punganur APMC,Vegetables,Tomato,26-03-2024,35,1000,1340,1670
Andhra Pradesh,Annamayya,Punganur APMC,Vegetables,Tomato,27-03-2024,29.4,1070,1470,1870
Andhra Pradesh,Annamayya,Punganur APMC,Vegetables,Tomato,28-03-2024,30.1,1070,1340,1600
Andhra Pradesh,Annamayya,Punganur APMC,Vegetables,Tomato,29-03-2024,39.3,1000,1400,1800
Andhra Pradesh,Annamayya,Punganur APMC,Vegetables,Tomato,30-03-2024,29.7,1000,1400,1800
Andhra Pradesh,Annamayya,Punganur APMC,Vegetables,Tomato,31-03-2024,40.4,1070,1400,1740
Andhra Pradesh,Annamayya,Punganur APMC,Vegetables,Tomato,01-04-2024,38.1,1140,1740,2340
Andhra Pradesh,Annamayya,Punganur APMC,Vegetables,Tomato,04-04-2024,37,1270,1870,2470
Andhra Pradesh,Annamayya,Punganur APMC,Vegetables,Tomato,05-04-2024,46.3,1140,1670,2200
Andhra Pradesh,Annamayya,Punganur APMC,Vegetables,Tomato,06-04-2024,32.9,1200,1770,2340
Andhra Pradesh,Annamayya,Punganur APMC,Vegetables,Tomato,07-04-2024,33,1140,1670,2200
Andhra Pradesh,Annamayya,Punganur APMC,Vegetables,Tomato,08-04-2024,42,1070,1470,1870
Andhra Pradesh,Annamayya,Punganur APMC,Vegetables,Tomato,10-04-2024,44.3,1340,1940,2540
Andhra Pradesh,Annamayya,Punganur APMC,Vegetables,Tomato,11-04-2024,76.2,1070,1540,2000
Andhra Pradesh,Annamayya,Punganur APMC,Vegetables,Tomato,12-04-2024,100.6,1070,1200,1340
Andhra Pradesh,Annamayya,Punganur APMC,Vegetables,Tomato,13-04-2024,137.2,1140,1200,1270
Andhra Pradesh,Annamayya,Punganur APMC,Vegetables,Tomato,14-04-2024,133.4,1000,1070,1140
Andhra Pradesh,Annamayya,Punganur APMC,Vegetables,Tomato,15-04-2024,166.3,1070,1140,1200
Andhra Pradesh,Annamayya,Punganur APMC,Vegetables,Tomato,16-04-2024,238.9,1400,1500,1600
Andhra Pradesh,Annamayya,Punganur APMC,Vegetables,Tomato,17-04-2024,289.2,1340,1440,1540
Andhra Pradesh,Annamayya,Punganur APMC,Vegetables,Tomato,18-04-2024,203.5,1370,1470,1570
Andhra Pradesh,Annamayya,Punganur APMC,Vegetables,Tomato,19-04-2024,284.1,1340,1440,1540
Andhra Pradesh,Annamayya,Punganur APMC,Vegetables,Tomato,20-04-2024,314.6,1340,1600,1870
Andhra Pradesh,Annamayya,Punganur APMC,Vegetables,Tomato,21-04-2024,290.4,1340,1670,2000
Andhra Pradesh,Annamayya,Punganur APMC,Vegetables,Tomato,22-04-2024,327.4,1400,1600,1800
Andhra Pradesh,Annamayya,Punganur APMC,Vegetables,Tomato,23-04-2024,396.2,1300,1400,1500
Andhra Pradesh,Annamayya,Punganur APMC,Vegetables,Tomato,24-04-2024,446.8,1400,1600,1800
Andhra Pradesh,Annamayya,Punganur APMC,Vegetables,Tomato,25-04-2024,496.3,1200,1470,1740
Andhra Pradesh,Annamayya,Punganur APMC,Vegetables,Tomato,26-04-2024,514.5,1200,1340,1470
Andhra Pradesh,Annamayya,Punganur APMC,Vegetables,Tomato,27-04-2024,568,1140,1270,1400
Andhra Pradesh,Annamayya,Punganur APMC,Vegetables,Tomato,28-04-2024,543.6,1100,1240,1370
Andhra Pradesh,Annamayya,Punganur APMC,Vegetables,Tomato,29-04-2024,514.9,1070,1200,1370
Andhra Pradesh,Annamayya,Punganur APMC,Vegetables,Tomato,30-04-2024,401.5,1270,1400,1540
Andhra Pradesh,Annamayya,Punganur APMC,Vegetables,Tomato,01-05-2024,507.8,1070,1200,1340
Andhra Pradesh,Annamayya,Punganur APMC,Vegetables,Tomato,02-05-2024,540.3,1070,1270,1470
Andhra Pradesh,Annamayya,Punganur APMC,Vegetables,Tomato,03-05-2024,566,1140,1270,1400
Andhra Pradesh,Annamayya,Punganur APMC,Vegetables,Tomato,04-05-2024,511.5,1070,1200,1340
Andhra Pradesh,Annamayya,Punganur APMC,Vegetables,Tomato,05-05-2024,591.7,1070,1200,1340
Andhra Pradesh,Annamayya,Punganur APMC,Vegetables,Tomato,06-05-2024,629.7,1140,1270,1400
Andhra Pradesh,Annamayya,Punganur APMC,Vegetables,Tomato,07-05-2024,729,1070,1270,1470
Andhra Pradesh,Annamayya,Punganur APMC,Vegetables,Tomato,08-05-2024,494.2,1070,1400,1700
Andhra Pradesh,Annamayya,Punganur APMC,Vegetables,Tomato,09-05-2024,544.3,1200,1540,1870
Andhra Pradesh,Annamayya,Punganur APMC,Vegetables,Tomato,10-05-2024,1011,1000,1140,1270
Andhra Pradesh,Annamayya,Punganur APMC,Vegetables,Tomato,11-05-2024,967.5,1070,1170,1270
Andhra Pradesh,Annamayya,Punganur APMC,Vegetables,Tomato,14-05-2024,699.7,1000,1270,1540
Andhra Pradesh,Annamayya,Punganur APMC,Vegetables,Tomato,16-05-2024,893.6,1000,1270,1540
Andhra Pradesh,Annamayya,Punganur APMC,Vegetables,Tomato,17-05-2024,817.3,1070,1340,1600
Andhra Pradesh,Annamayya,Punganur APMC,Vegetables,Tomato,18-05-2024,890.9,1140,1740,2340
Andhra Pradesh,Annamayya,Punganur APMC,Vegetables,Tomato,19-05-2024,703.5,1140,1800,2470
Andhra Pradesh,Annamayya,Punganur APMC,Vegetables,Tomato,20-05-2024,787,1070,1740,2400
Andhra Pradesh,Annamayya,Punganur APMC,Vegetables,Tomato,21-05-2024,680.8,1070,1940,2800
Andhra Pradesh,Annamayya,Punganur APMC,Vegetables,Tomato,22-05-2024,584.6,2000,2670,3000
Andhra Pradesh,Annamayya,Punganur APMC,Vegetables,Tomato,24-05-2024,469.9,2340,3000,3270
Andhra Pradesh,Annamayya,Punganur APMC,Vegetables,Tomato,25-05-2024,450,2670,3340,3800
Andhra Pradesh,Annamayya,Punganur APMC,Vegetables,Tomato,26-05-2024,455.2,2540,3270,3670
Andhra Pradesh,Annamayya,Punganur APMC,Vegetables,Tomato,27-05-2024,455.8,2440,3000,3340
Andhra Pradesh,Annamayya,Punganur APMC,Vegetables,Tomato,28-05-2024,422.5,2200,2600,2800
Andhra Pradesh,Annamayya,Punganur APMC,Vegetables,Tomato,29-05-2024,424.6,1870,2170,2470
Andhra Pradesh,Annamayya,Punganur APMC,Vegetables,Tomato,30-05-2024,381.9,2000,2400,2700
Andhra Pradesh,Annamayya,Punganur APMC,Vegetables,Tomato,31-05-2024,466.2,2270,2640,2800
Andhra Pradesh,Annamayya,Punganur APMC,Vegetables,Tomato,01-06-2024,485.1,2200,2670,2870
Andhra Pradesh,Annamayya,Punganur APMC,Vegetables,Tomato,02-06-2024,519.8,2640,2840,3170
Andhra Pradesh,Annamayya,Punganur APMC,Vegetables,Tomato,03-06-2024,374.2,3000,3670,4000
Andhra Pradesh,Annamayya,Punganur APMC,Vegetables,Tomato,04-06-2024,366,3400,4000,4470
Andhra Pradesh,Annamayya,Punganur APMC,Vegetables,Tomato,05-06-2024,365.2,3000,3670,4000
Andhra Pradesh,Annamayya,Punganur APMC,Vegetables,Tomato,07-06-2024,563.6,2870,3340,3670
Andhra Pradesh,Annamayya,Punganur APMC,Vegetables,Tomato,08-06-2024,541.5,3600,3900,4200
Andhra Pradesh,Annamayya,Punganur APMC,Vegetables,Tomato,09-06-2024,461.1,3540,4000,4340
Andhra Pradesh,Annamayya,Punganur APMC,Vegetables,Tomato,10-06-2024,482.1,4000,4670,5000
Andhra Pradesh,Annamayya,Punganur APMC,Vegetables,Tomato,11-06-2024,309.1,4670,5340,5670
Andhra Pradesh,Annamayya,Punganur APMC,Vegetables,Tomato,12-06-2024,337.6,4100,4670,5000
Andhra Pradesh,Annamayya,Punganur APMC,Vegetables,Tomato,13-06-2024,305.9,3540,4000,4340
Andhra Pradesh,Annamayya,Punganur APMC,Vegetables,Tomato,14-06-2024,404.7,4000,4470,4800
Andhra Pradesh,Annamayya,Punganur APMC,Vegetables,Tomato,15-06-2024,509.4,4070,4540,4870
Andhra Pradesh,Annamayya,Punganur APMC,Vegetables,Tomato,16-06-2024,465.7,4100,4640,4940
Andhra Pradesh,Annamayya,Punganur APMC,Vegetables,Tomato,17-06-2024,340.9,4800,5340,5670
Andhra Pradesh,Annamayya,Punganur APMC,Vegetables,Tomato,18-06-2024,333.8,5000,5600,6000
Andhra Pradesh,Annamayya,Punganur APMC,Vegetables,Tomato,19-06-2024,291.8,5670,6270,6670
Andhra Pradesh,Annamayya,Punganur APMC,Vegetables,Tomato,20-06-2024,244.6,5870,6470,6870
Andhra Pradesh,Annamayya,Punganur APMC,Vegetables,Tomato,21-06-2024,229.2,5340,6000,6300
Andhra Pradesh,Annamayya,Punganur APMC,Vegetables,Tomato,22-06-2024,230.3,5400,5900,6200
Andhra Pradesh,Annamayya,Punganur APMC,Vegetables,Tomato,23-06-2024,235.5,5600,6100,6400
Andhra Pradesh,Annamayya,Punganur APMC,Vegetables,Tomato,24-06-2024,300.6,4700,5000,5400
Andhra Pradesh,Annamayya,Punganur APMC,Vegetables,Tomato,25-06-2024,377.8,2900,3300,3670
Andhra Pradesh,Annamayya,Punganur APMC,Vegetables,Tomato,26-06-2024,452,2800,3140,3540
Andhra Pradesh,Annamayya,Punganur APMC,Vegetables,Tomato,27-06-2024,468.6,2740,3070,3470
Andhra Pradesh,Annamayya,Punganur APMC,Vegetables,Tomato,28-06-2024,476.1,2800,3200,3600
Andhra Pradesh,Annamayya,Punganur APMC,Vegetables,Tomato,29-06-2024,500.1,2740,3000,3340
Andhra Pradesh,Annamayya,Punganur APMC,Vegetables,Tomato,30-06-2024,470.2,2800,3140,3470
Andhra Pradesh,Annamayya,Punganur APMC,Vegetables,Tomato,01-07-2024,485.8,2800,3140,3470
Andhra Pradesh,Annamayya,Punganur APMC,Vegetables,Tomato,02-07-2024,524,2640,2640,3340
Andhra Pradesh,Annamayya,Punganur APMC,Vegetables,Tomato,03-07-2024,612.6,2570,2900,3200
Andhra Pradesh,Annamayya,Punganur APMC,Vegetables,Tomato,04-07-2024,651.7,2200,2500,2800
Andhra Pradesh,Annamayya,Punganur APMC,Vegetables,Tomato,05-07-2024,652.1,2000,2340,2670
Andhra Pradesh,Annamayya,Punganur APMC,Vegetables,Tomato,06-07-2024,649.8,2900,3340,3600
Andhra Pradesh,Annamayya,Punganur APMC,Vegetables,Tomato,08-07-2024,537.3,2700,3000,3340
Andhra Pradesh,Annamayya,Punganur APMC,Vegetables,Tomato,09-07-2024,565,3000,3340,3670
Andhra Pradesh,Annamayya,Punganur APMC,Vegetables,Tomato,10-07-2024,559.9,3340,3800,4140
Andhra Pradesh,Annamayya,Punganur APMC,Vegetables,Tomato,11-07-2024,499,3740,4270,4670
Andhra Pradesh,Annamayya,Punganur APMC,Vegetables,Tomato,13-07-2024,462,4600,5000,5340
Andhra Pradesh,Annamayya,Punganur APMC,Vegetables,Tomato,14-07-2024,373.6,5100,5500,5800
Andhra Pradesh,Annamayya,Punganur APMC,Vegetables,Tomato,15-07-2024,320.9,5800,6100,6500
Andhra Pradesh,Annamayya,Punganur APMC,Vegetables,Tomato,16-07-2024,284.2,6000,6400,6770
Andhra Pradesh,Annamayya,Punganur APMC,Vegetables,Tomato,17-07-2024,301.6,5200,5670,6000
Andhra Pradesh,Annamayya,Punganur APMC,Vegetables,Tomato,18-07-2024,362.1,4200,4600,5000
Andhra Pradesh,Annamayya,Punganur APMC,Vegetables,Tomato,19-07-2024,313.8,4240,4570,5000
Andhra Pradesh,Annamayya,Punganur APMC,Vegetables,Tomato,20-07-2024,348.9,4600,5000,5400
Andhra Pradesh,Annamayya,Punganur APMC,Vegetables,Tomato,21-07-2024,288.8,5200,5700,6200
Andhra Pradesh,Annamayya,Punganur APMC,Vegetables,Tomato,22-07-2024,237,4000,4500,5000
Andhra Pradesh,Annamayya,Punganur APMC,Vegetables,Tomato,23-07-2024,238,3700,4000,4500
Andhra Pradesh,Annamayya,Punganur APMC,Vegetables,Tomato,24-07-2024,303.6,2500,2900,3300
Andhra Pradesh,Annamayya,Punganur APMC,Vegetables,Tomato,25-07-2024,377.3,1900,2300,2500
Andhra Pradesh,Annamayya,Punganur APMC,Vegetables,Tomato,26-07-2024,356,2200,2600,3000
Andhra Pradesh,Annamayya,Punganur APMC,Vegetables,Tomato,27-07-2024,348.1,2270,2670,3000
Andhra Pradesh,Annamayya,Punganur APMC,Vegetables,Tomato,28-07-2024,314.4,2200,2540,2800
Andhra Pradesh,Annamayya,Punganur APMC,Vegetables,Tomato,29-07-2024,329,2000,2570,2940
Andhra Pradesh,Annamayya,Punganur APMC,Vegetables,Tomato,31-07-2024,254.8,1800,2140,2540
Andhra Pradesh,Annamayya,Punganur APMC,Vegetables,Tomato,01-08-2024,373.4,1800,2000,2400
Andhra Pradesh,Annamayya,Punganur APMC,Vegetables,Tomato,02-08-2024,279.6,1500,1900,2270
Andhra Pradesh,Annamayya,Punganur APMC,Vegetables,Tomato,03-08-2024,310.5,1670,2000,2400
Andhra Pradesh,Annamayya,Punganur APMC,Vegetables,Tomato,04-08-2024,286.7,1670,2000,2400
Andhra Pradesh,Annamayya,Punganur APMC,Vegetables,Tomato,05-08-2024,303.5,1740,2100,2540
Andhra Pradesh,Annamayya,Punganur APMC,Vegetables,Tomato,06-08-2024,269,1800,2140,2600
Andhra Pradesh,Annamayya,Punganur APMC,Vegetables,Tomato,08-08-2024,272.5,2000,2440,2740
Andhra Pradesh,Annamayya,Punganur APMC,Vegetables,Tomato,10-08-2024,203.3,2140,2340,2700
Andhra Pradesh,Annamayya,Punganur APMC,Vegetables,Tomato,11-08-2024,205.7,2100,2300,2670
Andhra Pradesh,Annamayya,Punganur APMC,Vegetables,Tomato,12-08-2024,185.5,1470,1800,2140
Andhra Pradesh,Annamayya,Punganur APMC,Vegetables,Tomato,13-08-2024,186,1540,1870,2140
Andhra Pradesh,Annamayya,Punganur APMC,Vegetables,Tomato,14-08-2024,160.4,1740,2000,2300
Andhra Pradesh,Annamayya,Punganur APMC,Vegetables,Tomato,16-08-2024,124.8,2140,2340,2600
Andhra Pradesh,Annamayya,Punganur APMC,Vegetables,Tomato,17-08-2024,133.6,2200,2540,2800
Andhra Pradesh,Annamayya,Punganur APMC,Vegetables,Tomato,19-08-2024,123.8,1540,1870,2140
Andhra Pradesh,Annamayya,Punganur APMC,Vegetables,Tomato,21-08-2024,134.1,1400,1700,2000
Andhra Pradesh,Annamayya,Punganur APMC,Vegetables,Tomato,22-08-2024,167.4,1740,2000,2000
Andhra Pradesh,Annamayya,Punganur APMC,Vegetables,Tomato,23-08-2024,106.8,1670,1940,2270
Andhra Pradesh,Annamayya,Punganur APMC,Vegetables,Tomato,24-08-2024,109.9,1740,2070,2400
Andhra Pradesh,Annamayya,Punganur APMC,Vegetables,Tomato,25-08-2024,115.4,1670,1800,2140
Andhra Pradesh,Annamayya,Punganur APMC,Vegetables,Tomato,26-08-2024,94.1,1340,1740,2000
Andhra Pradesh,Annamayya,Punganur APMC,Vegetables,Tomato,27-08-2024,89.2,1270,1540,1800
Andhra Pradesh,Annamayya,Punganur APMC,Vegetables,Tomato,28-08-2024,114.7,1340,1670,1940
Andhra Pradesh,Annamayya,Punganur APMC,Vegetables,Tomato,30-08-2024,74,1470,1740,2000
Andhra Pradesh,Annamayya,Punganur APMC,Vegetables,Tomato,31-08-2024,69.1,1340,1670,1940
Andhra Pradesh,Annamayya,Punganur APMC,Vegetables,Tomato,01-09-2024,63.2,1470,1740,2070
Andhra Pradesh,Annamayya,Punganur APMC,Vegetables,Tomato,02-09-2024,72.1,1940,2200,2540
Andhra Pradesh,Annamayya,Punganur APMC,Vegetables,Tomato,03-09-2024,62.7,1870,2140,2500
Andhra Pradesh,Annamayya,Punganur APMC,Vegetables,Tomato,04-09-2024,52,1940,2270,2570
Andhra Pradesh,Annamayya,Punganur APMC,Vegetables,Tomato,05-09-2024,57.3,1870,2200,2500
Andhra Pradesh,Annamayya,Punganur APMC,Vegetables,Tomato,06-09-2024,61.2,1800,2140,2470
Andhra Pradesh,Annamayya,Punganur APMC,Vegetables,Tomato,07-09-2024,44,1670,1940,2200
Andhra Pradesh,Annamayya,Punganur APMC,Vegetables,Tomato,08-09-2024,36.5,2170,2340,2540
Andhra Pradesh,Annamayya,Punganur APMC,Vegetables,Tomato,09-09-2024,44.5,1870,2140,2400
Andhra Pradesh,Annamayya,Punganur APMC,Vegetables,Tomato,10-09-2024,37.4,1670,1940,2140
Andhra Pradesh,Annamayya,Punganur APMC,Vegetables,Tomato,11-09-2024,28.8,1740,2000,2270
Andhra Pradesh,Annamayya,Punganur APMC,Vegetables,Tomato,12-09-2024,24.7,1870,2140,2470
Andhra Pradesh,Annamayya,Punganur APMC,Vegetables,Tomato,13-09-2024,29.2,1800,2100,2400
Andhra Pradesh,Annamayya,Punganur APMC,Vegetables,Tomato,14-09-2024,25.6,2200,2500,2800
Andhra Pradesh,Annamayya,Punganur APMC,Vegetables,Tomato,15-09-2024,27.2,2140,2470,2740
Andhra Pradesh,Annamayya,Punganur APMC,Vegetables,Tomato,16-09-2024,29.1,2340,2740,3070
Andhra Pradesh,Annamayya,Punganur APMC,Vegetables,Tomato,17-09-2024,20.2,2300,2700,3000
Andhra Pradesh,Annamayya,Punganur APMC,Vegetables,Tomato,18-09-2024,25.7,2670,3000,3340
Andhra Pradesh,Annamayya,Punganur APMC,Vegetables,Tomato,19-09-2024,18.3,2540,2870,3200
Andhra Pradesh,Annamayya,Punganur APMC,Vegetables,Tomato,20-09-2024,23.4,2800,3100,3470
Andhra Pradesh,Annamayya,Punganur APMC,Vegetables,Tomato,21-09-2024,19.9,2700,3000,3400
Andhra Pradesh,Annamayya,Punganur APMC,Vegetables,Tomato,23-09-2024,16.5,3000,3340,3670
Andhra Pradesh,Annamayya,Punganur APMC,Vegetables,Tomato,24-09-2024,19.1,3000,3400,3700
Andhra Pradesh,Annamayya,Punganur APMC,Vegetables,Tomato,25-09-2024,29.9,2940,3200,3540
Andhra Pradesh,Annamayya,Punganur APMC,Vegetables,Tomato,26-09-2024,23.4,3000,3340,3670
Andhra Pradesh,Annamayya,Punganur APMC,Vegetables,Tomato,27-09-2024,25.4,3000,3300,3600
Andhra Pradesh,Annamayya,Punganur APMC,Vegetables,Tomato,28-09-2024,22.5,2940,3270,3540
Andhra Pradesh,Annamayya,Punganur APMC,Vegetables,Tomato,29-09-2024,26.1,3340,3670,4000
Andhra Pradesh,Annamayya,Punganur APMC,Vegetables,Tomato,01-10-2024,16.6,4000,4300,4600
Andhra Pradesh,Annamayya,Punganur APMC,Vegetables,Tomato,03-10-2024,16.9,6000,6500,6870
Andhra Pradesh,Annamayya,Punganur APMC,Vegetables,Tomato,04-10-2024,21.7,5340,5670,6000
Andhra Pradesh,Annamayya,Punganur APMC,Vegetables,Tomato,05-10-2024,20.1,6000,6200,6670
Andhra Pradesh,Annamayya,Punganur APMC,Vegetables,Tomato,06-10-2024,14.5,6600,7000,7500
Andhra Pradesh,Annamayya,Punganur APMC,Vegetables,Tomato,07-10-2024,15.5,6000,6400,6800
Andhra Pradesh,Annamayya,Punganur APMC,Vegetables,Tomato,08-10-2024,14.7,5670,6000,6400
Andhra Pradesh,Annamayya,Punganur APMC,Vegetables,Tomato,10-10-2024,23.7,3870,4140,4400
Andhra Pradesh,Annamayya,Punganur APMC,Vegetables,Tomato,11-10-2024,21.7,4340,4670,5000
Andhra Pradesh,Annamayya,Punganur APMC,Vegetables,Tomato,12-10-2024,24,4400,4740,5140
Andhra Pradesh,Annamayya,Punganur APMC,Vegetables,Tomato,13-10-2024,20.6,5270,5640,6000
Andhra Pradesh,Annamayya,Punganur APMC,Vegetables,Tomato,14-10-2024,22.2,5070,5370,5670
Andhra Pradesh,Annamayya,Punganur APMC,Vegetables,Tomato,15-10-2024,20.2,5740,6000,6340
Andhra Pradesh,Annamayya,Punganur APMC,Vegetables,Tomato,16-10-2024,21.6,4140,4470,4800
Andhra Pradesh,Annamayya,Punganur APMC,Vegetables,Tomato,17-10-2024,23.8,4340,4670,5000
Andhra Pradesh,Annamayya,Punganur APMC,Vegetables,Tomato,18-10-2024,21.4,4740,5140,5470
Andhra Pradesh,Annamayya,Punganur APMC,Vegetables,Tomato,19-10-2024,34.2,3340,3670,3940
Andhra Pradesh,Annamayya,Punganur APMC,Vegetables,Tomato,24-10-2024,36.8,3670,3900,4200
Andhra Pradesh,Annamayya,Punganur APMC,Vegetables,Tomato,26-10-2024,41.2,3340,3670,3940
Andhra Pradesh,Annamayya,Punganur APMC,Vegetables,Tomato,27-10-2024,35,3200,3540,3870
Andhra Pradesh,Annamayya,Punganur APMC,Vegetables,Tomato,28-10-2024,50.2,2540,2870,3200
Andhra Pradesh,Annamayya,Punganur APMC,Vegetables,Tomato,29-10-2024,45.5,2470,2800,3100
Andhra Pradesh,Annamayya,Punganur APMC,Vegetables,Tomato,30-10-2024,55.4,2270,2540,2870
Andhra Pradesh,Annamayya,Punganur APMC,Vegetables,Tomato,31-10-2024,56.7,2200,2500,2800
Andhra Pradesh,Annamayya,Punganur APMC,Vegetables,Tomato,01-11-2024,47.5,2540,2870,3200
Andhra Pradesh,Annamayya,Punganur APMC,Vegetables,Tomato,02-11-2024,44.5,2600,2940,3270
Andhra Pradesh,Annamayya,Punganur APMC,Vegetables,Tomato,03-11-2024,45.5,2470,2740,3000
Andhra Pradesh,Annamayya,Punganur APMC,Vegetables,Tomato,04-11-2024,47.6,2000,2270,2470
Andhra Pradesh,Annamayya,Punganur APMC,Vegetables,Tomato,05-11-2024,47.9,1940,2200,2400
Andhra Pradesh,Annamayya,Punganur APMC,Vegetables,Tomato,06-11-2024,59.5,2340,2670,3000
Andhra Pradesh,Annamayya,Punganur APMC,Vegetables,Tomato,07-11-2024,43.5,2000,2270,2540
Andhra Pradesh,Annamayya,Punganur APMC,Vegetables,Tomato,08-11-2024,56.6,1870,2000,2140
Andhra Pradesh,Annamayya,Punganur APMC,Vegetables,Tomato,09-11-2024,59.7,1340,1540,1800
Andhra Pradesh,Annamayya,Punganur APMC,Vegetables,Tomato,10-11-2024,60.3,1670,1870,2000
Andhra Pradesh,Annamayya,Punganur APMC,Vegetables,Tomato,11-11-2024,63.7,1670,1900,2070
Andhra Pradesh,Annamayya,Punganur APMC,Vegetables,Tomato,13-11-2024,55.4,1870,2070,2300
Andhra Pradesh,Annamayya,Punganur APMC,Vegetables,Tomato,14-11-2024,54.4,2000,2270,2500
Andhra Pradesh,Annamayya,Punganur APMC,Vegetables,Tomato,18-11-2024,67.3,2200,2540,2800
Andhra Pradesh,Annamayya,Punganur APMC,Vegetables,Tomato,19-11-2024,53.6,2670,3000,3470
Andhra Pradesh,Annamayya,Punganur APMC,Vegetables,Tomato,20-11-2024,50.7,2600,3000,3340
Andhra Pradesh,Annamayya,Punganur APMC,Vegetables,Tomato,21-11-2024,53.4,2270,2540,2800
Andhra Pradesh,Annamayya,Punganur APMC,Vegetables,Tomato,22-11-2024,49.6,2470,2740,3000
Andhra Pradesh,Annamayya,Punganur APMC,Vegetables,Tomato,24-11-2024,55.3,2670,3000,3340
Andhra Pradesh,Annamayya,Punganur APMC,Vegetables,Tomato,25-11-2024,54.4,3000,3340,3670
Andhra Pradesh,Annamayya,Punganur APMC,Vegetables,Tomato,26-11-2024,45.1,3670,4000,4340
Andhra Pradesh,Annamayya,Punganur APMC,Vegetables,Tomato,27-11-2024,50.6,3800,4200,4670
Andhra Pradesh,Annamayya,Punganur APMC,Vegetables,Tomato,28-11-2024,49.2,3540,3870,4200
Andhra Pradesh,Annamayya,Punganur APMC,Vegetables,Tomato,30-11-2024,52.3,3340,3670,4000
Andhra Pradesh,Annamayya,Punganur APMC,Vegetables,Tomato,01-12-2024,42.2,3870,4170,4540
Andhra Pradesh,Annamayya,Punganur APMC,Vegetables,Tomato,02-12-2024,29.8,2670,6140,6670
Andhra Pradesh,Annamayya,Punganur APMC,Vegetables,Tomato,03-12-2024,32.6,4200,4670,5000
Andhra Pradesh,Annamayya,Punganur APMC,Vegetables,Tomato,04-12-2024,33,3670,4000,4340
Andhra Pradesh,Annamayya,Punganur APMC,Vegetables,Tomato,05-12-2024,28,4000,4470,4800
Andhra Pradesh,Annamayya,Punganur APMC,Vegetables,Tomato,06-12-2024,26,5000,5340,5670
Andhra Pradesh,Annamayya,Punganur APMC,Vegetables,Tomato,07-12-2024,34.7,3670,3840,4000
Andhra Pradesh,Annamayya,Punganur APMC,Vegetables,Tomato,08-12-2024,37.8,2000,2170,2340
Andhra Pradesh,Annamayya,Punganur APMC,Vegetables,Tomato,09-12-2024,50.9,1340,1540,1740
Andhra Pradesh,Annamayya,Punganur APMC,Vegetables,Tomato,10-12-2024,60,1200,1340,1470
Andhra Pradesh,Annamayya,Punganur APMC,Vegetables,Tomato,11-12-2024,44.9,1670,1870,2000
Andhra Pradesh,Annamayya,Punganur APMC,Vegetables,Tomato,12-12-2024,40.4,1270,1470,1670
Andhra Pradesh,Annamayya,Punganur APMC,Vegetables,Tomato,13-12-2024,28.3,1140,1270,1400
Andhra Pradesh,Annamayya,Punganur APMC,Vegetables,Tomato,14-12-2024,45.9,1000,1100,1200
Andhra Pradesh,Annamayya,Punganur APMC,Vegetables,Tomato,15-12-2024,48.7,1000,1100,1200
Andhra Pradesh,Annamayya,Punganur APMC,Vegetables,Tomato,16-12-2024,48.1,1140,1340,1540
Andhra Pradesh,Annamayya,Punganur APMC,Vegetables,Tomato,17-12-2024,52.9,1200,1540,1870
Andhra Pradesh,Annamayya,Punganur APMC,Vegetables,Tomato,18-12-2024,54.8,1140,1340,1540
Andhra Pradesh,Annamayya,Punganur APMC,Vegetables,Tomato,19-12-2024,42.1,1070,1200,1340
Andhra Pradesh,Annamayya,Punganur APMC,Vegetables,Tomato,20-12-2024,41.3,1000,1100,1200
Andhra Pradesh,Annamayya,Punganur APMC,Vegetables,Tomato,21-12-2024,30.9,1800,2270,2740
Andhra Pradesh,Annamayya,Punganur APMC,Vegetables,Tomato,22-12-2024,35.1,1270,1540,1800
Andhra Pradesh,Annamayya,Punganur APMC,Vegetables,Tomato,23-12-2024,41.2,1270,1470,1670
Andhra Pradesh,Annamayya,Punganur APMC,Vegetables,Tomato,24-12-2024,42.8,1340,1540,1800
Andhra Pradesh,Annamayya,Punganur APMC,Vegetables,Tomato,25-12-2024,44.7,1270,1470,1670
Andhra Pradesh,Annamayya,Punganur APMC,Vegetables,Tomato,26-12-2024,31.2,1070,1270,1470
Andhra Pradesh,Annamayya,Punganur APMC,Vegetables,Tomato,27-12-2024,31.7,1340,1670,2000
Andhra Pradesh,Annamayya,Punganur APMC,Vegetables,Tomato,28-12-2024,21.2,1200,1540,1870
Andhra Pradesh,Annamayya,Punganur APMC,Vegetables,Tomato,30-12-2024,25.9,840,900,1000
Andhra Pradesh,Annamayya,Punganur APMC,Vegetables,Tomato,22-01-2025,22.6,1200,1340,1470
Andhra Pradesh,Annamayya,Punganur APMC,Vegetables,Tomato,23-01-2025,24,1270,1470,1670
Andhra Pradesh,Annamayya,Punganur APMC,Vegetables,Tomato,24-01-2025,17.7,1070,1200,1340
Andhra Pradesh,Annamayya,Punganur APMC,Vegetables,Tomato,25-01-2025,24.8,1140,1340,1540
Andhra Pradesh,Annamayya,Punganur APMC,Vegetables,Tomato,26-01-2025,13.9,1070,1200,1340
Andhra Pradesh,Annamayya,Punganur APMC,Vegetables,Tomato,27-01-2025,24,1270,1540,1740
Andhra Pradesh,Annamayya,Punganur APMC,Vegetables,Tomato,28-01-2025,23.1,1340,1670,2000
Andhra Pradesh,Annamayya,Punganur APMC,Vegetables,Tomato,29-01-2025,15.7,1140,1400,1670
Andhra Pradesh,Annamayya,Punganur APMC,Vegetables,Tomato,30-01-2025,22.5,1270,1470,1670
Andhra Pradesh,Annamayya,Punganur APMC,Vegetables,Tomato,31-01-2025,32.7,1200,1470,1740
Andhra Pradesh,Annamayya,Punganur APMC,Vegetables,Tomato,01-02-2025,16.9,1340,1670,2000
Andhra Pradesh,Annamayya,Punganur APMC,Vegetables,Tomato,02-02-2025,20.7,1200,1570,1740
Andhra Pradesh,Annamayya,Punganur APMC,Vegetables,Tomato,03-02-2025,22.4,1270,1540,1800
Andhra Pradesh,Annamayya,Punganur APMC,Vegetables,Tomato,04-02-2025,26.2,1200,1470,1740
Andhra Pradesh,Annamayya,Punganur APMC,Vegetables,Tomato,05-02-2025,19.1,1140,1400,1670
Andhra Pradesh,Annamayya,Punganur APMC,Vegetables,Tomato,06-02-2025,18.7,1200,1540,1870
Andhra Pradesh,Annamayya,Punganur APMC,Vegetables,Tomato,07-02-2025,19.5,1340,1670,2270
Andhra Pradesh,Annamayya,Punganur APMC,Vegetables,Tomato,08-02-2025,15.6,1140,1400,1670
Andhra Pradesh,Annamayya,Punganur APMC,Vegetables,Tomato,09-02-2025,20.5,1270,1540,1800
Andhra Pradesh,Annamayya,Punganur APMC,Vegetables,Tomato,10-02-2025,16,1140,1400,1670
Andhra Pradesh,Annamayya,Punganur APMC,Vegetables,Tomato,11-02-2025,19.1,1140,1400,1670
Andhra Pradesh,Annamayya,Punganur APMC,Vegetables,Tomato,12-02-2025,25.5,1070,1270,1470
Andhra Pradesh,Annamayya,Punganur APMC,Vegetables,Tomato,13-02-2025,18.4,1000,1070,1140
Andhra Pradesh,Annamayya,Punganur APMC,Vegetables,Tomato,14-02-2025,24,1000,1170,1340
Andhra Pradesh,Annamayya,Punganur APMC,Vegetables,Tomato,15-02-2025,26.8,1000,1200,1340
Andhra Pradesh,Annamayya,Punganur APMC,Vegetables,Tomato,16-02-2025,21.1,1070,1270,1470
Andhra Pradesh,Annamayya,Punganur APMC,Vegetables,Tomato,17-02-2025,20.4,1070,1270,1470
Andhra Pradesh,Annamayya,Punganur APMC,Vegetables,Tomato,18-02-2025,24.3,1000,1200,1400
Andhra Pradesh,Annamayya,Punganur APMC,Vegetables,Tomato,20-02-2025,25.1,1070,1140,1200
Andhra Pradesh,Annamayya,Punganur APMC,Vegetables,Tomato,21-02-2025,20.8,870,940,1000
Andhra Pradesh,Annamayya,Punganur APMC,Vegetables,Tomato,22-02-2025,21.7,1000,1200,1340
Andhra Pradesh,Annamayya,Punganur APMC,Vegetables,Tomato,23-02-2025,28.9,1000,1100,1200
Andhra Pradesh,Annamayya,Punganur APMC,Vegetables,Tomato,24-02-2025,25.4,1000,1140,1340
Andhra Pradesh,Annamayya,Punganur APMC,Vegetables,Tomato,25-02-2025,27.9,1000,1100,1200
Andhra Pradesh,Annamayya,Punganur APMC,Vegetables,Tomato,26-02-2025,27.7,1070,1140,1200
Andhra Pradesh,Annamayya,Punganur APMC,Vegetables,Tomato,27-02-2025,28.3,1000,1100,1200
Andhra Pradesh,Annamayya,Punganur APMC,Vegetables,Tomato,28-02-2025,24.3,1000,1100,1200
Andhra Pradesh,Annamayya,Punganur APMC,Vegetables,Tomato,01-03-2025,28.1,1070,1140,1200
Andhra Pradesh,Annamayya,Punganur APMC,Vegetables,Tomato,03-03-2025,35.4,1000,1100,1200
Andhra Pradesh,Annamayya,Punganur APMC,Vegetables,Tomato,04-03-2025,32.3,1000,1140,1270
Andhra Pradesh,Annamayya,Punganur APMC,Vegetables,Tomato,05-03-2025,34.3,1000,1100,1200
Andhra Pradesh,Annamayya,Punganur APMC,Vegetables,Tomato,06-03-2025,37.1,1000,1070,1140
Andhra Pradesh,Annamayya,Punganur APMC,Vegetables,Tomato,07-03-2025,36.9,1000,1100,1200
Andhra Pradesh,Annamayya,Punganur APMC,Vegetables,Tomato,08-03-2025,40.8,1000,1140,1270
Andhra Pradesh,Annamayya,Punganur APMC,Vegetables,Tomato,09-03-2025,35.8,1000,1100,1200
Andhra Pradesh,Annamayya,Punganur APMC,Vegetables,Tomato,10-03-2025,37.1,1000,1070,1140
Andhra Pradesh,Annamayya,Punganur APMC,Vegetables,Tomato,11-03-2025,38.4,1000,1070,1140
Andhra Pradesh,Annamayya,Punganur APMC,Vegetables,Tomato,12-03-2025,35.2,1000,1100,1200
Andhra Pradesh,Annamayya,Punganur APMC,Vegetables,Tomato,13-03-2025,37.4,1000,1070,1100
Andhra Pradesh,Annamayya,Punganur APMC,Vegetables,Tomato,14-03-2025,36.1,1000,1140,1200
Andhra Pradesh,Annamayya,Punganur APMC,Vegetables,Tomato,15-03-2025,34.9,1000,1070,1140
Andhra Pradesh,Annamayya,Punganur APMC,Vegetables,Tomato,16-03-2025,36.1,1000,1140,1200
Andhra Pradesh,Annamayya,Punganur APMC,Vegetables,Tomato,17-03-2025,32.9,1000,1140,1200
Andhra Pradesh,Annamayya,Punganur APMC,Vegetables,Tomato,18-03-2025,29.1,1000,1070,1140
Andhra Pradesh,Annamayya,Punganur APMC,Vegetables,Tomato,19-03-2025,29.4,1000,1040,1100
Andhra Pradesh,Annamayya,Punganur APMC,Vegetables,Tomato,20-03-2025,30.1,1000,1070,1140
Andhra Pradesh,Annamayya,Punganur APMC,Vegetables,Tomato,21-03-2025,31.7,940,1000,1070
Andhra Pradesh,Annamayya,Punganur APMC,Vegetables,Tomato,22-03-2025,31.9,940,1000,1070
Andhra Pradesh,Annamayya,Punganur APMC,Vegetables,Tomato,23-03-2025,33.7,940,1000,1070
Andhra Pradesh,Annamayya,Punganur APMC,Vegetables,Tomato,24-03-2025,40.5,900,1000,1100
Andhra Pradesh,Annamayya,Punganur APMC,Vegetables,Tomato,25-03-2025,45.2,940,1000,1070
Andhra Pradesh,Annamayya,Punganur APMC,Vegetables,Tomato,26-03-2025,36.2,900,1070,1140
Andhra Pradesh,Annamayya,Punganur APMC,Vegetables,Tomato,27-03-2025,38.1,870,1040,1100
Andhra Pradesh,Annamayya,Punganur APMC,Vegetables,Tomato,28-03-2025,40.2,900,1000,1070
Andhra Pradesh,Annamayya,Punganur APMC,Vegetables,Tomato,29-03-2025,40.7,940,1070,1140
Andhra Pradesh,Annamayya,Punganur APMC,Vegetables,Tomato,30-03-2025,40.4,1070,1270,1470
Andhra Pradesh,Annamayya,Punganur APMC,Vegetables,Tomato,31-03-2025,29.2,1200,1470,1740
Andhra Pradesh,Annamayya,Punganur APMC,Vegetables,Tomato,02-04-2025,57,870,940,1000
Andhra Pradesh,Annamayya,Punganur APMC,Vegetables,Tomato,03-04-2025,81.7,800,900,1000
Andhra Pradesh,Annamayya,Punganur APMC,Vegetables,Tomato,04-04-2025,94.5,940,1070,1200
Andhra Pradesh,Annamayya,Punganur APMC,Vegetables,Tomato,05-04-2025,98.8,1000,1140,1270
Andhra Pradesh,Annamayya,Punganur APMC,Vegetables,Tomato,06-04-2025,101.5,940,1070,1200
Andhra Pradesh,Annamayya,Punganur APMC,Vegetables,Tomato,07-04-2025,109.9,900,1100,1240
Andhra Pradesh,Annamayya,Punganur APMC,Vegetables,Tomato,08-04-2025,113.5,940,1070,1140
Andhra Pradesh,Annamayya,Punganur APMC,Vegetables,Tomato,09-04-2025,12.8,900,1100,1200
Andhra Pradesh,Annamayya,Punganur APMC,Vegetables,Tomato,10-04-2025,190.6,1100,1200,1300
Andhra Pradesh,Annamayya,Punganur APMC,Vegetables,Tomato,11-04-2025,180.3,1200,1340,1470
Andhra Pradesh,Annamayya,Punganur APMC,Vegetables,Tomato,12-04-2025,232.5,1240,1370,1480
Andhra Pradesh,Annamayya,Punganur APMC,Vegetables,Tomato,13-04-2025,202.9,1000,1170,1340
Andhra Pradesh,Annamayya,Punganur APMC,Vegetables,Tomato,14-04-2025,174.1,1000,1070,1140
Andhra Pradesh,Annamayya,Punganur APMC,Vegetables,Tomato,15-04-2025,298.1,1000,1100,1170
Andhra Pradesh,Annamayya,Punganur APMC,Vegetables,Tomato,16-04-2025,261.1,1100,1200,1300
Andhra Pradesh,Annamayya,Punganur APMC,Vegetables,Tomato,17-04-2025,229.5,1070,1170,1270
Andhra Pradesh,Annamayya,Punganur APMC,Vegetables,Tomato,18-04-2025,244.6,800,940,1140
Andhra Pradesh,Annamayya,Punganur APMC,Vegetables,Tomato,19-04-2025,246.42,800,940,1140
Andhra Pradesh,Annamayya,Punganur APMC,Vegetables,Tomato,21-04-2025,200.8,870,1000,1200
Andhra Pradesh,Annamayya,Punganur APMC,Vegetables,Tomato,22-04-2025,375.4,940,1070,1200
Andhra Pradesh,Annamayya,Punganur APMC,Vegetables,Tomato,23-04-2025,352.5,900,1040,1170
Andhra Pradesh,Annamayya,Punganur APMC,Vegetables,Tomato,24-04-2025,420.6,900,1040,1170
Andhra Pradesh,Annamayya,Punganur APMC,Vegetables,Tomato,25-04-2025,470.8,870,1000,1140
Andhra Pradesh,Annamayya,Punganur APMC,Vegetables,Tomato,26-04-2025,457.9,840,940,1040
Andhra Pradesh,Annamayya,Punganur APMC,Vegetables,Tomato,27-04-2025,48,800,870,940
Andhra Pradesh,Annamayya,Punganur APMC,Vegetables,Tomato,28-04-2025,54.7,800,840,900
Andhra Pradesh,Annamayya,Punganur APMC,Vegetables,Tomato,29-04-2025,761.3,800,900,1000
Andhra Pradesh,Annamayya,Punganur APMC,Vegetables,Tomato,30-04-2025,694.8,800,870,940
Andhra Pradesh,Annamayya,Punganur APMC,Vegetables,Tomato,01-05-2025,657.4,800,900,970
Andhra Pradesh,Annamayya,Punganur APMC,Vegetables,Tomato,02-05-2025,617.2,800,870,940
Andhra Pradesh,Annamayya,Punganur APMC,Vegetables,Tomato,03-05-2025,729.8,800,870,940
Andhra Pradesh,Annamayya,Punganur APMC,Vegetables,Tomato,04-05-2025,661.3,800,870,940
Andhra Pradesh,Annamayya,Punganur APMC,Vegetables,Tomato,05-05-2025,699.2,800,840,900
Andhra Pradesh,Annamayya,Punganur APMC,Vegetables,Tomato,06-05-2025,75.1,800,840,900
Andhra Pradesh,Annamayya,Punganur APMC,Vegetables,Tomato,07-05-2025,767.6,800,840,900
Andhra Pradesh,Annamayya,Punganur APMC,Vegetables,Tomato,08-05-2025,902.8,840,870,940
Andhra Pradesh,Annamayya,Punganur APMC,Vegetables,Tomato,09-05-2025,900.4,840,870,940
Andhra Pradesh,Annamayya,Punganur APMC,Vegetables,Tomato,10-05-2025,759.6,600,700,800
Andhra Pradesh,Annamayya,Punganur APMC,Vegetables,Tomato,11-05-2025,750,640,740,840
Andhra Pradesh,Annamayya,Punganur APMC,Vegetables,Tomato,12-05-2025,800.4,640,740,840
Andhra Pradesh,Annamayya,Punganur APMC,Vegetables,Tomato,13-05-2025,1064.7,600,700,800
Andhra Pradesh,Annamayya,Punganur APMC,Vegetables,Tomato,14-05-2025,1128.7,650,750,850
Andhra Pradesh,Annamayya,Punganur APMC,Vegetables,Tomato,15-05-2025,1045.3,600,700,800
Andhra Pradesh,Annamayya,Punganur APMC,Vegetables,Tomato,16-05-2025,901.3,670,770,870
Andhra Pradesh,Annamayya,Punganur APMC,Vegetables,Tomato,17-05-2025,1093.5,670,770,870
Andhra Pradesh,Annamayya,Punganur APMC,Vegetables,Tomato,18-05-2025,888.1,800,840,900
Andhra Pradesh,Annamayya,Punganur APMC,Vegetables,Tomato,19-05-2025,112.7,900,1000,1100
Andhra Pradesh,Annamayya,Punganur APMC,Vegetables,Tomato,20-05-2025,1060.7,800,900,1000
Andhra Pradesh,Annamayya,Punganur APMC,Vegetables,Tomato,21-05-2025,1029.2,800,900,1000
Andhra Pradesh,Annamayya,Punganur APMC,Vegetables,Tomato,22-05-2025,1080.4,800,900,1000
Andhra Pradesh,Annamayya,Punganur APMC,Vegetables,Tomato,23-05-2025,1115.3,840,970,1040
Andhra Pradesh,Annamayya,Punganur APMC,Vegetables,Tomato,25-05-2025,112.5,900,1000,1100
Andhra Pradesh,Annamayya,Punganur APMC,Vegetables,Tomato,26-05-2025,1313.7,940,1040,1140
Andhra Pradesh,Annamayya,Punganur APMC,Vegetables,Tomato,27-05-2025,1487.8,800,900,1000
Andhra Pradesh,Annamayya,Punganur APMC,Vegetables,Tomato,28-05-2025,1415.5,700,800,900
Andhra Pradesh,Annamayya,Punganur APMC,Vegetables,Tomato,29-05-2025,146.2,700,800,900
Andhra Pradesh,Annamayya,Punganur APMC,Vegetables,Tomato,30-05-2025,1405.5,700,800,900
Andhra Pradesh,Annamayya,Punganur APMC,Vegetables,Tomato,31-05-2025,1568,670,770,870
Andhra Pradesh,Annamayya,Punganur APMC,Vegetables,Tomato,01-06-2025,1530,900,1000,1100
Andhra Pradesh,Annamayya,Punganur APMC,Vegetables,Tomato,02-06-2025,1755,1000,1100,1200
Andhra Pradesh,Annamayya,Punganur APMC,Vegetables,Tomato,03-06-2025,1642.9,1200,1340,1470
Andhra Pradesh,Annamayya,Punganur APMC,Vegetables,Tomato,04-06-2025,1562.2,1270,1400,1540
Andhra Pradesh,Annamayya,Punganur APMC,Vegetables,Tomato,05-06-2025,1080.4,1200,1270,1340
Andhra Pradesh,Annamayya,Punganur APMC,Vegetables,Tomato,06-06-2025,1204,870,1000,1140
Andhra Pradesh,Annamayya,Punganur APMC,Vegetables,Tomato,07-06-2025,105.9,870,1000,1140
Andhra Pradesh,Annamayya,Punganur APMC,Vegetables,Tomato,09-06-2025,943.5,1870,2000,2014
Andhra Pradesh,Annamayya,Punganur APMC,Vegetables,Tomato,10-06-2025,952,2000,2014,2270
Andhra Pradesh,Annamayya,Punganur APMC,Vegetables,Tomato,11-06-2025,977,1940,2070,2200
Andhra Pradesh,Annamayya,Punganur APMC,Vegetables,Tomato,12-06-2025,850,1840,1970,2004
Andhra Pradesh,Annamayya,Punganur APMC,Vegetables,Tomato,13-06-2025,954.5,1840,1970,2040
Andhra Pradesh,Annamayya,Punganur APMC,Vegetables,Tomato,14-06-2025,931.2,1900,2000,2100
Andhra Pradesh,Annamayya,Punganur APMC,Vegetables,Tomato,15-06-2025,860.1,1600,1700,1800
Andhra Pradesh,Annamayya,Punganur APMC,Vegetables,Tomato,17-06-2025,850.7,1670,1800,1940
Andhra Pradesh,Annamayya,Punganur APMC,Vegetables,Tomato,18-06-2025,815.5,1670,1800,1940
Andhra Pradesh,Annamayya,Punganur APMC,Vegetables,Tomato,19-06-2025,793.6,1470,1600,1740
Andhra Pradesh,Annamayya,Punganur APMC,Vegetables,Tomato,20-06-2025,780.4,1140,1270,1400
Andhra Pradesh,Annamayya,Punganur APMC,Vegetables,Tomato,21-06-2025,817.3,1200,1340,1470
Andhra Pradesh,Annamayya,Punganur APMC,Vegetables,Tomato,23-06-2025,773,1470,1670,1870
Andhra Pradesh,Annamayya,Punganur APMC,Vegetables,Tomato,25-06-2025,711.2,2000,2014,2270
Andhra Pradesh,Annamayya,Punganur APMC,Vegetables,Tomato,26-06-2025,605.5,1670,1870,2070
Andhra Pradesh,Annamayya,Punganur APMC,Vegetables,Tomato,27-06-2025,701.4,1600,1800,2000
Andhra Pradesh,Annamayya,Punganur APMC,Vegetables,Tomato,28-06-2025,648.4,1670,1870,2070
Andhra Pradesh,Annamayya,Punganur APMC,Vegetables,Tomato,29-06-2025,713.7,1600,1800,2000
Andhra Pradesh,Annamayya,Punganur APMC,Vegetables,Tomato,30-06-2025,640.8,2000,2200,2400
Andhra Pradesh,Annamayya,Punganur APMC,Vegetables,Tomato,01-07-2025,637.3,2140,2540,2940
Andhra Pradesh,Annamayya,Punganur APMC,Vegetables,Tomato,03-07-2025,520.1,2000,2300,2600
Andhra Pradesh,Annamayya,Punganur APMC,Vegetables,Tomato,04-07-2025,582.8,2000,2300,2600
Andhra Pradesh,Annamayya,Punganur APMC,Vegetables,Tomato,05-07-2025,568,1940,2240,2540
Andhra Pradesh,Annamayya,Punganur APMC,Vegetables,Tomato,06-07-2025,542,1940,2240,2540
Andhra Pradesh,Annamayya,Punganur APMC,Vegetables,Tomato,07-07-2025,611.7,2000,2300,2600
Andhra Pradesh,Annamayya,Punganur APMC,Vegetables,Tomato,08-07-2025,621.8,2000,2270,2540
Andhra Pradesh,Annamayya,Punganur APMC,Vegetables,Tomato,09-07-2025,610.5,2000,2270,2540
Andhra Pradesh,Annamayya,Punganur APMC,Vegetables,Tomato,10-07-2025,692.7,1740,2000,2270
Andhra Pradesh,Annamayya,Punganur APMC,Vegetables,Tomato,11-07-2025,680.5,2000,2270,2540
Andhra Pradesh,Annamayya,Punganur APMC,Vegetables,Tomato,12-07-2025,650.8,2000,2270,2540
Andhra Pradesh,Annamayya,Punganur APMC,Vegetables,Tomato,13-07-2025,596.8,1740,2000,2270
Andhra Pradesh,Annamayya,Punganur APMC,Vegetables,Tomato,14-07-2025,630.3,1670,1940,2200
Andhra Pradesh,Annamayya,Punganur APMC,Vegetables,Tomato,15-07-2025,634.9,1870,2140,2400
Andhra Pradesh,Annamayya,Punganur APMC,Vegetables,Tomato,17-07-2025,615.4,1640,1970,2140
Andhra Pradesh,Annamayya,Punganur APMC,Vegetables,Tomato,18-07-2025,561.1,1670,1940,2200
Andhra Pradesh,Annamayya,Punganur APMC,Vegetables,Tomato,19-07-2025,533.9,2400,2600,2800
Andhra Pradesh,Annamayya,Punganur APMC,Vegetables,Tomato,20-07-2025,525.9,2470,2670,2870
Andhra Pradesh,Annamayya,Punganur APMC,Vegetables,Tomato,22-07-2025,343.9,3340,3740,4140
Andhra Pradesh,Annamayya,Punganur APMC,Vegetables,Tomato,23-07-2025,311.7,2940,3270,3540
Andhra Pradesh,Annamayya,Punganur APMC,Vegetables,Tomato,24-07-2025,329.8,2870,3200,3470
Andhra Pradesh,Annamayya,Punganur APMC,Vegetables,Tomato,25-07-2025,352.2,2940,3270,3540
Andhra Pradesh,Annamayya,Punganur APMC,Vegetables,Tomato,26-07-2025,267.4,3000,3340,3670
Andhra Pradesh,Annamayya,Punganur APMC,Vegetables,Tomato,27-07-2025,257.5,3900,4200,4340
Andhra Pradesh,Annamayya,Punganur APMC,Vegetables,Tomato,28-07-2025,237.4,3470,3800,4140
Andhra Pradesh,Annamayya,Punganur APMC,Vegetables,Tomato,29-07-2025,197.3,3600,3940,4270
Andhra Pradesh,Annamayya,Punganur APMC,Vegetables,Tomato,30-07-2025,173.7,3400,3870,4340
Andhra Pradesh,Annamayya,Punganur APMC,Vegetables,Tomato,31-07-2025,219.1,3670,3970,4240
Andhra Pradesh,Annamayya,Punganur APMC,Vegetables,Tomato,01-08-2025,129.5,3640,3870,4000
Andhra Pradesh,Annamayya,Punganur APMC,Vegetables,Tomato,02-08-2025,164.2,3670,3840,4040
Andhra Pradesh,Annamayya,Punganur APMC,Vegetables,Tomato,03-08-2025,131,3340,3670,4000
Andhra Pradesh,Annamayya,Punganur APMC,Vegetables,Tomato,04-08-2025,164.8,3340,3670,4000
Andhra Pradesh,Annamayya,Punganur APMC,Vegetables,Tomato,05-08-2025,161,3000,3340,3670
Andhra Pradesh,Annamayya,Punganur APMC,Vegetables,Tomato,06-08-2025,192,3340,3350,3840
Andhra Pradesh,Annamayya,Punganur APMC,Vegetables,Tomato,07-08-2025,242.7,3340,3670,4000
Andhra Pradesh,Annamayya,Punganur APMC,Vegetables,Tomato,08-08-2025,210.1,3340,3740,4140
Andhra Pradesh,Annamayya,Punganur APMC,Vegetables,Tomato,09-08-2025,15.1,3340,3840,4340
Andhra Pradesh,Annamayya,Punganur APMC,Vegetables,Tomato,10-08-2025,155.9,3340,3670,4000
Andhra Pradesh,Annamayya,Punganur APMC,Vegetables,Tomato,11-08-2025,96.9,3200,3600,4000
Andhra Pradesh,Annamayya,Punganur APMC,Vegetables,Tomato,12-08-2025,114.4,3000,3340,3670
Andhra Pradesh,Annamayya,Punganur APMC,Vegetables,Tomato,13-08-2025,119.7,2940,3300,3670
Andhra Pradesh,Annamayya,Punganur APMC,Vegetables,Tomato,14-08-2025,130.1,3200,3600,4000
Andhra Pradesh,Annamayya,Punganur APMC,Vegetables,Tomato,15-08-2025,97.2,3400,3940,4470
Andhra Pradesh,Annamayya,Punganur APMC,Vegetables,Tomato,16-08-2025,83.5,3640,4070,4270
Andhra Pradesh,Annamayya,Punganur APMC,Vegetables,Tomato,17-08-2025,911.5,3340,3800,4270
Andhra Pradesh,Annamayya,Punganur APMC,Vegetables,Tomato,18-08-2025,117.9,3000,3500,4000
Andhra Pradesh,Annamayya,Punganur APMC,Vegetables,Tomato,19-08-2025,61.3,3000,3740,4470
Andhra Pradesh,Annamayya,Punganur APMC,Vegetables,Tomato,20-08-2025,64.9,3000,3670,4340
Andhra Pradesh,Annamayya,Punganur APMC,Vegetables,Tomato,22-08-2025,85.9,3000,3670,4340
Andhra Pradesh,Annamayya,Punganur APMC,Vegetables,Tomato,23-08-2025,55.5,3000,3500,4000
Andhra Pradesh,Annamayya,Punganur APMC,Vegetables,Tomato,25-08-2025,49.4,3000,3300,3600
Andhra Pradesh,Annamayya,Punganur APMC,Vegetables,Tomato,26-08-2025,43.5,2800,3140,3470
Andhra Pradesh,Annamayya,Punganur APMC,Vegetables,Tomato,27-08-2025,24.4,2340,2740,3070
Andhra Pradesh,Annamayya,Punganur APMC,Vegetables,Tomato,28-08-2025,29.1,2000,2400,2800
Andhra Pradesh,Annamayya,Punganur APMC,Vegetables,Tomato,29-08-2025,32.4,1640,1970,2140
Andhra Pradesh,Annamayya,Punganur APMC,Vegetables,Tomato,31-08-2025,28.6,1600,1800,2140
Andhra Pradesh,Annamayya,Punganur APMC,Vegetables,Tomato,01-09-2025,40,2000,2270,2540
Andhra Pradesh,Annamayya,Punganur APMC,Vegetables,Tomato,02-09-2025,44.7,1800,2070,2340
Andhra Pradesh,Annamayya,Punganur APMC,Vegetables,Tomato,03-09-2025,25.2,1940,2200,2470
Andhra Pradesh,Annamayya,Punganur APMC,Vegetables,Tomato,04-09-2025,26.1,1800,2040,2270
Andhra Pradesh,Annamayya,Punganur APMC,Vegetables,Tomato,05-09-2025,26.4,1000,1340,1600
Andhra Pradesh,Annamayya,Punganur APMC,Vegetables,Tomato,06-09-2025,23.5,1000,1200,1370
Andhra Pradesh,Annamayya,Punganur APMC,Vegetables,Tomato,07-09-2025,21.7,1200,1340,1470
Andhra Pradesh,Annamayya,Punganur APMC,Vegetables,Tomato,08-09-2025,23,1000,1200,1400
Andhra Pradesh,Annamayya,Punganur APMC,Vegetables,Tomato,09-09-2025,17.9,1000,1170,1340
Andhra Pradesh,Annamayya,Punganur APMC,Vegetables,Tomato,10-09-2025,21.9,1000,1200,1400
Andhra Pradesh,Annamayya,Punganur APMC,Vegetables,Tomato,12-09-2025,25,1000,1140,1270
Andhra Pradesh,Annamayya,Punganur APMC,Vegetables,Tomato,13-09-2025,19.7,1000,1140,1270
Andhra Pradesh,Annamayya,Punganur APMC,Vegetables,Tomato,14-09-2025,17.9,1000,1140,1240
Andhra Pradesh,Annamayya,Punganur APMC,Vegetables,Tomato,15-09-2025,19,1070,1200,1340
Andhra Pradesh,Annamayya,Punganur APMC,Vegetables,Tomato,16-09-2025,19.5,1070,1270,1470
Andhra Pradesh,Annamayya,Punganur APMC,Vegetables,Tomato,17-09-2025,21.7,1070,1200,1340
Andhra Pradesh,Annamayya,Punganur APMC,Vegetables,Tomato,18-09-2025,20.6,1600,1800,2000
Andhra Pradesh,Annamayya,Punganur APMC,Vegetables,Tomato,19-09-2025,28.5,1340,1470,1600
Andhra Pradesh,Annamayya,Punganur APMC,Vegetables,Tomato,20-09-2025,27.4,1270,1540,1800
Andhra Pradesh,Annamayya,Punganur APMC,Vegetables,Tomato,22-09-2025,34.2,2000,2340,2670
Andhra Pradesh,Annamayya,Punganur APMC,Vegetables,Tomato,23-09-2025,30.4,1870,2140,2400
Andhra Pradesh,Annamayya,Punganur APMC,Vegetables,Tomato,24-09-2025,19.2,1340,1540,1740
Andhra Pradesh,Annamayya,Punganur APMC,Vegetables,Tomato,25-09-2025,18.2,1200,1400,1600
Andhra Pradesh,Annamayya,Punganur APMC,Vegetables,Tomato,26-09-2025,16.2,1000,1200,1400
Andhra Pradesh,Annamayya,Punganur APMC,Vegetables,Tomato,27-09-2025,18.7,1070,1270,1470
Andhra Pradesh,Annamayya,Punganur APMC,Vegetables,Tomato,28-09-2025,18.2,1100,1300,1500
Andhra Pradesh,Annamayya,Punganur APMC,Vegetables,Tomato,29-09-2025,17.1,1000,1200,1400
Andhra Pradesh,Annamayya,Punganur APMC,Vegetables,Tomato,30-09-2025,22.5,940,1140,1340
Andhra Pradesh,Annamayya,Punganur APMC,Vegetables,Tomato,01-10-2025,23.6,1000,1100,1200
Andhra Pradesh,Annamayya,Punganur APMC,Vegetables,Tomato,02-10-2025,19.7,1000,1200,1400
Andhra Pradesh,Annamayya,Punganur APMC,Vegetables,Tomato,03-10-2025,20.7,1100,1240,1470
Andhra Pradesh,Annamayya,Punganur APMC,Vegetables,Tomato,04-10-2025,22.9,1340,1540,1740
Andhra Pradesh,Annamayya,Punganur APMC,Vegetables,Tomato,05-10-2025,17.7,1340,1540,1740
Andhra Pradesh,Annamayya,Punganur APMC,Vegetables,Tomato,06-10-2025,20.6,1200,1400,1600
Andhra Pradesh,Annamayya,Punganur APMC,Vegetables,Tomato,07-10-2025,25.4,1240,1440,1640
Andhra Pradesh,Annamayya,Punganur APMC,Vegetables,Tomato,08-10-2025,21.9,1200,1400,1600
Andhra Pradesh,Annamayya,Punganur APMC,Vegetables,Tomato,09-10-2025,22.4,1140,1340,1540
Andhra Pradesh,Annamayya,Punganur APMC,Vegetables,Tomato,11-10-2025,29.3,1000,1200,1400
Andhra Pradesh,Annamayya,Punganur APMC,Vegetables,Tomato,13-10-2025,21,1000,1200,1400
Andhra Pradesh,Annamayya,Punganur APMC,Vegetables,Tomato,14-10-2025,24.7,1240,1470,1600
Andhra Pradesh,Annamayya,Punganur APMC,Vegetables,Tomato,15-10-2025,26,1240,1470,1600
Andhra Pradesh,Annamayya,Punganur APMC,Vegetables,Tomato,16-10-2025,27.6,1340,1540,1740
Andhra Pradesh,Annamayya,Punganur APMC,Vegetables,Tomato,17-10-2025,30.6,1240,1470,1600
Andhra Pradesh,Annamayya,Punganur APMC,Vegetables,Tomato,18-10-2025,30.9,1300,1500,1700
Andhra Pradesh,Annamayya,Punganur APMC,Vegetables,Tomato,19-10-2025,29.6,1340,1540,1670
Andhra Pradesh,Annamayya,Punganur APMC,Vegetables,Tomato,20-10-2025,17.1,1200,1340,1470
Andhra Pradesh,Annamayya,Punganur APMC,Vegetables,Tomato,21-10-2025,30,1600,2000,2400
Andhra Pradesh,Annamayya,Punganur APMC,Vegetables,Tomato,22-10-2025,30.4,2070,2600,3140
Andhra Pradesh,Annamayya,Punganur APMC,Vegetables,Tomato,23-10-2025,28.7,1800,2140,2600
Andhra Pradesh,Annamayya,Punganur APMC,Vegetables,Tomato,25-10-2025,36,1340,1540,1740
Andhra Pradesh,Annamayya,Punganur APMC,Vegetables,Tomato,26-10-2025,25.1,1870,2340,2800
Andhra Pradesh,Annamayya,Punganur APMC,Vegetables,Tomato,27-10-2025,31.5,1800,2140,2470
Andhra Pradesh,Annamayya,Punganur APMC,Vegetables,Tomato,28-10-2025,25,1870,2200,2540
Andhra Pradesh,Annamayya,Punganur APMC,Vegetables,Tomato,29-10-2025,32.1,1940,2270,2600
Andhra Pradesh,Annamayya,Punganur APMC,Vegetables,Tomato,30-10-2025,28.8,1340,1670,2000
Andhra Pradesh,Annamayya,Punganur APMC,Vegetables,Tomato,31-10-2025,26.5,1270,1540,1800
Andhra Pradesh,Annamayya,Punganur APMC,Vegetables,Tomato,01-11-2025,22.5,1340,1670,2000
Andhra Pradesh,Annamayya,Punganur APMC,Vegetables,Tomato,02-11-2025,34.6,1200,1670,2140
Andhra Pradesh,Annamayya,Punganur APMC,Vegetables,Tomato,04-11-2025,47.8,1400,1740,2070
Andhra Pradesh,Annamayya,Punganur APMC,Vegetables,Tomato,06-11-2025,44.1,1270,1600,1940
Andhra Pradesh,Annamayya,Punganur APMC,Vegetables,Tomato,07-11-2025,44.5,1800,1800,1800
Andhra Pradesh,Annamayya,Punganur APMC,Vegetables,Tomato,08-11-2025,45.3,1700,1700,1700
Andhra Pradesh,Annamayya,Punganur APMC,Vegetables,Tomato,09-11-2025,62.5,1800,1800,1800
Andhra Pradesh,Annamayya,Punganur APMC,Vegetables,Tomato,10-11-2025,55,1700,1700,1700
Andhra Pradesh,Annamayya,Punganur APMC,Vegetables,Tomato,11-11-2025,97.4,1800,2000,2200
Andhra Pradesh,Annamayya,Punganur APMC,Vegetables,Tomato,12-11-2025,79,2100,2100,2100
Andhra Pradesh,Annamayya,Punganur APMC,Vegetables,Tomato,13-11-2025,35.9,2450,2450,2450
Andhra Pradesh,Annamayya,Punganur APMC,Vegetables,Tomato,14-11-2025,46.5,1800,2470,3140
Andhra Pradesh,Annamayya,Punganur APMC,Vegetables,Tomato,15-11-2025,46.7,2000,3000,4000
Andhra Pradesh,Annamayya,Punganur APMC,Vegetables,Tomato,16-11-2025,40.6,2000,2840,3740
Andhra Pradesh,Annamayya,Punganur APMC,Vegetables,Tomato,18-11-2025,491,2340,3000,3670
Andhra Pradesh,Annamayya,Punganur APMC,Vegetables,Tomato,19-11-2025,47.8,2670,3540,4400
Andhra Pradesh,Annamayya,Punganur APMC,Vegetables,Tomato,20-11-2025,44.1,2600,3470,4340
Andhra Pradesh,Annamayya,Punganur APMC,Vegetables,Tomato,21-11-2025,57.6,3000,4000,5000
Andhra Pradesh,Annamayya,Punganur APMC,Vegetables,Tomato,22-11-2025,57.9,3000,4000,5000
Andhra Pradesh,Annamayya,Punganur APMC,Vegetables,Tomato,23-11-2025,59.5,2900,3900,4900
Andhra Pradesh,Annamayya,Punganur APMC,Vegetables,Tomato,24-11-2025,55.8,3000,4000,5000
Andhra Pradesh,Annamayya,Punganur APMC,Vegetables,Tomato,25-11-2025,50.5,3200,4200,5200
Andhra Pradesh,Annamayya,Punganur APMC,Vegetables,Tomato,26-11-2025,47.5,2800,3800,4800
Andhra Pradesh,Annamayya,Punganur APMC,Vegetables,Tomato,27-11-2025,52.5,2000,2670,3340
Andhra Pradesh,Annamayya,Punganur APMC,Vegetables,Tomato,28-11-2025,53.2,2000,3000,4000
Andhra Pradesh,Annamayya,Punganur APMC,Vegetables,Tomato,30-11-2025,66.8,2000,2500,3000
Andhra Pradesh,Annamayya,Punganur APMC,Vegetables,Tomato,01-12-2025,66.1,2000,3340,4670
Andhra Pradesh,Annamayya,Punganur APMC,Vegetables,Tomato,02-12-2025,51.1,2140,3140,4140
Andhra Pradesh,Annamayya,Punganur APMC,Vegetables,Tomato,03-12-2025,52.6,2000,2740,3470
Andhra Pradesh,Annamayya,Punganur APMC,Vegetables,Tomato,04-12-2025,55.2,2000,2700,3400
Andhra Pradesh,Annamayya,Punganur APMC,Vegetables,Tomato,05-12-2025,55.7,2000,2670,3340
Andhra Pradesh,Annamayya,Punganur APMC,Vegetables,Tomato,06-12-2025,43.1,1940,2600,3270
Andhra Pradesh,Annamayya,Punganur APMC,Vegetables,Tomato,07-12-2025,65.5,2000,2670,3340
Andhra Pradesh,Annamayya,Punganur APMC,Vegetables,Tomato,08-12-2025,55,2070,2740,3400
Andhra Pradesh,Annamayya,Punganur APMC,Vegetables,Tomato,09-12-2025,52.9,1870,2340,2800
Andhra Pradesh,Annamayya,Punganur APMC,Vegetables,Tomato,10-12-2025,61.6,1870,2000,2340
Andhra Pradesh,Annamayya,Punganur APMC,Vegetables,Tomato,11-12-2025,53,2270,2740,3000
Andhra Pradesh,Annamayya,Punganur APMC,Vegetables,Tomato,12-12-2025,49.5,2470,3000,3200
Andhra Pradesh,Annamayya,Punganur APMC,Vegetables,Tomato,13-12-2025,43.5,2070,2670,3270
Andhra Pradesh,Annamayya,Punganur APMC,Vegetables,Tomato,14-12-2025,53.1,2670,3340,3670
Andhra Pradesh,Annamayya,Punganur APMC,Vegetables,Tomato,15-12-2025,35.8,2340,3340,4340
Andhra Pradesh,Annamayya,Punganur APMC,Vegetables,Tomato,16-12-2025,58.4,2000,3000,4000
Andhra Pradesh,Annamayya,Punganur APMC,Vegetables,Tomato,17-12-2025,57.4,2140,3140,4140
Andhra Pradesh,Annamayya,Punganur APMC,Vegetables,Tomato,18-12-2025,55.1,2070,2870,3670
Andhra Pradesh,Annamayya,Punganur APMC,Vegetables,Tomato,19-12-2025,57.9,2140,3140,4140
Andhra Pradesh,Annamayya,Punganur APMC,Vegetables,Tomato,20-12-2025,58.2,3740,4270,4670
Andhra Pradesh,Annamayya,Punganur APMC,Vegetables,Tomato,21-12-2025,59.9,2800,3800,4800
Andhra Pradesh,Annamayya,Punganur APMC,Vegetables,Tomato,22-12-2025,61.7,2840,3340,4340
Andhra Pradesh,Annamayya,Punganur APMC,Vegetables,Tomato,23-12-2025,52.9,2400,3400,4400
Andhra Pradesh,Annamayya,Punganur APMC,Vegetables,Tomato,24-12-2025,561,2000,3000,4000
Andhra Pradesh,Annamayya,Punganur APMC,Vegetables,Tomato,25-12-2025,43,2070,3070,4070
Andhra Pradesh,Annamayya,Punganur APMC,Vegetables,Tomato,26-12-2025,52.7,3000,4000,5000
Andhra Pradesh,Annamayya,Punganur APMC,Vegetables,Tomato,27-12-2025,53.6,3740,4270,4670
Andhra Pradesh,Annamayya,Punganur APMC,Vegetables,Tomato,28-12-2025,46.7,3870,4170,4540
Andhra Pradesh,Annamayya,Punganur APMC,Vegetables,Tomato,29-12-2025,33.9,2340,3340,4340
Andhra Pradesh,Annamayya,Punganur APMC,Vegetables,Tomato,30-12-2025,38.9,2300,3300,4300
Andhra Pradesh,Annamayya,Punganur APMC,Vegetables,Tomato,31-12-2025,31.5,2670,3670,4670
Andhra Pradesh,Annamayya,Punganur APMC,Vegetables,Tomato,01-01-2026,33.1,2340,3340,4340
Andhra Pradesh,Annamayya,Punganur APMC,Vegetables,Tomato,02-01-2026,36.3,2000,3000,4000
Andhra Pradesh,Annamayya,Punganur APMC,Vegetables,Tomato,03-01-2026,40.4,2340,3000,3670
Andhra Pradesh,Annamayya,Punganur APMC,Vegetables,Tomato,04-01-2026,28.9,2340,3000,3670
Andhra Pradesh,Annamayya,Punganur APMC,Vegetables,Tomato,05-01-2026,44.4,2000,2670,3340
Andhra Pradesh,Annamayya,Punganur APMC,Vegetables,Tomato,06-01-2026,33.7,2270,2740,3000
Andhra Pradesh,Annamayya,Punganur APMC,Vegetables,Tomato,07-01-2026,32,2000,2540,3070
Andhra Pradesh,Annamayya,Punganur APMC,Vegetables,Tomato,08-01-2026,41.6,1800,2140,2470
Andhra Pradesh,Annamayya,Punganur APMC,Vegetables,Tomato,09-01-2026,45.3,1800,2140,2470
Andhra Pradesh,Annamayya,Punganur APMC,Vegetables,Tomato,10-01-2026,43.3,1870,2200,2540
Andhra Pradesh,Annamayya,Punganur APMC,Vegetables,Tomato,11-01-2026,42.1,1800,2040,2270
Andhra Pradesh,Annamayya,Punganur APMC,Vegetables,Tomato,12-01-2026,31,1800,2000,2200
Andhra Pradesh,Annamayya,Punganur APMC,Vegetables,Tomato,13-01-2026,28.4,1740,1940,2140
Andhra Pradesh,Annamayya,Punganur APMC,Vegetables,Tomato,14-01-2026,28.8,1400,1670,1940
Andhra Pradesh,Annamayya,Punganur APMC,Vegetables,Tomato,15-01-2026,26.4,1340,1670,2000
Andhra Pradesh,Annamayya,Punganur APMC,Vegetables,Tomato,16-01-2026,5.2,1540,1840,2200
Andhra Pradesh,Annamayya,Punganur APMC,Vegetables,Tomato,17-01-2026,19.3,1340,1670,2000
Andhra Pradesh,Annamayya,Punganur APMC,Vegetables,Tomato,18-01-2026,27.5,1140,1400,1670
Andhra Pradesh,Annamayya,Punganur APMC,Vegetables,Tomato,19-01-2026,26.7,1200,1540,1870
Andhra Pradesh,Annamayya,Punganur APMC,Vegetables,Tomato,21-01-2026,13.2,1200,1470,1740
Andhra Pradesh,Annamayya,Punganur APMC,Vegetables,Tomato,23-01-2026,18.1,1200,1500,1800
Andhra Pradesh,Annamayya,Punganur APMC,Vegetables,Tomato,24-01-2026,20.9,1200,1540,1870
Andhra Pradesh,Annamayya,Punganur APMC,Vegetables,Tomato,25-01-2026,22.7,1140,1400,1670
Andhra Pradesh,Annamayya,Punganur APMC,Vegetables,Tomato,27-01-2026,5,1300,1600,1800
Andhra Pradesh,Annamayya,Punganur APMC,Vegetables,Tomato,29-01-2026,16.1,1000,1100,1200
Andhra Pradesh,Annamayya,Punganur APMC,Vegetables,Tomato,30-01-2026,11.9,1070,1200,1340
Andhra Pradesh,Annamayya,Punganur APMC,Vegetables,Tomato,03-02-2026,14.8,940,1140,1340
Andhra Pradesh,Annamayya,Punganur APMC,Vegetables,Tomato,04-02-2026,15.1,1000,1100,1200
Andhra Pradesh,Annamayya,Punganur APMC,Vegetables,Tomato,05-02-2026,12,1000,1170,1340
Andhra Pradesh,Annamayya,Punganur APMC,Vegetables,Tomato,06-02-2026,9.9,940,1070,1200
Andhra Pradesh,Annamayya,Punganur APMC,Vegetables,Tomato,07-02-2026,10.6,1000,1140,1270
Andhra Pradesh,Annamayya,Punganur APMC,Vegetables,Tomato,08-02-2026,12.7,1000,1140,1270
Andhra Pradesh,Annamayya,Punganur APMC,Vegetables,Tomato,10-02-2026,16.2,1200,1470,1740
Andhra Pradesh,Annamayya,Punganur APMC,Vegetables,Tomato,12-02-2026,17.3,940,1070,1200
Andhra Pradesh,Annamayya,Punganur APMC,Vegetables,Tomato,15-02-2026,16,1140,1470,1800
Andhra Pradesh,Annamayya,Punganur APMC,Vegetables,Tomato,16-02-2026,15,1000,1270,1540
Andhra Pradesh,Annamayya,Punganur APMC,Vegetables,Tomato,18-02-2026,14,940,1070,1200
Andhra Pradesh,Annamayya,Punganur APMC,Vegetables,Tomato,19-02-2026,14.3,940,1140,1340
Andhra Pradesh,Annamayya,Punganur APMC,Vegetables,Tomato,20-02-2026,12.6,940,1070,1200
Andhra Pradesh,Annamayya,Punganur APMC,Vegetables,Tomato,21-02-2026,18.6,940,1070,1200
Andhra Pradesh,Annamayya,Punganur APMC,Vegetables,Tomato,22-02-2026,16.3,970,1100,1240
Andhra Pradesh,Annamayya,Punganur APMC,Vegetables,Tomato,23-02-2026,13.2,900,1000,1100
Andhra Pradesh,Annamayya,Punganur APMC,Vegetables,Tomato,24-02-2026,13.8,900,1000,1100
Andhra Pradesh,Annamayya,Punganur APMC,Vegetables,Tomato,25-02-2026,16.3,940,1040,1140
Andhra Pradesh,Annamayya,Punganur APMC,Vegetables,Tomato,26-02-2026,12.4,900,1000,1100
Andhra Pradesh,Annamayya,Punganur APMC,Vegetables,Tomato,27-02-2026,13.1,840,940,1040
Andhra Pradesh,Annamayya,Punganur APMC,Vegetables,Tomato,28-02-2026,13.5,800,900,1000
Andhra Pradesh,Annamayya,Punganur APMC,Vegetables,Tomato,01-03-2026,12.7,840,940,1040
Andhra Pradesh,Annamayya,Punganur APMC,Vegetables,Tomato,02-03-2026,14,840,940,1040
Andhra Pradesh,Annamayya,Punganur APMC,Vegetables,Tomato,03-03-2026,14.3,800,900,1000
Andhra Pradesh,Annamayya,Punganur APMC,Vegetables,Tomato,04-03-2026,15.3,800,900,1000
Andhra Pradesh,Annamayya,Punganur APMC,Vegetables,Tomato,05-03-2026,14.1,800,870,940
Andhra Pradesh,Annamayya,Punganur APMC,Vegetables,Tomato,06-03-2026,14.5,800,900,1000
Andhra Pradesh,Annamayya,Punganur APMC,Vegetables,Tomato,07-03-2026,14.3,800,900,1000
Andhra Pradesh,Annamayya,Punganur APMC,Vegetables,Tomato,08-03-2026,18.3,840,940,1040
Andhra Pradesh,Annamayya,Punganur APMC,Vegetables,Tomato,09-03-2026,14.1,840,940,1040
Andhra Pradesh,Annamayya,Punganur APMC,Vegetables,Tomato,10-03-2026,11.7,940,1070,1200
Andhra Pradesh,Annamayya,Punganur APMC,Vegetables,Tomato,11-03-2026,12.3,1000,1170,1340
Andhra Pradesh,Annamayya,Punganur APMC,Vegetables,Tomato,13-03-2026,13.6,800,940,1070
Andhra Pradesh,Annamayya,Punganur APMC,Vegetables,Tomato,14-03-2026,24.5,940,1040,1140
Andhra Pradesh,Annamayya,Punganur APMC,Vegetables,Tomato,15-03-2026,20,900,1000,1100
Andhra Pradesh,Annamayya,Punganur APMC,Vegetables,Tomato,16-03-2026,22.5,1000,1100,1200
Andhra Pradesh,Annamayya,Punganur APMC,Vegetables,Tomato,17-03-2026,31.9,870,1000,1140
Andhra Pradesh,Annamayya,Punganur APMC,Vegetables,Tomato,18-03-2026,24.4,1070,1270,1470
Andhra Pradesh,Annamayya,Punganur APMC,Vegetables,Tomato,19-03-2026,26.9,870,1000,1140
Andhra Pradesh,Annamayya,Punganur APMC,Vegetables,Tomato,20-03-2026,21.3,1000,1170,1340
Andhra Pradesh,Annamayya,Punganur APMC,Vegetables,Tomato,21-03-2026,28.3,800,1000,1200
Andhra Pradesh,Annamayya,Punganur APMC,Vegetables,Tomato,22-03-2026,40.7,800,1000,1200
Andhra Pradesh,Annamayya,Punganur APMC,Vegetables,Tomato,23-03-2026,28.9,800,900,1000
Andhra Pradesh,Annamayya,Punganur APMC,Vegetables,Tomato,24-03-2026,59.7,800,870,940
Andhra Pradesh,Annamayya,Punganur APMC,Vegetables,Tomato,25-03-2026,39.8,800,870,940
Andhra Pradesh,Annamayya,Punganur APMC,Vegetables,Tomato,26-03-2026,44.1,700,800,900
Andhra Pradesh,Annamayya,Punganur APMC,Vegetables,Tomato,27-03-2026,60.8,700,800,900
Andhra Pradesh,Annamayya,Punganur APMC,Vegetables,Tomato,28-03-2026,123.1,800,900,1000
Andhra Pradesh,Annamayya,Punganur APMC,Vegetables,Tomato,29-03-2026,88,870,1000,1140
Andhra Pradesh,Annamayya,Punganur APMC,Vegetables,Tomato,30-03-2026,146.9,800,1000,1200
Andhra Pradesh,Annamayya,Punganur APMC,Vegetables,Tomato,31-03-2026,60,800,1000,1100
Andhra Pradesh,Annamayya,Punganur APMC,Vegetables,Tomato,01-04-2026,118.8,800,900,1000
Andhra Pradesh,Annamayya,Punganur APMC,Vegetables,Tomato,02-04-2026,158.3,740,800,870
Andhra Pradesh,Annamayya,Punganur APMC,Vegetables,Tomato,03-04-2026,168.5,800,900,1000
Andhra Pradesh,Annamayya,Punganur APMC,Vegetables,Tomato,04-04-2026,232.4,940,1070,1200
Andhra Pradesh,Annamayya,Punganur APMC,Vegetables,Tomato,05-04-2026,229.1,940,1070,1200
Andhra Pradesh,Annamayya,Punganur APMC,Vegetables,Tomato,06-04-2026,146.5,1000,1170,1340
Andhra Pradesh,Annamayya,Punganur APMC,Vegetables,Tomato,07-04-2026,221.4,1000,1200,1400
Andhra Pradesh,Annamayya,Punganur APMC,Vegetables,Tomato,08-04-2026,234.8,940,1070,1200
Andhra Pradesh,Annamayya,Punganur APMC,Vegetables,Tomato,09-04-2026,251.8,1000,1140,1270
Andhra Pradesh,Annamayya,Punganur APMC,Vegetables,Tomato,10-04-2026,233.3,1000,1270,1540
Andhra Pradesh,Annamayya,Punganur APMC,Vegetables,Tomato,11-04-2026,246.1,1000,1340,1670
Andhra Pradesh,Annamayya,Punganur APMC,Vegetables,Tomato,12-04-2026,201.2,1070,1470,1870
Andhra Pradesh,Annamayya,Punganur APMC,Vegetables,Tomato,14-04-2026,211.9,1140,1670,2000
Andhra Pradesh,Annamayya,Punganur APMC,Vegetables,Tomato,15-04-2026,290.1,1000,1270,1540
Andhra Pradesh,Annamayya,Punganur APMC,Vegetables,Tomato,16-04-2026,360.4,1000,1170,1340
Andhra Pradesh,Annamayya,Punganur APMC,Vegetables,Tomato,17-04-2026,303,1070,1600,2140
Andhra Pradesh,Annamayya,Punganur APMC,Vegetables,Tomato,18-04-2026,295.4,1140,1670,2200
Andhra Pradesh,Annamayya,Punganur APMC,Vegetables,Tomato,19-04-2026,272,1340,1740,2400
Andhra Pradesh,Annamayya,Punganur APMC,Vegetables,Tomato,20-04-2026,296.1,1270,1800,2340
Andhra Pradesh,Annamayya,Punganur APMC,Vegetables,Tomato,21-04-2026,371.1,1340,1870,2400
Andhra Pradesh,Annamayya,Punganur APMC,Vegetables,Tomato,22-04-2026,336.6,1400,1940,2470
Andhra Pradesh,Annamayya,Punganur APMC,Vegetables,Tomato,23-04-2026,247.6,1340,2000,2670
Andhra Pradesh,Annamayya,Punganur APMC,Vegetables,Tomato,24-04-2026,2725,1470,2140,2800
Andhra Pradesh,Annamayya,Punganur APMC,Vegetables,Tomato,25-04-2026,402.8,2000,2670,3340
Andhra Pradesh,Annamayya,Punganur APMC,Vegetables,Tomato,26-04-2026,390.1,2140,2870,3600
Andhra Pradesh,Annamayya,Punganur APMC,Vegetables,Tomato,27-04-2026,382.5,2140,2870,3600
Andhra Pradesh,Annamayya,Punganur APMC,Vegetables,Tomato,28-04-2026,336.9,2000,2500,3000
Andhra Pradesh,Annamayya,Punganur APMC,Vegetables,Tomato,29-04-2026,466.4,1400,1870,2340
Andhra Pradesh,Annamayya,Punganur APMC,Vegetables,Tomato,01-05-2026,391.1,1670,2140,2600
Andhra Pradesh,Annamayya,Punganur APMC,Vegetables,Tomato,02-05-2026,464.7,1540,2000,2470
Andhra Pradesh,Annamayya,Punganur APMC,Vegetables,Tomato,05-05-2026,80.1,1670,2070,2470
Andhra Pradesh,Annamayya,Punganur APMC,Vegetables,Tomato,06-05-2026,766.4,1470,1870,2270
Andhra Pradesh,Annamayya,Punganur APMC,Vegetables,Tomato,07-05-2026,692.1,1540,1940,2340
Andhra Pradesh,Annamayya,Punganur APMC,Vegetables,Tomato,08-05-2026,541.7,1400,1800,2200
Andhra Pradesh,Annamayya,Punganur APMC,Vegetables,Tomato,09-05-2026,813,1340,1740,2140
Andhra Pradesh,Annamayya,Punganur APMC,Vegetables,Tomato,10-05-2026,71.9,1270,1470,1670
Andhra Pradesh,Annamayya,Punganur APMC,Vegetables,Tomato,11-05-2026,841.2,1270,1600,1940
Andhra Pradesh,Annamayya,Punganur APMC,Vegetables,Tomato,12-05-2026,825.1,1340,1670,2000
Andhra Pradesh,Annamayya,Punganur APMC,Vegetables,Tomato,13-05-2026,959.8,1400,1870,2340
Andhra Pradesh,Annamayya,Punganur APMC,Vegetables,Tomato,14-05-2026,808.4,1870,2200,2540
Andhra Pradesh,Annamayya,Punganur APMC,Vegetables,Tomato,15-05-2026,991.5,1600,2140,2670
Andhra Pradesh,Annamayya,Punganur APMC,Vegetables,Tomato,16-05-2026,925.5,2000,2600,3200
Andhra Pradesh,Annamayya,Punganur APMC,Vegetables,Tomato,17-05-2026,837,2000,2600,3200
Andhra Pradesh,Annamayya,Punganur APMC,Vegetables,Tomato,18-05-2026,907,1800,2400,2800
Andhra Pradesh,Annamayya,Punganur APMC,Vegetables,Tomato,19-05-2026,871.2,1600,2200,2800
Andhra Pradesh,Annamayya,Punganur APMC,Vegetables,Tomato,20-05-2026,891.8,1470,2070,2670
Andhra Pradesh,Annamayya,Punganur APMC,Vegetables,Tomato,21-05-2026,903.7,1470,2070,2670
Andhra Pradesh,Annamayya,Punganur APMC,Vegetables,Tomato,22-05-2026,841.5,1340,1940,2400
Andhra Pradesh,Annamayya,Punganur APMC,Vegetables,Tomato,23-05-2026,1165.5,1600,2140,2670
Andhra Pradesh,Annamayya,Punganur APMC,Vegetables,Tomato,24-05-2026,834.4,1600,2140,2670
Andhra Pradesh,Annamayya,Punganur APMC,Vegetables,Tomato,25-05-2026,926.5,1540,2070,2600
Andhra Pradesh,Annamayya,Punganur APMC,Vegetables,Tomato,26-05-2026,1071.5,1400,1940,2470
Andhra Pradesh,Annamayya,Punganur APMC,Vegetables,Tomato,27-05-2026,1224.6,1270,1740,2200
Andhra Pradesh,Annamayya,Punganur APMC,Vegetables,Tomato,28-05-2026,1028.7,1200,1600,2000
Andhra Pradesh,Annamayya,Punganur APMC,Vegetables,Tomato,29-05-2026,811.1,1600,2200,2800
Andhra Pradesh,Annamayya,Punganur APMC,Vegetables,Tomato,30-05-2026,763.6,1470,2000,2840
Andhra Pradesh,Annamayya,Punganur APMC,Vegetables,Tomato,31-05-2026,835.5,1340,1870,2400
Andhra Pradesh,Annamayya,Punganur APMC,Vegetables,Tomato,01-06-2026,1228.4,1470,2000,2540
Andhra Pradesh,Annamayya,Punganur APMC,Vegetables,Tomato,02-06-2026,1807.9,1600,2200,2800
Andhra Pradesh,Annamayya,Punganur APMC,Vegetables,Tomato,03-06-2026,1656.9,1470,2000,2670
Andhra Pradesh,Annamayya,Punganur APMC,Vegetables,Tomato,04-06-2026,143.2,2000,2670,3340
Andhra Pradesh,Annamayya,Punganur APMC,Vegetables,Tomato,06-06-2026,1350,1870,2540,3200
Andhra Pradesh,Annamayya,Punganur APMC,Vegetables,Tomato,07-06-2026,1503.9,1940,2600,3270
Andhra Pradesh,Annamayya,Punganur APMC,Vegetables,Tomato,08-06-2026,1428.5,2400,3270,4140
Andhra Pradesh,Annamayya,Punganur APMC,Vegetables,Tomato,09-06-2026,1619.6,2200,2940,3670
Andhra Pradesh,Annamayya,Punganur APMC,Vegetables,Tomato,10-06-2026,1718.1,2000,2670,3340
Andhra Pradesh,Annamayya,Punganur APMC,Vegetables,Tomato,11-06-2026,1580.4,1840,2340,2940
Andhra Pradesh,Annamayya,Punganur APMC,Vegetables,Tomato,12-06-2026,1608.4,1670,2170,2670
Andhra Pradesh,Annamayya,Punganur APMC,Vegetables,Tomato,13-06-2026,1492.2,1690,2170,2670
Andhra Pradesh,Annamayya,Punganur APMC,Vegetables,Tomato,14-06-2026,1473.4,1470,2000,2540
Andhra Pradesh,Annamayya,Punganur APMC,Vegetables,Tomato,15-06-2026,1908.3,1270,1740,2200
Andhra Pradesh,Annamayya,Punganur APMC,Vegetables,Tomato,16-06-2026,1977.3,1270,1740,2200
Andhra Pradesh,Annamayya,Punganur APMC,Vegetables,Tomato,17-06-2026,910.4,1400,1870,2340
Andhra Pradesh,Annamayya,Punganur APMC,Vegetables,Tomato,18-06-2026,1011,1340,1740,2140
Andhra Pradesh,Annamayya,Punganur APMC,Vegetables,Tomato,19-06-2026,987.3,1270,1640,2040
Andhra Pradesh,Annamayya,Punganur APMC,Vegetables,Tomato,20-06-2026,1034.5,1200,1540,1940
Andhra Pradesh,Annamayya,Punganur APMC,Vegetables,Tomato,21-06-2026,1171.4,1200,1600,2000
Andhra Pradesh,Annamayya,Punganur APMC,Vegetables,Tomato,22-06-2026,1083.3,1140,1470,1800
Andhra Pradesh,Annamayya,Punganur APMC,Vegetables,Tomato,23-06-2026,1088.8,1140,1470,1800
Andhra Pradesh,Annamayya,Punganur APMC,Vegetables,Tomato,24-06-2026,1027.3,1140,1440,1740
Andhra Pradesh,Annamayya,Punganur APMC,Vegetables,Tomato,25-06-2026,998,1040,1370,1640
Andhra Pradesh,Annamayya,Punganur APMC,Vegetables,Tomato,26-06-2026,1023.8,1040,1370,1640
Andhra Pradesh,Annamayya,Punganur APMC,Vegetables,Tomato,27-06-2026,941.3,1000,1270,1540
Andhra Pradesh,Annamayya,Punganur APMC,Vegetables,Tomato,28-06-2026,799.3,1070,1240,1400
Andhra Pradesh,Annamayya,Punganur APMC,Vegetables,Tomato,29-06-2026,820.1,1070,1240,1400
Andhra Pradesh,Annamayya,Punganur APMC,Vegetables,Tomato,30-06-2026,7403,1270,1600,1940
Andhra Pradesh,Annamayya,Punganur APMC,Vegetables,Tomato,01-07-2026,746.4,1300,1600,2000
Andhra Pradesh,Annamayya,Punganur APMC,Vegetables,Tomato,02-07-2026,801.9,1000,1270,1540
Andhra Pradesh,Annamayya,Punganur APMC,Vegetables,Tomato,03-07-2026,696.8,1000,1200,1400
Andhra Pradesh,Annamayya,Punganur APMC,Vegetables,Tomato,04-07-2026,867,800,900,1000
Andhra Pradesh,Annamayya,Punganur APMC,Vegetables,Tomato,05-07-2026,757.6,800,900,1000
Andhra Pradesh,Annamayya,Punganur APMC,Vegetables,Tomato,06-07-2026,843.9,1000,1200,1500
Andhra Pradesh,Annamayya,Punganur APMC,Vegetables,Tomato,07-07-2026,726.9,1000,1200,1400
Andhra Pradesh,Annamayya,Punganur APMC,Vegetables,Tomato,08-07-2026,831.3,1200,1400,1600
Andhra Pradesh,Annamayya,Punganur APMC,Vegetables,Tomato,09-07-2026,849.9,900,1100,1300
Andhra Pradesh,Annamayya,Punganur APMC,Vegetables,Tomato,10-07-2026,924.9,1200,1600,1800
Andhra Pradesh,Annamayya,Punganur APMC,Vegetables,Tomato,11-07-2026,806.1,1140,1540,1740
Andhra Pradesh,Annamayya,Punganur APMC,Vegetables,Tomato,12-07-2026,721.6,1140,1470,1640
Andhra Pradesh,Annamayya,Punganur APMC,Vegetables,Tomato,13-07-2026,772.3,1400,1600,1800
Andhra Pradesh,Annamayya,Punganur APMC,Vegetables,Tomato,14-07-2026,660.7,1470,1670,1870
Andhra Pradesh,Annamayya,Punganur APMC,Vegetables,Tomato,15-07-2026,730.3,1470,1670,1870
Andhra Pradesh,Annamayya,Punganur APMC,Vegetables,Tomato,16-07-2026,698.8,1300,1600,1900
Andhra Pradesh,Annamayya,Punganur APMC,Vegetables,Tomato,17-07-2026,672.2,1140,1540,1740
Andhra Pradesh,Annamayya,Punganur APMC,Vegetables,Tomato,18-07-2026,114,1140,1540,1740
Andhra Pradesh,Annamayya,Punganur APMC,Vegetables,Tomato,19-07-2026,612.3,1070,1340,1600
Andhra Pradesh,Annamayya,Punganur APMC,Vegetables,Tomato,20-07-2026,573.4,1070,1340,1600
Andhra Pradesh,Annamayya,Punganur APMC,Vegetables,Tomato,21-07-2026,585.3,1000,1170,1340
Andhra Pradesh,Annamayya,Punganur APMC,Vegetables,Tomato,22-07-2026,590.5,940,1070,1200
Andhra Pradesh,Annamayya,Punganur APMC,Vegetables,Tomato,23-07-2026,513.2,870,1000,1140
Andhra Pradesh,Annamayya,Punganur APMC,Vegetables,Tomato,24-07-2026,486.1,1070,1340,1600
Andhra Pradesh,Annamayya,Punganur APMC,Vegetables,Tomato,25-07-2026,405.9,1400,1640,1870
Andhra Pradesh,Annamayya,Punganur APMC,Vegetables,Tomato,26-07-2026,380.1,1000,1300,1500
Andhra Pradesh,Annamayya,Punganur APMC,Vegetables,Tomato,27-07-2026,410,1040,1240,1440
Andhra Pradesh,Annamayya,Punganur APMC,Vegetables,Tomato,28-07-2026,382,1040,1270,1470
Andhra Pradesh,Annamayya,Punganur APMC,Vegetables,Tomato,29-07-2026,357.4,1000,1200,1400
Andhra Pradesh,Annamayya,Punganur APMC,Vegetables,Tomato,30-07-2026,334.7,940,1140,1340
Andhra Pradesh,Annamayya,Punganur APMC,Vegetables,Tomato,31-07-2026,320,940,1140,1340
Andhra Pradesh,Annamayya,Punganur APMC,Vegetables,Tomato,01-08-2026,306.4,970,1200,1440
Andhra Pradesh,Annamayya,Punganur APMC,Vegetables,Tomato,02-08-2026,343.9,1070,1270,1470
Andhra Pradesh,Annamayya,Punganur APMC,Vegetables,Tomato,03-08-2026,308.6,1070,1340,1600
Andhra Pradesh,Annamayya,Punganur APMC,Vegetables,Tomato,04-08-2026,243.1,1100,1370,1640
Andhra Pradesh,Annamayya,Punganur APMC,Vegetables,Tomato,05-08-2026,241.5,1100,1370,1640
Andhra Pradesh,Annamayya,Punganur APMC,Vegetables,Tomato,06-08-2026,246.2,1070,1270,1470
Andhra Pradesh,Annamayya,Punganur APMC,Vegetables,Tomato,07-08-2026,219.5,1070,1270,1470
Andhra Pradesh,Annamayya,Punganur APMC,Vegetables,Tomato,08-08-2026,223.1,1000,1200,1400
Andhra Pradesh,Annamayya,Punganur APMC,Vegetables,Tomato,09-08-2026,228.3,1000,1200,1400
Andhra Pradesh,Annamayya,Punganur APMC,Vegetables,Tomato,10-08-2026,178.6,1040,1240,1440
Andhra Pradesh,Annamayya,Somala APMC,Vegetables,Tomato,11-06-2026,7.5,3000,3300,3600
Andhra Pradesh,Annamayya,Somala APMC,Vegetables,Tomato,12-06-2026,17.25,2400,2700,3000
Andhra Pradesh,Annamayya,Somala APMC,Vegetables,Tomato,13-06-2026,12,2200,2500,2800
Andhra Pradesh,Annamayya,Somala APMC,Vegetables,Tomato,16-06-2026,28.5,1700,2000,2300
Andhra Pradesh,Annamayya,Somala APMC,Vegetables,Tomato,17-06-2026,36,2000,2300,2600
Andhra Pradesh,Annamayya,Somala APMC,Vegetables,Tomato,18-06-2026,97.5,1700,2000,2300
Andhra Pradesh,Annamayya,Somala APMC,Vegetables,Tomato,19-06-2026,63,1700,2000,2300
Andhra Pradesh,Annamayya,Somala APMC,Vegetables,Tomato,20-06-2026,85.5,1400,1700,2000
Andhra Pradesh,Annamayya,Somala APMC,Vegetables,Tomato,21-06-2026,46.5,1400,1700,2000
Andhra Pradesh,Annamayya,Somala APMC,Vegetables,Tomato,22-06-2026,66,1400,1700,2000
Andhra Pradesh,Annamayya,Somala APMC,Vegetables,Tomato,23-06-2026,79.5,1000,1300,1600
Andhra Pradesh,Annamayya,Somala APMC,Vegetables,Tomato,24-06-2026,102,800,1100,1400
Andhra Pradesh,Annamayya,Somala APMC,Vegetables,Tomato,25-06-2026,87,1100,1400,1700
Andhra Pradesh,Annamayya,Somala APMC,Vegetables,Tomato,26-06-2026,87,1000,1300,1600
Andhra Pradesh,Annamayya,Somala APMC,Vegetables,Tomato,27-06-2026,67.5,1000,1300,1600
Andhra Pradesh,Annamayya,Somala APMC,Vegetables,Tomato,28-06-2026,100.5,900,1100,1300
Andhra Pradesh,Annamayya,Somala APMC,Vegetables,Tomato,29-06-2026,93,900,1100,1300
Andhra Pradesh,Annamayya,Somala APMC,Vegetables,Tomato,30-06-2026,81,1000,1200,1400
Andhra Pradesh,Annamayya,Somala APMC,Vegetables,Tomato,01-07-2026,94.5,1700,2000,2300
Andhra Pradesh,Annamayya,Somala APMC,Vegetables,Tomato,02-07-2026,114,1100,1400,1700
Andhra Pradesh,Annamayya,Somala APMC,Vegetables,Tomato,03-07-2026,72,1200,1500,1800
Andhra Pradesh,Annamayya,Somala APMC,Vegetables,Tomato,04-07-2026,87.5,1000,1200,1400
Andhra Pradesh,Annamayya,Somala APMC,Vegetables,Tomato,05-07-2026,94.5,800,900,1000
Andhra Pradesh,Annamayya,Somala APMC,Vegetables,Tomato,06-07-2026,117,800,1000,1200
Andhra Pradesh,Annamayya,Somala APMC,Vegetables,Tomato,07-07-2026,67,1000,1200,1400
Andhra Pradesh,Annamayya,Somala APMC,Vegetables,Tomato,08-07-2026,138,1700,2000,2300
Andhra Pradesh,Annamayya,Somala APMC,Vegetables,Tomato,09-07-2026,120,1000,1300,1600
Andhra Pradesh,Annamayya,Somala APMC,Vegetables,Tomato,10-07-2026,114,1000,1200,1400
Andhra Pradesh,Annamayya,Somala APMC,Vegetables,Tomato,11-07-2026,104,1100,1400,1700
Andhra Pradesh,Annamayya,Somala APMC,Vegetables,Tomato,12-07-2026,130,1200,1400,1600
Andhra Pradesh,Annamayya,Somala APMC,Vegetables,Tomato,13-07-2026,111.6,1400,1700,2000
Andhra Pradesh,Annamayya,Somala APMC,Vegetables,Tomato,14-07-2026,143.4,1400,1700,2000
Andhra Pradesh,Annamayya,Somala APMC,Vegetables,Tomato,15-07-2026,127,1200,1500,1800
Andhra Pradesh,Annamayya,Somala APMC,Vegetables,Tomato,16-07-2026,113.4,1400,1700,2000
Andhra Pradesh,Annamayya,Somala APMC,Vegetables,Tomato,17-07-2026,104.8,1600,1900,2200
Andhra Pradesh,Annamayya,Somala APMC,Vegetables,Tomato,18-07-2026,103.3,1200,1500,1800
Andhra Pradesh,Annamayya,Somala APMC,Vegetables,Tomato,19-07-2026,86.7,1200,1500,1800
Andhra Pradesh,Annamayya,Somala APMC,Vegetables,Tomato,20-07-2026,110.1,1200,1600,2000
Andhra Pradesh,Annamayya,Somala APMC,Vegetables,Tomato,21-07-2026,110,900,1100,1300
Andhra Pradesh,Annamayya,Somala APMC,Vegetables,Tomato,22-07-2026,93.35,1000,1200,1400
Andhra Pradesh,Annamayya,Somala APMC,Vegetables,Tomato,23-07-2026,100,800,1000,1200
Andhra Pradesh,Annamayya,Somala APMC,Vegetables,Tomato,24-07-2026,80.02,800,1000,1200
Andhra Pradesh,Annamayya,Somala APMC,Vegetables,Tomato,25-07-2026,90,800,1000,1200
Andhra Pradesh,Annamayya,Somala APMC,Vegetables,Tomato,26-07-2026,80,1200,1500,1800
Andhra Pradesh,Annamayya,Somala APMC,Vegetables,Tomato,27-07-2026,80.02,1000,1200,1500
Andhra Pradesh,Annamayya,Somala APMC,Vegetables,Tomato,28-07-2026,66.7,1000,1200,1400
Andhra Pradesh,Annamayya,Somala APMC,Vegetables,Tomato,29-07-2026,70.05,1000,1200,1400
Andhra Pradesh,Annamayya,Somala APMC,Vegetables,Tomato,30-07-2026,60.02,1000,1200,1400
Andhra Pradesh,Annamayya,Somala APMC,Vegetables,Tomato,31-07-2026,54,900,1100,1300
Andhra Pradesh,Annamayya,Somala APMC,Vegetables,Tomato,01-08-2026,54,900,1100,1300
Andhra Pradesh,Annamayya,Somala APMC,Vegetables,Tomato,02-08-2026,80,1000,1200,1400
Andhra Pradesh,Annamayya,Somala APMC,Vegetables,Tomato,03-08-2026,86.7,900,1000,1200
Andhra Pradesh,Annamayya,Somala APMC,Vegetables,Tomato,04-08-2026,60,1000,1200,1400
Andhra Pradesh,Annamayya,Somala APMC,Vegetables,Tomato,05-08-2026,54,1000,1200,1400
Andhra Pradesh,Annamayya,Somala APMC,Vegetables,Tomato,06-08-2026,46.8,1000,1200,1400
Andhra Pradesh,Annamayya,Somala APMC,Vegetables,Tomato,07-08-2026,46.8,900,1100,1300
Andhra Pradesh,Annamayya,Somala APMC,Vegetables,Tomato,08-08-2026,33.4,900,1000,1200
Andhra Pradesh,Annamayya,Somala APMC,Vegetables,Tomato,09-08-2026,63,800,1000,1200
Andhra Pradesh,Annamayya,Somala APMC,Vegetables,Tomato,10-08-2026,46.5,900,1100,1300
Andhra Pradesh,Annamayya,Valmikipuram APMC,Vegetables,Tomato,11-11-2025,65.8,2000,2200,2400
Andhra Pradesh,Annamayya,Valmikipuram APMC,Vegetables,Tomato,12-11-2025,68.6,2800,3000,3400
Andhra Pradesh,Annamayya,Valmikipuram APMC,Vegetables,Tomato,13-11-2025,69.63,3200,3400,3600
Andhra Pradesh,Annamayya,Valmikipuram APMC,Vegetables,Tomato,14-11-2025,66.43,3000,3200,3400
Andhra Pradesh,Annamayya,Valmikipuram APMC,Vegetables,Tomato,15-11-2025,600.25,2800,3000,3200
Andhra Pradesh,Annamayya,Valmikipuram APMC,Vegetables,Tomato,17-11-2025,64.93,3600,3800,4000
Andhra Pradesh,Annamayya,Valmikipuram APMC,Vegetables,Tomato,18-11-2025,64.45,3400,3600,3800
Andhra Pradesh,Annamayya,Valmikipuram APMC,Vegetables,Tomato,19-11-2025,63.65,4000,4200,4400
Andhra Pradesh,Annamayya,Valmikipuram APMC,Vegetables,Tomato,20-11-2025,64.4,4400,4600,4800
Andhra Pradesh,Annamayya,Valmikipuram APMC,Vegetables,Tomato,21-11-2025,63.93,4800,5000,5200
Andhra Pradesh,Annamayya,Valmikipuram APMC,Vegetables,Tomato,22-11-2025,62.93,4800,5000,5200
Andhra Pradesh,Annamayya,Valmikipuram APMC,Vegetables,Tomato,23-11-2025,21.05,5200,5400,5600
Andhra Pradesh,Annamayya,Valmikipuram APMC,Vegetables,Tomato,24-11-2025,63.23,4800,5000,5200
Andhra Pradesh,Annamayya,Valmikipuram APMC,Vegetables,Tomato,25-11-2025,64.25,4600,4800,5000
Andhra Pradesh,Annamayya,Valmikipuram APMC,Vegetables,Tomato,26-11-2025,63.73,5200,5400,5600
Andhra Pradesh,Annamayya,Valmikipuram APMC,Vegetables,Tomato,27-11-2025,64.75,4400,4600,4800
Andhra Pradesh,Annamayya,Valmikipuram APMC,Vegetables,Tomato,28-11-2025,63.98,3600,3800,4000
Andhra Pradesh,Annamayya,Valmikipuram APMC,Vegetables,Tomato,29-11-2025,64.48,2800,3000,3200
Andhra Pradesh,Annamayya,Valmikipuram APMC,Vegetables,Tomato,30-11-2025,35.8,2200,2400,2600
Andhra Pradesh,Annamayya,Valmikipuram APMC,Vegetables,Tomato,01-12-2025,59.08,2600,2800,3000
Andhra Pradesh,Annamayya,Valmikipuram APMC,Vegetables,Tomato,02-12-2025,55.25,3400,3600,3800
Andhra Pradesh,Annamayya,Valmikipuram APMC,Vegetables,Tomato,03-12-2025,49.98,3600,3800,4000
Andhra Pradesh,Annamayya,Valmikipuram APMC,Vegetables,Tomato,04-12-2025,45.05,3200,3400,3600
Andhra Pradesh,Annamayya,Valmikipuram APMC,Vegetables,Tomato,05-12-2025,43.55,3200,3400,3600
Andhra Pradesh,Annamayya,Valmikipuram APMC,Vegetables,Tomato,06-12-2025,44.55,3400,3600,3800
Andhra Pradesh,Annamayya,Valmikipuram APMC,Vegetables,Tomato,07-12-2025,27.23,3200,3400,3600
Andhra Pradesh,Annamayya,Valmikipuram APMC,Vegetables,Tomato,08-12-2025,43.58,2600,2800,3000
Andhra Pradesh,Annamayya,Valmikipuram APMC,Vegetables,Tomato,09-12-2025,44.28,2600,2800,3000
Andhra Pradesh,Annamayya,Valmikipuram APMC,Vegetables,Tomato,10-12-2025,42.08,2200,2400,2600
Andhra Pradesh,Annamayya,Valmikipuram APMC,Vegetables,Tomato,11-12-2025,43.98,2200,2400,2600
Andhra Pradesh,Annamayya,Valmikipuram APMC,Vegetables,Tomato,12-12-2025,45.08,2600,2800,3000
Andhra Pradesh,Annamayya,Valmikipuram APMC,Vegetables,Tomato,13-12-2025,43.53,2800,3000,3200
Andhra Pradesh,Annamayya,Valmikipuram APMC,Vegetables,Tomato,14-12-2025,28.68,3200,3400,3600
Andhra Pradesh,Annamayya,Valmikipuram APMC,Vegetables,Tomato,15-12-2025,44.08,3400,3600,3800
Andhra Pradesh,Annamayya,Valmikipuram APMC,Vegetables,Tomato,16-12-2025,45.75,3600,3800,4000
Andhra Pradesh,Annamayya,Valmikipuram APMC,Vegetables,Tomato,17-12-2025,44.05,3600,3800,4000
Andhra Pradesh,Annamayya,Valmikipuram APMC,Vegetables,Tomato,19-12-2025,46.23,3400,3600,3800
Andhra Pradesh,Annamayya,Valmikipuram APMC,Vegetables,Tomato,20-12-2025,45.45,4000,4200,4400
Andhra Pradesh,Annamayya,Valmikipuram APMC,Vegetables,Tomato,22-12-2025,43.03,4200,4400,4600
Andhra Pradesh,Annamayya,Valmikipuram APMC,Vegetables,Tomato,23-12-2025,44.9,4800,5000,5200
Andhra Pradesh,Annamayya,Valmikipuram APMC,Vegetables,Tomato,24-12-2025,44,4000,4400,4600
Andhra Pradesh,Annamayya,Valmikipuram APMC,Vegetables,Tomato,25-12-2025,45.3,4600,4800,4960
Andhra Pradesh,Annamayya,Valmikipuram APMC,Vegetables,Tomato,26-12-2025,44.95,4800,5000,5200
Andhra Pradesh,Annamayya,Valmikipuram APMC,Vegetables,Tomato,27-12-2025,44.23,4800,5000,5200
Andhra Pradesh,Annamayya,Valmikipuram APMC,Vegetables,Tomato,29-12-2025,43.08,4400,4600,4800
Andhra Pradesh,Annamayya,Valmikipuram APMC,Vegetables,Tomato,30-12-2025,44.88,4400,4600,4800
Andhra Pradesh,Annamayya,Valmikipuram APMC,Vegetables,Tomato,31-12-2025,20.5,4200,4400,4600
Andhra Pradesh,Annamayya,Valmikipuram APMC,Vegetables,Tomato,01-01-2026,20.38,4000,4200,4400
Andhra Pradesh,Annamayya,Valmikipuram APMC,Vegetables,Tomato,02-01-2026,17.23,3600,3800,4000
Andhra Pradesh,Annamayya,Valmikipuram APMC,Vegetables,Tomato,03-01-2026,17.93,3600,3800,4000
Andhra Pradesh,Annamayya,Valmikipuram APMC,Vegetables,Tomato,04-01-2026,16.8,3400,3600,3800
Andhra Pradesh,Annamayya,Valmikipuram APMC,Vegetables,Tomato,05-01-2026,22.28,3200,3400,3600
Andhra Pradesh,Annamayya,Valmikipuram APMC,Vegetables,Tomato,06-01-2026,25.18,3000,3200,4000
Andhra Pradesh,Annamayya,Valmikipuram APMC,Vegetables,Tomato,07-01-2026,31.45,2600,2800,3000
Andhra Pradesh,Annamayya,Valmikipuram APMC,Vegetables,Tomato,08-01-2026,38.5,2200,2400,2600
Andhra Pradesh,Annamayya,Valmikipuram APMC,Vegetables,Tomato,09-01-2026,32.7,1600,1800,2000
Andhra Pradesh,Annamayya,Valmikipuram APMC,Vegetables,Tomato,10-01-2026,34.33,1400,1600,1920
Andhra Pradesh,Annamayya,Valmikipuram APMC,Vegetables,Tomato,11-01-2026,20.83,2200,2400,2600
Andhra Pradesh,Annamayya,Valmikipuram APMC,Vegetables,Tomato,12-01-2026,30.85,2000,2200,2400
Andhra Pradesh,Annamayya,Valmikipuram APMC,Vegetables,Tomato,13-01-2026,33.03,1600,1800,2000
Andhra Pradesh,Annamayya,Valmikipuram APMC,Vegetables,Tomato,16-01-2026,6.78,1800,2000,2200
Andhra Pradesh,Annamayya,Valmikipuram APMC,Vegetables,Tomato,17-01-2026,27.53,1800,2000,2200
Andhra Pradesh,Annamayya,Valmikipuram APMC,Vegetables,Tomato,18-01-2026,29.48,1400,1600,1800
Andhra Pradesh,Annamayya,Valmikipuram APMC,Vegetables,Tomato,19-01-2026,33.28,1000,1200,1520
Andhra Pradesh,Annamayya,Valmikipuram APMC,Vegetables,Tomato,20-01-2026,36.5,1400,1600,1800
Andhra Pradesh,Annamayya,Valmikipuram APMC,Vegetables,Tomato,21-01-2026,30.35,1400,1600,1800
Andhra Pradesh,Annamayya,Valmikipuram APMC,Vegetables,Tomato,22-01-2026,37.8,1400,1600,1800
Andhra Pradesh,Annamayya,Valmikipuram APMC,Vegetables,Tomato,23-01-2026,38.08,1600,1800,1920
Andhra Pradesh,Annamayya,Valmikipuram APMC,Vegetables,Tomato,24-01-2026,37.9,1600,1800,2000
Andhra Pradesh,Annamayya,Valmikipuram APMC,Vegetables,Tomato,26-01-2026,41.85,1680,1760,1920
Andhra Pradesh,Annamayya,Valmikipuram APMC,Vegetables,Tomato,27-01-2026,45.13,1400,1600,1800
Andhra Pradesh,Annamayya,Valmikipuram APMC,Vegetables,Tomato,28-01-2026,47.8,1360,1500,1600
Andhra Pradesh,Annamayya,Valmikipuram APMC,Vegetables,Tomato,29-01-2026,43.3,1000,1200,1400
Andhra Pradesh,Annamayya,Valmikipuram APMC,Vegetables,Tomato,30-01-2026,39.73,1000,1100,1200
Andhra Pradesh,Annamayya,Valmikipuram APMC,Vegetables,Tomato,31-01-2026,40.05,900,1100,1300
Andhra Pradesh,Annamayya,Valmikipuram APMC,Vegetables,Tomato,01-02-2026,19.15,850,1000,1150
Andhra Pradesh,Annamayya,Valmikipuram APMC,Vegetables,Tomato,02-02-2026,39.03,1000,1200,1400
Andhra Pradesh,Annamayya,Valmikipuram APMC,Vegetables,Tomato,03-02-2026,40.08,1200,1400,1600
Andhra Pradesh,Annamayya,Valmikipuram APMC,Vegetables,Tomato,04-02-2026,42.68,980,1100,1300
Andhra Pradesh,Annamayya,Valmikipuram APMC,Vegetables,Tomato,05-02-2026,43.25,1000,1200,1400
Andhra Pradesh,Annamayya,Valmikipuram APMC,Vegetables,Tomato,06-02-2026,45.82,1000,1300,1500
Andhra Pradesh,Annamayya,Valmikipuram APMC,Vegetables,Tomato,07-02-2026,44.55,900,1100,1200
Andhra Pradesh,Annamayya,Valmikipuram APMC,Vegetables,Tomato,08-02-2026,23.55,920,1020,1320
Andhra Pradesh,Annamayya,Valmikipuram APMC,Vegetables,Tomato,09-02-2026,38.08,920,1120,1320
Andhra Pradesh,Annamayya,Valmikipuram APMC,Vegetables,Tomato,10-02-2026,35.38,1000,1300,1500
Andhra Pradesh,Annamayya,Valmikipuram APMC,Vegetables,Tomato,11-02-2026,34.2,1480,1680,1880
Andhra Pradesh,Annamayya,Valmikipuram APMC,Vegetables,Tomato,12-02-2026,35.08,1000,1200,1400
Andhra Pradesh,Annamayya,Valmikipuram APMC,Vegetables,Tomato,13-02-2026,34.6,900,1100,1300
Andhra Pradesh,Annamayya,Valmikipuram APMC,Vegetables,Tomato,14-02-2026,35.08,1100,1300,1500
Andhra Pradesh,Annamayya,Valmikipuram APMC,Vegetables,Tomato,15-02-2026,22.23,1000,1200,1400
Andhra Pradesh,Annamayya,Valmikipuram APMC,Vegetables,Tomato,16-02-2026,23.35,900,1100,1300
Andhra Pradesh,Annamayya,Valmikipuram APMC,Vegetables,Tomato,17-02-2026,32.85,1000,1200,1400
Andhra Pradesh,Annamayya,Valmikipuram APMC,Vegetables,Tomato,18-02-2026,38.25,1100,1300,1500
Andhra Pradesh,Annamayya,Valmikipuram APMC,Vegetables,Tomato,19-02-2026,39.7,1000,1200,1400
Andhra Pradesh,Annamayya,Valmikipuram APMC,Vegetables,Tomato,20-02-2026,42.65,900,1100,1300
Andhra Pradesh,Annamayya,Valmikipuram APMC,Vegetables,Tomato,21-02-2026,42.96,800,1000,1200
Andhra Pradesh,Annamayya,Valmikipuram APMC,Vegetables,Tomato,22-02-2026,22.75,800,1000,1200
Andhra Pradesh,Annamayya,Valmikipuram APMC,Vegetables,Tomato,23-02-2026,40.78,900,1100,1300
Andhra Pradesh,Annamayya,Valmikipuram APMC,Vegetables,Tomato,24-02-2026,44.75,800,1000,1200
Andhra Pradesh,Annamayya,Valmikipuram APMC,Vegetables,Tomato,26-02-2026,137.5,800,1000,1200
Andhra Pradesh,Annamayya,Valmikipuram APMC,Vegetables,Tomato,27-02-2026,30.63,800,1000,1200
Andhra Pradesh,Annamayya,Valmikipuram APMC,Vegetables,Tomato,28-02-2026,40.93,900,1100,1300
Andhra Pradesh,Annamayya,Valmikipuram APMC,Vegetables,Tomato,03-03-2026,38.05,680,800,1000
Andhra Pradesh,Annamayya,Valmikipuram APMC,Vegetables,Tomato,04-03-2026,42.23,720,920,1100
Andhra Pradesh,Annamayya,Valmikipuram APMC,Vegetables,Tomato,05-03-2026,45.25,680,800,1000
Andhra Pradesh,Annamayya,Valmikipuram APMC,Vegetables,Tomato,06-03-2026,42.2,760,960,1160
Andhra Pradesh,Annamayya,Valmikipuram APMC,Vegetables,Tomato,08-03-2026,26.15,800,880,1000
Andhra Pradesh,Annamayya,Valmikipuram APMC,Vegetables,Tomato,09-03-2026,44.08,760,960,1120
Andhra Pradesh,Annamayya,Valmikipuram APMC,Vegetables,Tomato,10-03-2026,45.35,800,1000,1200
Andhra Pradesh,Annamayya,Valmikipuram APMC,Vegetables,Tomato,11-03-2026,49.95,880,1000,1200
Andhra Pradesh,Annamayya,Valmikipuram APMC,Vegetables,Tomato,12-03-2026,50.45,960,1100,1300
Andhra Pradesh,Annamayya,Valmikipuram APMC,Vegetables,Tomato,13-03-2026,51.5,880,1080,1280
Andhra Pradesh,Annamayya,Valmikipuram APMC,Vegetables,Tomato,14-03-2026,51.1,760,960,1160
Andhra Pradesh,Annamayya,Valmikipuram APMC,Vegetables,Tomato,15-03-2026,82.58,800,880,1000
Andhra Pradesh,Annamayya,Valmikipuram APMC,Vegetables,Tomato,16-03-2026,50.6,960,1160,1360
Andhra Pradesh,Annamayya,Valmikipuram APMC,Vegetables,Tomato,17-03-2026,52.85,800,1000,1200
Andhra Pradesh,Annamayya,Valmikipuram APMC,Vegetables,Tomato,18-03-2026,53.83,900,1100,1300
Andhra Pradesh,Annamayya,Valmikipuram APMC,Vegetables,Tomato,19-03-2026,52.2,800,1000,1200
Andhra Pradesh,Annamayya,Valmikipuram APMC,Vegetables,Tomato,20-03-2026,102,900,1100,1300
Andhra Pradesh,Annamayya,Valmikipuram APMC,Vegetables,Tomato,21-03-2026,52.4,1000,1200,1400
Andhra Pradesh,Annamayya,Valmikipuram APMC,Vegetables,Tomato,22-03-2026,9.08,920,1080,1200
Andhra Pradesh,Annamayya,Valmikipuram APMC,Vegetables,Tomato,23-03-2026,51.98,700,900,1100
Andhra Pradesh,Annamayya,Valmikipuram APMC,Vegetables,Tomato,24-03-2026,52.78,600,800,1000
Andhra Pradesh,Annamayya,Valmikipuram APMC,Vegetables,Tomato,25-03-2026,52.48,700,900,1100
Andhra Pradesh,Annamayya,Valmikipuram APMC,Vegetables,Tomato,26-03-2026,52.98,760,860,1060
Andhra Pradesh,Annamayya,Valmikipuram APMC,Vegetables,Tomato,27-03-2026,53.28,720,820,1020
Andhra Pradesh,Annamayya,Valmikipuram APMC,Vegetables,Tomato,28-03-2026,51.5,760,860,1060
Andhra Pradesh,Annamayya,Valmikipuram APMC,Vegetables,Tomato,29-03-2026,29.97,800,1000,1200
Andhra Pradesh,Annamayya,Valmikipuram APMC,Vegetables,Tomato,30-03-2026,51.25,800,920,1120
Andhra Pradesh,Annamayya,Valmikipuram APMC,Vegetables,Tomato,31-03-2026,51.13,880,1000,1200
Andhra Pradesh,Annamayya,Valmikipuram APMC,Vegetables,Tomato,01-04-2026,25.6,800,960,1160
Andhra Pradesh,Annamayya,Valmikipuram APMC,Vegetables,Tomato,03-04-2026,30.08,880,1000,1160
Andhra Pradesh,Annamayya,Valmikipuram APMC,Vegetables,Tomato,04-04-2026,26.4,920,1000,1200
Andhra Pradesh,Annamayya,Valmikipuram APMC,Vegetables,Tomato,08-04-2026,40.38,880,1000,1120
Andhra Pradesh,Annamayya,Valmikipuram APMC,Vegetables,Tomato,09-04-2026,44.28,960,1080,1200
Andhra Pradesh,Annamayya,Valmikipuram APMC,Vegetables,Tomato,10-04-2026,47.55,920,1040,1240
Andhra Pradesh,Annamayya,Valmikipuram APMC,Vegetables,Tomato,11-04-2026,53.25,900,1100,1300
Andhra Pradesh,Annamayya,Valmikipuram APMC,Vegetables,Tomato,12-04-2026,53.83,1600,1800,2000
Andhra Pradesh,Annamayya,Valmikipuram APMC,Vegetables,Tomato,14-04-2026,56.28,1680,1880,2280
Andhra Pradesh,Annamayya,Valmikipuram APMC,Vegetables,Tomato,15-04-2026,55.83,1600,1800,2000
Andhra Pradesh,Annamayya,Valmikipuram APMC,Vegetables,Tomato,19-04-2026,30.33,1800,2000,2200
Andhra Pradesh,Annamayya,Valmikipuram APMC,Vegetables,Tomato,20-04-2026,56.25,1920,2000,2240
Andhra Pradesh,Annamayya,Valmikipuram APMC,Vegetables,Tomato,21-04-2026,57.23,1800,2000,2200
Andhra Pradesh,Annamayya,Valmikipuram APMC,Vegetables,Tomato,22-04-2026,49.3,1920,2000,2240
Andhra Pradesh,Annamayya,Valmikipuram APMC,Vegetables,Tomato,23-04-2026,49.88,2000,2200,2400
Andhra Pradesh,Annamayya,Valmikipuram APMC,Vegetables,Tomato,24-04-2026,45.88,2800,3000,3200
Andhra Pradesh,Annamayya,Valmikipuram APMC,Vegetables,Tomato,25-04-2026,46.75,2880,3080,3200
Andhra Pradesh,Annamayya,Valmikipuram APMC,Vegetables,Tomato,26-04-2026,27.4,3200,3400,3600
Andhra Pradesh,Annamayya,Valmikipuram APMC,Vegetables,Tomato,27-04-2026,46.38,3000,3200,3400
Andhra Pradesh,Annamayya,Valmikipuram APMC,Vegetables,Tomato,28-04-2026,45.75,3080,3280,3480
Andhra Pradesh,Annamayya,Valmikipuram APMC,Vegetables,Tomato,29-04-2026,45.5,2600,2800,3000
Andhra Pradesh,Annamayya,Valmikipuram APMC,Vegetables,Tomato,30-04-2026,45.8,2400,2600,2800
Andhra Pradesh,Annamayya,Valmikipuram APMC,Vegetables,Tomato,03-05-2026,22.08,2200,2400,2600
Andhra Pradesh,Annamayya,Valmikipuram APMC,Vegetables,Tomato,04-05-2026,45.65,2400,2600,2800
Andhra Pradesh,Annamayya,Valmikipuram APMC,Vegetables,Tomato,05-05-2026,49.7,2400,2600,2800
Andhra Pradesh,Annamayya,Valmikipuram APMC,Vegetables,Tomato,06-05-2026,49.3,2200,2400,2600
Andhra Pradesh,Annamayya,Valmikipuram APMC,Vegetables,Tomato,07-05-2026,47.6,2120,2320,2520
Andhra Pradesh,Annamayya,Valmikipuram APMC,Vegetables,Tomato,08-05-2026,50.08,2000,2200,2440
Andhra Pradesh,Annamayya,Valmikipuram APMC,Vegetables,Tomato,09-05-2026,51.98,2000,2200,2400
Andhra Pradesh,Annamayya,Valmikipuram APMC,Vegetables,Tomato,10-05-2026,34.78,1800,2000,2200
Andhra Pradesh,Annamayya,Valmikipuram APMC,Vegetables,Tomato,11-05-2026,58.1,1960,2060,2160
Andhra Pradesh,Annamayya,Valmikipuram APMC,Vegetables,Tomato,12-05-2026,69.73,1800,2000,2200
Andhra Pradesh,Annamayya,Valmikipuram APMC,Vegetables,Tomato,13-05-2026,75.65,2000,2200,2480
Andhra Pradesh,Annamayya,Valmikipuram APMC,Vegetables,Tomato,15-05-2026,80.18,2400,2600,2800
Andhra Pradesh,Annamayya,Valmikipuram APMC,Vegetables,Tomato,16-05-2026,49.3,2600,2800,3000
Andhra Pradesh,Annamayya,Valmikipuram APMC,Vegetables,Tomato,17-05-2026,35.95,2800,3000,3200
Andhra Pradesh,Annamayya,Valmikipuram APMC,Vegetables,Tomato,18-05-2026,20.98,3000,3200,3400
Andhra Pradesh,Annamayya,Valmikipuram APMC,Vegetables,Tomato,19-05-2026,36.3,2600,2800,3000
Andhra Pradesh,Annamayya,Valmikipuram APMC,Vegetables,Tomato,20-05-2026,35.9,2600,2800,3000
Andhra Pradesh,Annamayya,Valmikipuram APMC,Vegetables,Tomato,21-05-2026,36.58,2680,2880,3080
Andhra Pradesh,Annamayya,Valmikipuram APMC,Vegetables,Tomato,22-05-2026,37.35,2000,2500,2800
Andhra Pradesh,Annamayya,Valmikipuram APMC,Vegetables,Tomato,23-05-2026,31.7,2000,2400,2600
Andhra Pradesh,Annamayya,Valmikipuram APMC,Vegetables,Tomato,24-05-2026,19.55,1800,2200,2600
Andhra Pradesh,Annamayya,Valmikipuram APMC,Vegetables,Tomato,25-05-2026,32.23,2000,2600,2800
Andhra Pradesh,Annamayya,Valmikipuram APMC,Vegetables,Tomato,26-05-2026,31.85,2080,2680,2880
Andhra Pradesh,Annamayya,Valmikipuram APMC,Vegetables,Tomato,27-05-2026,32.05,2000,2600,2800
Andhra Pradesh,Annamayya,Valmikipuram APMC,Vegetables,Tomato,28-05-2026,32.63,2000,2200,2400
Andhra Pradesh,Annamayya,Valmikipuram APMC,Vegetables,Tomato,29-05-2026,30.15,2040,2240,2440
Andhra Pradesh,Annamayya,Valmikipuram APMC,Vegetables,Tomato,30-05-2026,28.8,2280,2480,2720
Andhra Pradesh,Annamayya,Valmikipuram APMC,Vegetables,Tomato,31-05-2026,17.28,2200,2600,3000
Andhra Pradesh,Annamayya,Valmikipuram APMC,Vegetables,Tomato,01-06-2026,32.48,2320,2620,2920
Andhra Pradesh,Annamayya,Valmikipuram APMC,Vegetables,Tomato,02-06-2026,33.03,2800,3000,3200
Andhra Pradesh,Annamayya,Valmikipuram APMC,Vegetables,Tomato,03-06-2026,33.95,2600,2800,3000
Andhra Pradesh,Annamayya,Valmikipuram APMC,Vegetables,Tomato,04-06-2026,33.1,2200,2600,3000
Andhra Pradesh,Annamayya,Valmikipuram APMC,Vegetables,Tomato,05-06-2026,321,2800,3000,3200
Andhra Pradesh,Annamayya,Valmikipuram APMC,Vegetables,Tomato,06-06-2026,32.58,2840,3040,3240
Andhra Pradesh,Annamayya,Valmikipuram APMC,Vegetables,Tomato,07-06-2026,17.45,3200,3400,3600
Andhra Pradesh,Annamayya,Valmikipuram APMC,Vegetables,Tomato,08-06-2026,32.98,3600,3800,4000
Andhra Pradesh,Annamayya,Valmikipuram APMC,Vegetables,Tomato,09-06-2026,32.68,3800,4000,4200
Andhra Pradesh,Annamayya,Valmikipuram APMC,Vegetables,Tomato,10-06-2026,29.58,3200,3400,3600
Andhra Pradesh,Annamayya,Valmikipuram APMC,Vegetables,Tomato,11-06-2026,29.08,2880,3080,3280
Andhra Pradesh,Annamayya,Valmikipuram APMC,Vegetables,Tomato,12-06-2026,28.98,2800,3000,3200
Andhra Pradesh,Annamayya,Valmikipuram APMC,Vegetables,Tomato,13-06-2026,28.55,2360,2600,2800
Andhra Pradesh,Annamayya,Valmikipuram APMC,Vegetables,Tomato,14-06-2026,17.08,2800,3000,3200
Andhra Pradesh,Annamayya,Valmikipuram APMC,Vegetables,Tomato,15-06-2026,28.68,2500,2800,3000
Andhra Pradesh,Annamayya,Valmikipuram APMC,Vegetables,Tomato,16-06-2026,28.83,1800,2200,2600
Andhra Pradesh,Annamayya,Valmikipuram APMC,Vegetables,Tomato,17-06-2026,29.08,1920,2320,2720
Andhra Pradesh,Annamayya,Valmikipuram APMC,Vegetables,Tomato,18-06-2026,29.5,1800,2200,2600
Andhra Pradesh,Annamayya,Valmikipuram APMC,Vegetables,Tomato,19-06-2026,30.08,1400,1800,2200
Andhra Pradesh,Annamayya,Valmikipuram APMC,Vegetables,Tomato,20-06-2026,41.55,1120,1520,1920
Andhra Pradesh,Annamayya,Valmikipuram APMC,Vegetables,Tomato,21-06-2026,28.28,1200,1600,2000
Andhra Pradesh,Annamayya,Valmikipuram APMC,Vegetables,Tomato,22-06-2026,53.25,1400,1800,2200
Andhra Pradesh,Annamayya,Valmikipuram APMC,Vegetables,Tomato,23-06-2026,60,1000,1400,1800
Andhra Pradesh,Annamayya,Valmikipuram APMC,Vegetables,Tomato,24-06-2026,137.23,1120,1520,1920
Andhra Pradesh,Annamayya,Valmikipuram APMC,Vegetables,Tomato,25-06-2026,193.98,1160,1400,1800
Andhra Pradesh,Annamayya,Valmikipuram APMC,Vegetables,Tomato,26-06-2026,213.3,1120,1520,1920
Andhra Pradesh,Annamayya,Valmikipuram APMC,Vegetables,Tomato,27-06-2026,220.88,1040,1200,1600
Andhra Pradesh,Annamayya,Valmikipuram APMC,Vegetables,Tomato,28-06-2026,92.35,920,1040,1200
Andhra Pradesh,Annamayya,Valmikipuram APMC,Vegetables,Tomato,29-06-2026,219.83,960,1240,1440
Andhra Pradesh,Annamayya,Valmikipuram APMC,Vegetables,Tomato,30-06-2026,230.68,1160,1400,1600
Andhra Pradesh,Annamayya,Valmikipuram APMC,Vegetables,Tomato,01-07-2026,240.08,1520,1920,2320
Andhra Pradesh,Annamayya,Valmikipuram APMC,Vegetables,Tomato,02-07-2026,216.88,1200,1600,2000
Andhra Pradesh,Annamayya,Valmikipuram APMC,Vegetables,Tomato,03-07-2026,235.78,1000,1400,1800
Andhra Pradesh,Annamayya,Valmikipuram APMC,Vegetables,Tomato,04-07-2026,258.9,960,1200,1400
Andhra Pradesh,Annamayya,Valmikipuram APMC,Vegetables,Tomato,05-07-2026,99.98,920,1080,1280
Andhra Pradesh,Annamayya,Valmikipuram APMC,Vegetables,Tomato,06-07-2026,250.08,920,1040,1160
Andhra Pradesh,Annamayya,Valmikipuram APMC,Vegetables,Tomato,07-07-2026,258.95,960,1080,1200
Andhra Pradesh,Annamayya,Valmikipuram APMC,Vegetables,Tomato,08-07-2026,260.08,960,1160,1360
Andhra Pradesh,Annamayya,Valmikipuram APMC,Vegetables,Tomato,09-07-2026,259.08,920,1080,1280
Andhra Pradesh,Annamayya,Valmikipuram APMC,Vegetables,Tomato,10-07-2026,259.5,1040,1200,1400
Andhra Pradesh,Annamayya,Valmikipuram APMC,Vegetables,Tomato,11-07-2026,210.18,1160,1400,1600
Andhra Pradesh,Annamayya,Valmikipuram APMC,Vegetables,Tomato,12-07-2026,83.05,1200,1400,1600
Andhra Pradesh,Annamayya,Valmikipuram APMC,Vegetables,Tomato,13-07-2026,227.23,1160,1320,1480
Andhra Pradesh,Annamayya,Valmikipuram APMC,Vegetables,Tomato,14-07-2026,229.95,1120,1360,1560
Andhra Pradesh,Annamayya,Valmikipuram APMC,Vegetables,Tomato,15-07-2026,211.95,1600,1800,2000
Andhra Pradesh,Annamayya,Valmikipuram APMC,Vegetables,Tomato,16-07-2026,212.5,1600,1800,2000
Andhra Pradesh,Annamayya,Valmikipuram APMC,Vegetables,Tomato,17-07-2026,201.68,1200,1400,1600
Andhra Pradesh,Annamayya,Valmikipuram APMC,Vegetables,Tomato,18-07-2026,202.75,1000,1200,1400
Andhra Pradesh,Annamayya,Valmikipuram APMC,Vegetables,Tomato,19-07-2026,78.75,1000,1200,1400
Andhra Pradesh,Annamayya,Valmikipuram APMC,Vegetables,Tomato,20-07-2026,215.4,1000,1200,1400
Andhra Pradesh,Annamayya,Valmikipuram APMC,Vegetables,Tomato,21-07-2026,214.9,1000,1200,1400
Andhra Pradesh,Annamayya,Valmikipuram APMC,Vegetables,Tomato,22-07-2026,216.5,1000,1200,1400
Andhra Pradesh,Annamayya,Valmikipuram APMC,Vegetables,Tomato,23-07-2026,212.8,880,900,960
Andhra Pradesh,Annamayya,Valmikipuram APMC,Vegetables,Tomato,24-07-2026,212.1,800,880,1000
Andhra Pradesh,Annamayya,Valmikipuram APMC,Vegetables,Tomato,25-07-2026,213.3,920,1000,1120
Andhra Pradesh,Annamayya,Valmikipuram APMC,Vegetables,Tomato,26-07-2026,52.35,1000,1200,1400
Andhra Pradesh,Annamayya,Valmikipuram APMC,Vegetables,Tomato,27-07-2026,208.8,920,1000,1120
Andhra Pradesh,Annamayya,Valmikipuram APMC,Vegetables,Tomato,28-07-2026,207.38,968,1080,1200
Andhra Pradesh,Annamayya,Valmikipuram APMC,Vegetables,Tomato,29-07-2026,211.88,920,1000,1120
Andhra Pradesh,Annamayya,Valmikipuram APMC,Vegetables,Tomato,30-07-2026,215.98,960,1040,1160
Andhra Pradesh,Annamayya,Valmikipuram APMC,Vegetables,Tomato,31-07-2026,216.35,880,1080,1200
Andhra Pradesh,Annamayya,Valmikipuram APMC,Vegetables,Tomato,01-08-2026,200.08,920,1040,1120
Andhra Pradesh,Annamayya,Valmikipuram APMC,Vegetables,Tomato,02-08-2026,75.45,880,1000,1160
Andhra Pradesh,Annamayya,Valmikipuram APMC,Vegetables,Tomato,03-08-2026,201.98,920,1040,1120
Andhra Pradesh,Annamayya,Valmikipuram APMC,Vegetables,Tomato,04-08-2026,202.98,1000,1200,1400
Andhra Pradesh,Annamayya,Valmikipuram APMC,Vegetables,Tomato,05-08-2026,198.98,960,1120,1280
Andhra Pradesh,Annamayya,Valmikipuram APMC,Vegetables,Tomato,06-08-2026,189.88,960,1080,1200
Andhra Pradesh,Annamayya,Valmikipuram APMC,Vegetables,Tomato,07-08-2026,192.73,840,960,1080
Andhra Pradesh,Annamayya,Valmikipuram APMC,Vegetables,Tomato,08-08-2026,151.88,880,1000,1120
Andhra Pradesh,Annamayya,Valmikipuram APMC,Vegetables,Tomato,09-08-2026,60.6,800,1000,1200
Andhra Pradesh,Annamayya,Valmikipuram APMC,Vegetables,Tomato,10-08-2026,150.08,920,1040,1120
Andhra Pradesh,Chittor,Kuppam APMC,Vegetables,Tomato,25-07-2026,0.1,800,900,1000
Andhra Pradesh,Chittor,Kuppam APMC,Vegetables,Tomato,27-07-2026,1,800,1193,1193
Andhra Pradesh,Chittor,Kuppam APMC,Vegetables,Tomato,28-07-2026,800,900,1193,1193
Andhra Pradesh,Chittor,Kuppam APMC,Vegetables,Tomato,29-07-2026,1,900,1241,1241
Andhra Pradesh,Chittor,Kuppam APMC,Vegetables,Tomato,31-07-2026,1,800,1204,1204
Andhra Pradesh,Chittor,Kuppam APMC,Vegetables,Tomato,01-08-2026,1,700,1209,1209
Andhra Pradesh,Chittor,Kuppam APMC,Vegetables,Tomato,04-08-2026,1,700,1209,1209
Andhra Pradesh,Chittor,Kuppam APMC,Vegetables,Tomato,05-08-2026,1,700,1209,1209
Andhra Pradesh,Chittor,Kuppam APMC,Vegetables,Tomato,06-08-2026,1,800,1209,1209
Andhra Pradesh,Chittor,Palamaner APMC,Vegetables,Beetroot,21-02-2023,47.35,1000,1800,2500
Andhra Pradesh,Chittor,Palamaner APMC,Vegetables,Tomato,21-02-2023,47.35,1000,1800,2500
Andhra Pradesh,Chittor,Palamaner APMC,Vegetables,Cabbage,09-03-2023,1.26,300,400,500
Andhra Pradesh,Chittor,Palamaner APMC,Vegetables,Cabbage,20-04-2023,3,300,400,500
Andhra Pradesh,Chittor,Palamaner APMC,Vegetables,Potato,20-04-2023,0.38,800,1000,1200
Andhra Pradesh,Chittor,Palamaner APMC,Vegetables,Tomato,20-04-2023,121.51,500,600,700
Andhra Pradesh,Chittor,Palamaner APMC,Vegetables,Cabbage,21-04-2023,2.61,300,400,500
Andhra Pradesh,Chittor,Palamaner APMC,Vegetables,Potato,21-04-2023,0.44,800,1000,1200
Andhra Pradesh,Chittor,Palamaner APMC,Vegetables,Tomato,21-04-2023,123.15,500,600,700
Andhra Pradesh,Chittor,Palamaner APMC,Vegetables,Cabbage,24-04-2023,5.49,300,400,500
Andhra Pradesh,Chittor,Palamaner APMC,Vegetables,Potato,24-04-2023,0.4,800,1000,1200
Andhra Pradesh,Chittor,Palamaner APMC,Vegetables,Tomato,24-04-2023,133.17,500,600,700
Andhra Pradesh,Chittor,Palamaner APMC,Vegetables,Cabbage,25-04-2023,6.33,300,400,500
Andhra Pradesh,Chittor,Palamaner APMC,Vegetables,Potato,25-04-2023,0.34,800,1000,1200
Andhra Pradesh,Chittor,Palamaner APMC,Vegetables,Tomato,25-04-2023,157.96,500,600,700
Andhra Pradesh,Chittor,Palamaner APMC,Vegetables,Cabbage,26-04-2023,2.43,300,400,500
Andhra Pradesh,Chittor,Palamaner APMC,Vegetables,Potato,26-04-2023,0.24,1000,1500,2000
Andhra Pradesh,Chittor,Palamaner APMC,Vegetables,Tomato,26-04-2023,146.61,500,600,700
Andhra Pradesh,Chittor,Palamaner APMC,Vegetables,Cabbage,27-04-2023,3.87,300,400,500
Andhra Pradesh,Chittor,Palamaner APMC,Vegetables,Potato,27-04-2023,0.22,1000,1500,2000
Andhra Pradesh,Chittor,Palamaner APMC,Vegetables,Tomato,27-04-2023,147.42,500,600,700
Andhra Pradesh,Chittor,Palamaner APMC,Vegetables,Cabbage,28-04-2023,5.37,300,400,500
Andhra Pradesh,Chittor,Palamaner APMC,Vegetables,Potato,28-04-2023,0.2,1000,1500,2000
Andhra Pradesh,Chittor,Palamaner APMC,Vegetables,Tomato,28-04-2023,148.89,500,600,700
Andhra Pradesh,Chittor,Palamaner APMC,Vegetables,Cabbage,29-04-2023,1.71,300,400,500
Andhra Pradesh,Chittor,Palamaner APMC,Vegetables,Potato,29-04-2023,0.52,1000,1500,2000
Andhra Pradesh,Chittor,Palamaner APMC,Vegetables,Tomato,29-04-2023,143.34,500,600,700
Andhra Pradesh,Chittor,Palamaner APMC,Vegetables,Cabbage,01-05-2023,5.19,300,400,500
Andhra Pradesh,Chittor,Palamaner APMC,Vegetables,Tomato,01-05-2023,145.29,500,600,700
Andhra Pradesh,Chittor,Palamaner APMC,Vegetables,Cabbage,02-05-2023,3.03,300,400,500
Andhra Pradesh,Chittor,Palamaner APMC,Vegetables,Potato,02-05-2023,0.36,1000,1500,2000
Andhra Pradesh,Chittor,Palamaner APMC,Vegetables,Tomato,02-05-2023,146.71,500,600,700
Andhra Pradesh,Chittor,Palamaner APMC,Vegetables,Cabbage,03-05-2023,5.7,300,400,500
Andhra Pradesh,Chittor,Palamaner APMC,Vegetables,Tomato,03-05-2023,175.8,500,600,700
Andhra Pradesh,Chittor,Palamaner APMC,Vegetables,Cabbage,04-05-2023,6.48,300,400,500
Andhra Pradesh,Chittor,Palamaner APMC,Vegetables,Potato,04-05-2023,0.2,1000,1500,2000
Andhra Pradesh,Chittor,Palamaner APMC,Vegetables,Tomato,04-05-2023,286.08,500,550,600
Andhra Pradesh,Chittor,Palamaner APMC,Vegetables,Cabbage,05-05-2023,4.08,300,400,500
Andhra Pradesh,Chittor,Palamaner APMC,Vegetables,Potato,05-05-2023,0.2,1000,1500,2000
Andhra Pradesh,Chittor,Palamaner APMC,Vegetables,Tomato,05-05-2023,312.84,500,550,600
Andhra Pradesh,Chittor,Palamaner APMC,Vegetables,Cabbage,06-05-2023,3.6,300,400,500
Andhra Pradesh,Chittor,Palamaner APMC,Vegetables,Potato,06-05-2023,0.5,1000,1500,2000
Andhra Pradesh,Chittor,Palamaner APMC,Vegetables,Tomato,06-05-2023,355.99,500,550,600
Andhra Pradesh,Chittor,Palamaner APMC,Vegetables,Cabbage,07-05-2023,2.4,300,400,500
Andhra Pradesh,Chittor,Palamaner APMC,Vegetables,Potato,07-05-2023,0.92,1000,1500,2000
Andhra Pradesh,Chittor,Palamaner APMC,Vegetables,Tomato,07-05-2023,257.89,500,600,800
Andhra Pradesh,Chittor,Palamaner APMC,Vegetables,Cabbage,08-05-2023,6.3,300,400,500
Andhra Pradesh,Chittor,Palamaner APMC,Vegetables,Potato,08-05-2023,0.28,1000,1500,2000
Andhra Pradesh,Chittor,Palamaner APMC,Vegetables,Tomato,08-05-2023,223.99,600,800,1000
Andhra Pradesh,Chittor,Palamaner APMC,Vegetables,Cabbage,09-05-2023,2.31,300,400,500
Andhra Pradesh,Chittor,Palamaner APMC,Vegetables,Potato,09-05-2023,0.54,1000,1500,2000
Andhra Pradesh,Chittor,Palamaner APMC,Vegetables,Tomato,09-05-2023,264.81,600,700,800
Andhra Pradesh,Chittor,Palamaner APMC,Vegetables,Cabbage,10-05-2023,3.84,300,400,500
Andhra Pradesh,Chittor,Palamaner APMC,Vegetables,Potato,10-05-2023,0.22,1000,1500,2000
Andhra Pradesh,Chittor,Palamaner APMC,Vegetables,Tomato,10-05-2023,306.07,500,650,800
Andhra Pradesh,Chittor,Palamaner APMC,Vegetables,Cabbage,11-05-2023,2.88,300,400,500
Andhra Pradesh,Chittor,Palamaner APMC,Vegetables,Potato,11-05-2023,0.44,1000,1500,2000
Andhra Pradesh,Chittor,Palamaner APMC,Vegetables,Tomato,11-05-2023,319.87,500,600,700
Andhra Pradesh,Chittor,Palamaner APMC,Vegetables,Cabbage,12-05-2023,3.51,300,400,500
Andhra Pradesh,Chittor,Palamaner APMC,Vegetables,Tomato,12-05-2023,281.89,700,900,1100
Andhra Pradesh,Chittor,Palamaner APMC,Vegetables,Potato,15-05-2023,0.44,1000,1500,2000
Andhra Pradesh,Chittor,Palamaner APMC,Vegetables,Tomato,15-05-2023,343.45,600,800,1100
Andhra Pradesh,Chittor,Palamaner APMC,Vegetables,Cabbage,16-05-2023,7.59,300,400,500
Andhra Pradesh,Chittor,Palamaner APMC,Vegetables,Potato,16-05-2023,0.2,1000,1500,2000
Andhra Pradesh,Chittor,Palamaner APMC,Vegetables,Tomato,16-05-2023,323.32,800,1000,1200
Andhra Pradesh,Chittor,Palamaner APMC,Vegetables,Cabbage,17-05-2023,5.46,300,400,500
Andhra Pradesh,Chittor,Palamaner APMC,Vegetables,Potato,17-05-2023,0.48,1000,1500,2000
Andhra Pradesh,Chittor,Palamaner APMC,Vegetables,Tomato,17-05-2023,338.34,700,900,1100
Andhra Pradesh,Chittor,Palamaner APMC,Vegetables,Cabbage,18-05-2023,6.18,300,400,500
Andhra Pradesh,Chittor,Palamaner APMC,Vegetables,Potato,18-05-2023,0.36,1000,1500,2000
Andhra Pradesh,Chittor,Palamaner APMC,Vegetables,Tomato,18-05-2023,397.53,600,700,900
Andhra Pradesh,Chittor,Palamaner APMC,Vegetables,Cabbage,19-05-2023,4.95,300,400,500
Andhra Pradesh,Chittor,Palamaner APMC,Vegetables,Potato,19-05-2023,0.38,1000,1500,2000
Andhra Pradesh,Chittor,Palamaner APMC,Vegetables,Tomato,19-05-2023,400.15,600,800,1000
Andhra Pradesh,Chittor,Palamaner APMC,Vegetables,Cabbage,20-05-2023,9.81,300,400,500
Andhra Pradesh,Chittor,Palamaner APMC,Vegetables,Potato,20-05-2023,0.28,1000,1500,2000
Andhra Pradesh,Chittor,Palamaner APMC,Vegetables,Tomato,20-05-2023,358.21,600,1000,1300
Andhra Pradesh,Chittor,Palamaner APMC,Vegetables,Cabbage,21-05-2023,3,300,400,500
Andhra Pradesh,Chittor,Palamaner APMC,Vegetables,Potato,21-05-2023,0.6,1000,1500,2000
Andhra Pradesh,Chittor,Palamaner APMC,Vegetables,Tomato,21-05-2023,359.91,700,900,1100
Andhra Pradesh,Chittor,Palamaner APMC,Vegetables,Cabbage,22-05-2023,9.09,300,400,600
Andhra Pradesh,Chittor,Palamaner APMC,Vegetables,Potato,22-05-2023,0.24,1000,1500,2000
Andhra Pradesh,Chittor,Palamaner APMC,Vegetables,Tomato,22-05-2023,354.75,700,1000,1200
Andhra Pradesh,Chittor,Palamaner APMC,Vegetables,Cabbage,23-05-2023,5.07,300,400,600
Andhra Pradesh,Chittor,Palamaner APMC,Vegetables,Potato,23-05-2023,0.28,1000,1500,2000
Andhra Pradesh,Chittor,Palamaner APMC,Vegetables,Tomato,23-05-2023,392.44,700,1000,1200
Andhra Pradesh,Chittor,Palamaner APMC,Vegetables,Cabbage,29-05-2023,7.2,400,500,700
Andhra Pradesh,Chittor,Palamaner APMC,Vegetables,Potato,29-05-2023,0.36,1000,1500,2000
Andhra Pradesh,Chittor,Palamaner APMC,Vegetables,Tomato,29-05-2023,326.73,700,1200,1800
Andhra Pradesh,Chittor,Palamaner APMC,Vegetables,Cabbage,30-05-2023,10.74,400,500,700
Andhra Pradesh,Chittor,Palamaner APMC,Vegetables,Potato,30-05-2023,0.58,1000,1500,2000
Andhra Pradesh,Chittor,Palamaner APMC,Vegetables,Tomato,30-05-2023,249.22,1000,1800,2700
Andhra Pradesh,Chittor,Palamaner APMC,Vegetables,Cabbage,31-05-2023,10.62,400,500,700
Andhra Pradesh,Chittor,Palamaner APMC,Vegetables,Potato,31-05-2023,0.72,1000,1500,2000
Andhra Pradesh,Chittor,Palamaner APMC,Vegetables,Tomato,31-05-2023,237.64,1000,1800,2000
Andhra Pradesh,Chittor,Palamaner APMC,Vegetables,Tomato,01-06-2023,252.18,800,1500,2200
Andhra Pradesh,Chittor,Palamaner APMC,Vegetables,Tomato,15-06-2023,310.03,1000,2000,3000
Andhra Pradesh,Chittor,Palamaner APMC,Vegetables,Tomato,22-06-2023,324.31,1000,2200,3200
Andhra Pradesh,Chittor,Palamaner APMC,Vegetables,Tomato,23-06-2023,313.11,1000,2200,3200
Andhra Pradesh,Chittor,Palamaner APMC,Vegetables,Tomato,24-06-2023,239.65,1500,3000,4700
Andhra Pradesh,Chittor,Palamaner APMC,Vegetables,Tomato,26-06-2023,208.92,1500,4000,6500
Andhra Pradesh,Chittor,Palamaner APMC,Vegetables,Tomato,27-06-2023,211.08,1500,4000,6000
Andhra Pradesh,Chittor,Palamaner APMC,Vegetables,Tomato,28-06-2023,224.83,1500,4500,6500
Andhra Pradesh,Chittor,Palamaner APMC,Vegetables,Tomato,30-06-2023,181.39,2500,7000,8700
Andhra Pradesh,Chittor,Palamaner APMC,Vegetables,Tomato,18-08-2023,105.91,3000,4000,4700
Andhra Pradesh,Chittor,Palamaner APMC,Vegetables,Cabbage,16-10-2023,4.02,400,500,600
Andhra Pradesh,Chittor,Palamaner APMC,Vegetables,Potato,16-10-2023,0.62,1000,1500,2000
Andhra Pradesh,Chittor,Palamaner APMC,Vegetables,Tomato,16-10-2023,49.45,700,900,1100
Andhra Pradesh,Chittor,Palamaner APMC,Vegetables,Cabbage,18-10-2023,3.75,400,500,600
Andhra Pradesh,Chittor,Palamaner APMC,Vegetables,Potato,18-10-2023,0.48,1000,1500,2000
Andhra Pradesh,Chittor,Palamaner APMC,Vegetables,Tomato,18-10-2023,55.68,800,1000,1200
Andhra Pradesh,Chittor,Palamaner APMC,Vegetables,Cabbage,19-10-2023,5.55,400,500,600
Andhra Pradesh,Chittor,Palamaner APMC,Vegetables,Potato,19-10-2023,0.26,1000,1500,2000
Andhra Pradesh,Chittor,Palamaner APMC,Vegetables,Tomato,19-10-2023,41.11,600,800,1000
Andhra Pradesh,Chittor,Palamaner APMC,Vegetables,Cabbage,20-10-2023,3.63,600,700,800
Andhra Pradesh,Chittor,Palamaner APMC,Vegetables,Potato,20-10-2023,0.76,1200,1500,2200
Andhra Pradesh,Chittor,Palamaner APMC,Vegetables,Tomato,20-10-2023,51.9,700,900,1100
Andhra Pradesh,Chittor,Palamaner APMC,Vegetables,Cabbage,21-10-2023,3.9,600,700,800
Andhra Pradesh,Chittor,Palamaner APMC,Vegetables,Tomato,21-10-2023,41.64,700,1000,1200
Andhra Pradesh,Chittor,Palamaner APMC,Vegetables,Cabbage,24-10-2023,2.91,600,700,800
Andhra Pradesh,Chittor,Palamaner APMC,Vegetables,Potato,24-10-2023,0.62,1200,1500,2200
Andhra Pradesh,Chittor,Palamaner APMC,Vegetables,Tomato,24-10-2023,47.37,700,1000,1300
Andhra Pradesh,Chittor,Palamaner APMC,Vegetables,Cabbage,25-10-2023,6.51,600,700,800
Andhra Pradesh,Chittor,Palamaner APMC,Vegetables,Potato,25-10-2023,0.26,1200,1500,2200
Andhra Pradesh,Chittor,Palamaner APMC,Vegetables,Tomato,25-10-2023,43.87,800,1300,1700
Andhra Pradesh,Chittor,Palamaner APMC,Vegetables,Cabbage,26-10-2023,2.91,600,700,800
Andhra Pradesh,Chittor,Palamaner APMC,Vegetables,Potato,26-10-2023,0.4,1200,1500,2200
Andhra Pradesh,Chittor,Palamaner APMC,Vegetables,Tomato,26-10-2023,41.1,1200,1800,2400
Andhra Pradesh,Chittor,Palamaner APMC,Vegetables,Cabbage,27-10-2023,2.91,600,700,800
Andhra Pradesh,Chittor,Palamaner APMC,Vegetables,Potato,27-10-2023,0.42,1200,1500,2200
Andhra Pradesh,Chittor,Palamaner APMC,Vegetables,Tomato,27-10-2023,45,1200,1800,2400
Andhra Pradesh,Chittor,Palamaner APMC,Vegetables,Cabbage,29-10-2023,6.27,600,700,800
Andhra Pradesh,Chittor,Palamaner APMC,Vegetables,Potato,29-10-2023,0.3,1000,1500,2000
Andhra Pradesh,Chittor,Palamaner APMC,Vegetables,Tomato,29-10-2023,41.01,1200,1800,2300
Andhra Pradesh,Chittor,Palamaner APMC,Vegetables,Cabbage,30-10-2023,6.93,600,700,800
Andhra Pradesh,Chittor,Palamaner APMC,Vegetables,Potato,30-10-2023,0.2,1000,1500,2000
Andhra Pradesh,Chittor,Palamaner APMC,Vegetables,Tomato,30-10-2023,42.01,1200,1600,2100
Andhra Pradesh,Chittor,Palamaner APMC,Vegetables,Cabbage,01-11-2023,6,600,700,800
Andhra Pradesh,Chittor,Palamaner APMC,Vegetables,Potato,01-11-2023,0.44,1000,1500,2000
Andhra Pradesh,Chittor,Palamaner APMC,Vegetables,Tomato,01-11-2023,50.23,1000,1500,2000
Andhra Pradesh,Chittor,Palamaner APMC,Vegetables,Cabbage,02-11-2023,3.45,600,700,800
Andhra Pradesh,Chittor,Palamaner APMC,Vegetables,Potato,02-11-2023,0.2,1000,1500,2000
Andhra Pradesh,Chittor,Palamaner APMC,Vegetables,Tomato,02-11-2023,42.82,1000,1500,2000
Andhra Pradesh,Chittor,Palamaner APMC,Vegetables,Cabbage,05-11-2023,3.1,600,700,800
Andhra Pradesh,Chittor,Palamaner APMC,Vegetables,Potato,05-11-2023,0.42,1000,1500,2000
Andhra Pradesh,Chittor,Palamaner APMC,Vegetables,Tomato,05-11-2023,50.05,1200,1800,2400
Andhra Pradesh,Chittor,Palamaner APMC,Vegetables,Potato,06-11-2023,0.52,1000,1500,2000
Andhra Pradesh,Chittor,Palamaner APMC,Vegetables,Tomato,06-11-2023,49.86,1400,2200,2700
Andhra Pradesh,Chittor,Palamaner APMC,Vegetables,Cabbage,07-11-2023,5.82,600,700,800
Andhra Pradesh,Chittor,Palamaner APMC,Vegetables,Potato,07-11-2023,0.18,1000,1500,2000
Andhra Pradesh,Chittor,Palamaner APMC,Vegetables,Tomato,07-11-2023,42.34,1000,2000,3000
Andhra Pradesh,Chittor,Palamaner APMC,Vegetables,Cabbage,08-11-2023,5.25,600,700,800
Andhra Pradesh,Chittor,Palamaner APMC,Vegetables,Potato,08-11-2023,0.52,1000,1500,2000
Andhra Pradesh,Chittor,Palamaner APMC,Vegetables,Tomato,08-11-2023,57.96,1000,2000,3000
Andhra Pradesh,Chittor,Palamaner APMC,Vegetables,Cabbage,14-11-2023,4.86,600,700,800
Andhra Pradesh,Chittor,Palamaner APMC,Vegetables,Potato,14-11-2023,0.36,1000,1500,2000
Andhra Pradesh,Chittor,Palamaner APMC,Vegetables,Tomato,14-11-2023,44.7,1200,2000,2500
Andhra Pradesh,Chittor,Palamaner APMC,Vegetables,Cabbage,15-11-2023,4.38,600,700,800
Andhra Pradesh,Chittor,Palamaner APMC,Vegetables,Potato,15-11-2023,0.22,1000,1500,2000
Andhra Pradesh,Chittor,Palamaner APMC,Vegetables,Tomato,15-11-2023,63.28,800,1300,1800
Andhra Pradesh,Chittor,Palamaner APMC,Vegetables,Cabbage,16-11-2023,3.21,600,700,800
Andhra Pradesh,Chittor,Palamaner APMC,Vegetables,Potato,16-11-2023,0.94,1000,1500,2000
Andhra Pradesh,Chittor,Palamaner APMC,Vegetables,Tomato,16-11-2023,54.33,800,1300,1800
Andhra Pradesh,Chittor,Palamaner APMC,Vegetables,Cabbage,17-11-2023,5.79,600,700,800
Andhra Pradesh,Chittor,Palamaner APMC,Vegetables,Potato,17-11-2023,0.3,1000,1500,2000
Andhra Pradesh,Chittor,Palamaner APMC,Vegetables,Tomato,17-11-2023,51.49,800,1500,2100
Andhra Pradesh,Chittor,Palamaner APMC,Vegetables,Cabbage,18-11-2023,4.11,600,700,800
Andhra Pradesh,Chittor,Palamaner APMC,Vegetables,Potato,18-11-2023,0.64,1000,1500,2000
Andhra Pradesh,Chittor,Palamaner APMC,Vegetables,Tomato,18-11-2023,50.53,1200,2200,2700
Andhra Pradesh,Chittor,Palamaner APMC,Vegetables,Cabbage,21-11-2023,4.32,500,600,700
Andhra Pradesh,Chittor,Palamaner APMC,Vegetables,Potato,21-11-2023,0.72,1000,1500,2000
Andhra Pradesh,Chittor,Palamaner APMC,Vegetables,Tomato,21-11-2023,56.13,1200,2200,2700
Andhra Pradesh,Chittor,Palamaner APMC,Vegetables,Potato,22-11-2023,0.22,1000,1500,2000
Andhra Pradesh,Chittor,Palamaner APMC,Vegetables,Tomato,22-11-2023,50.5,1200,2200,2700
Andhra Pradesh,Chittor,Palamaner APMC,Vegetables,Cabbage,23-11-2023,6.53,500,600,700
Andhra Pradesh,Chittor,Palamaner APMC,Vegetables,Potato,23-11-2023,0.32,1000,1500,2000
Andhra Pradesh,Chittor,Palamaner APMC,Vegetables,Tomato,23-11-2023,47.34,1200,2300,2900
Andhra Pradesh,Chittor,Palamaner APMC,Vegetables,Cabbage,24-11-2023,3.03,500,600,700
Andhra Pradesh,Chittor,Palamaner APMC,Vegetables,Potato,24-11-2023,0.42,1000,1500,2000
Andhra Pradesh,Chittor,Palamaner APMC,Vegetables,Tomato,24-11-2023,49.77,1500,2300,3000
Andhra Pradesh,Chittor,Palamaner APMC,Vegetables,Cabbage,25-11-2023,2.55,500,600,700
Andhra Pradesh,Chittor,Palamaner APMC,Vegetables,Potato,25-11-2023,0.6,1000,1500,2000
Andhra Pradesh,Chittor,Palamaner APMC,Vegetables,Tomato,25-11-2023,51.24,1500,2300,3000
Andhra Pradesh,Chittor,Palamaner APMC,Vegetables,Cabbage,26-11-2023,1.8,500,600,700
Andhra Pradesh,Chittor,Palamaner APMC,Vegetables,Potato,26-11-2023,0.42,1000,1500,2000
Andhra Pradesh,Chittor,Palamaner APMC,Vegetables,Tomato,26-11-2023,47.16,1500,2000,2400
Andhra Pradesh,Chittor,Palamaner APMC,Vegetables,Cabbage,27-11-2023,5.79,500,600,700
Andhra Pradesh,Chittor,Palamaner APMC,Vegetables,Potato,27-11-2023,0.3,1000,1500,2000
Andhra Pradesh,Chittor,Palamaner APMC,Vegetables,Tomato,27-11-2023,52.84,1500,2300,2800
Andhra Pradesh,Chittor,Palamaner APMC,Vegetables,Cabbage,28-11-2023,3.48,500,600,700
Andhra Pradesh,Chittor,Palamaner APMC,Vegetables,Potato,28-11-2023,1.14,1000,1500,2000
Andhra Pradesh,Chittor,Palamaner APMC,Vegetables,Tomato,28-11-2023,4.1,1500,2300,2800
Andhra Pradesh,Chittor,Palamaner APMC,Vegetables,Cabbage,30-11-2023,3.45,500,600,700
Andhra Pradesh,Chittor,Palamaner APMC,Vegetables,Potato,30-11-2023,0.22,1000,1500,2000
Andhra Pradesh,Chittor,Palamaner APMC,Vegetables,Tomato,30-11-2023,59.23,1000,1500,2100
Andhra Pradesh,Chittor,Palamaner APMC,Vegetables,Potato,02-12-2023,0.46,1200,1600,2000
Andhra Pradesh,Chittor,Palamaner APMC,Vegetables,Tomato,02-12-2023,55.77,1200,2200,2700
Andhra Pradesh,Chittor,Palamaner APMC,Vegetables,Cabbage,04-12-2023,2.82,500,600,700
Andhra Pradesh,Chittor,Palamaner APMC,Vegetables,Potato,04-12-2023,0.46,1200,1600,2000
Andhra Pradesh,Chittor,Palamaner APMC,Vegetables,Tomato,04-12-2023,51.57,1200,2000,2500
Andhra Pradesh,Chittor,Palamaner APMC,Vegetables,Cabbage,05-12-2023,3.96,500,650,800
Andhra Pradesh,Chittor,Palamaner APMC,Vegetables,Potato,05-12-2023,0.28,1200,1600,2000
Andhra Pradesh,Chittor,Palamaner APMC,Vegetables,Tomato,05-12-2023,60,1200,2000,2500
Andhra Pradesh,Chittor,Palamaner APMC,Vegetables,Potato,09-12-2023,0.48,1200,1600,2000
Andhra Pradesh,Chittor,Palamaner APMC,Vegetables,Tomato,09-12-2023,67.03,1000,1600,2100
Andhra Pradesh,Chittor,Palamaner APMC,Vegetables,Cabbage,10-12-2023,1.68,500,600,700
Andhra Pradesh,Chittor,Palamaner APMC,Vegetables,Potato,10-12-2023,0.6,1200,1600,2000
Andhra Pradesh,Chittor,Palamaner APMC,Vegetables,Tomato,10-12-2023,61.45,1000,1600,2100
Andhra Pradesh,Chittor,Palamaner APMC,Vegetables,Cabbage,11-12-2023,6.87,600,800,1000
Andhra Pradesh,Chittor,Palamaner APMC,Vegetables,Potato,11-12-2023,0.5,1200,1600,2000
Andhra Pradesh,Chittor,Palamaner APMC,Vegetables,Tomato,11-12-2023,51.15,1000,1700,2200
Andhra Pradesh,Chittor,Palamaner APMC,Vegetables,Cabbage,12-12-2023,5.91,600,800,1000
Andhra Pradesh,Chittor,Palamaner APMC,Vegetables,Potato,12-12-2023,0.28,1200,1600,2000
Andhra Pradesh,Chittor,Palamaner APMC,Vegetables,Tomato,12-12-2023,72.21,800,1400,1800
Andhra Pradesh,Chittor,Palamaner APMC,Vegetables,Cabbage,13-12-2023,2.34,600,800,1000
Andhra Pradesh,Chittor,Palamaner APMC,Vegetables,Potato,13-12-2023,0.48,1200,1600,2000
Andhra Pradesh,Chittor,Palamaner APMC,Vegetables,Tomato,13-12-2023,69.09,700,1100,1500
Andhra Pradesh,Chittor,Palamaner APMC,Vegetables,Cabbage,14-12-2023,2.85,600,800,1000
Andhra Pradesh,Chittor,Palamaner APMC,Vegetables,Potato,14-12-2023,0.3,1200,1600,2000
Andhra Pradesh,Chittor,Palamaner APMC,Vegetables,Tomato,14-12-2023,72.6,700,1100,1500
Andhra Pradesh,Chittor,Palamaner APMC,Vegetables,Cabbage,15-12-2023,2.85,600,800,1000
Andhra Pradesh,Chittor,Palamaner APMC,Vegetables,Potato,15-12-2023,0.3,1200,1600,2000
Andhra Pradesh,Chittor,Palamaner APMC,Vegetables,Tomato,15-12-2023,72.6,700,1100,1500
Andhra Pradesh,Chittor,Palamaner APMC,Vegetables,Cabbage,16-12-2023,9.15,600,800,1000
Andhra Pradesh,Chittor,Palamaner APMC,Vegetables,Potato,16-12-2023,0.32,1200,1600,2000
Andhra Pradesh,Chittor,Palamaner APMC,Vegetables,Tomato,16-12-2023,74.59,700,1100,1500
Andhra Pradesh,Chittor,Palamaner APMC,Vegetables,Cabbage,17-12-2023,3.39,600,800,1000
Andhra Pradesh,Chittor,Palamaner APMC,Vegetables,Potato,17-12-2023,0.46,1200,1600,2000
Andhra Pradesh,Chittor,Palamaner APMC,Vegetables,Tomato,17-12-2023,51.57,700,1100,1500
Andhra Pradesh,Chittor,Palamaner APMC,Vegetables,Cabbage,18-12-2023,3.9,600,800,1000
Andhra Pradesh,Chittor,Palamaner APMC,Vegetables,Potato,18-12-2023,0.48,1200,1600,2000
Andhra Pradesh,Chittor,Palamaner APMC,Vegetables,Tomato,18-12-2023,70.45,800,1400,1900
Andhra Pradesh,Chittor,Palamaner APMC,Vegetables,Cabbage,19-12-2023,3.24,600,800,1000
Andhra Pradesh,Chittor,Palamaner APMC,Vegetables,Potato,19-12-2023,0.4,1200,1600,2000
Andhra Pradesh,Chittor,Palamaner APMC,Vegetables,Tomato,19-12-2023,61.74,800,1300,1800
Andhra Pradesh,Chittor,Palamaner APMC,Vegetables,Cabbage,20-12-2023,6.03,600,900,1200
Andhra Pradesh,Chittor,Palamaner APMC,Vegetables,Potato,20-12-2023,0.54,1200,1600,2000
Andhra Pradesh,Chittor,Palamaner APMC,Vegetables,Tomato,20-12-2023,70.92,900,1500,2000
Andhra Pradesh,Chittor,Palamaner APMC,Vegetables,Cabbage,21-12-2023,6.33,600,900,1200
Andhra Pradesh,Chittor,Palamaner APMC,Vegetables,Potato,21-12-2023,0.72,1200,1600,2000
Andhra Pradesh,Chittor,Palamaner APMC,Vegetables,Tomato,21-12-2023,60.33,700,1200,1700
Andhra Pradesh,Chittor,Palamaner APMC,Vegetables,Cabbage,22-12-2023,3.9,600,900,1200
Andhra Pradesh,Chittor,Palamaner APMC,Vegetables,Potato,22-12-2023,0.28,1200,1600,2000
Andhra Pradesh,Chittor,Palamaner APMC,Vegetables,Tomato,22-12-2023,64.59,700,1200,1700
Andhra Pradesh,Chittor,Palamaner APMC,Vegetables,Cabbage,26-12-2023,2.67,600,800,1000
Andhra Pradesh,Chittor,Palamaner APMC,Vegetables,Potato,26-12-2023,0.62,1200,1600,2000
Andhra Pradesh,Chittor,Palamaner APMC,Vegetables,Tomato,26-12-2023,66.39,800,1400,1800
Andhra Pradesh,Chittor,Palamaner APMC,Vegetables,Cabbage,27-12-2023,5.64,600,800,1000
Andhra Pradesh,Chittor,Palamaner APMC,Vegetables,Potato,27-12-2023,0.32,1200,1600,2000
Andhra Pradesh,Chittor,Palamaner APMC,Vegetables,Tomato,27-12-2023,55.81,1000,1500,2000
Andhra Pradesh,Chittor,Palamaner APMC,Vegetables,Cabbage,28-12-2023,7.56,600,800,1000
Andhra Pradesh,Chittor,Palamaner APMC,Vegetables,Potato,28-12-2023,0.36,1200,1600,2000
Andhra Pradesh,Chittor,Palamaner APMC,Vegetables,Tomato,28-12-2023,51.73,1000,1500,2000
Andhra Pradesh,Chittor,Palamaner APMC,Vegetables,Cabbage,29-12-2023,5.85,600,800,1000
Andhra Pradesh,Chittor,Palamaner APMC,Vegetables,Potato,29-12-2023,0.7,1500,2000,2500
Andhra Pradesh,Chittor,Palamaner APMC,Vegetables,Tomato,29-12-2023,46.02,1000,1800,2300
Andhra Pradesh,Chittor,Palamaner APMC,Vegetables,Cabbage,30-12-2023,5.49,600,800,1000
Andhra Pradesh,Chittor,Palamaner APMC,Vegetables,Potato,30-12-2023,0.96,1500,2000,2500
Andhra Pradesh,Chittor,Palamaner APMC,Vegetables,Tomato,30-12-2023,54.73,1000,1500,2200
Andhra Pradesh,Chittor,Palamaner APMC,Vegetables,Potato,01-01-2024,0.8,1500,2000,2500
Andhra Pradesh,Chittor,Palamaner APMC,Vegetables,Tomato,01-01-2024,53.45,1200,2200,2800
Andhra Pradesh,Chittor,Palamaner APMC,Vegetables,Cabbage,01-02-2024,3.63,600,1000,1500
Andhra Pradesh,Chittor,Palamaner APMC,Vegetables,Potato,01-02-2024,1.1,1000,1500,2000
Andhra Pradesh,Chittor,Palamaner APMC,Vegetables,Tomato,01-02-2024,55.98,1000,1600,2200
Andhra Pradesh,Chittor,Palamaner APMC,Vegetables,Cabbage,02-02-2024,4.2,600,1000,1500
Andhra Pradesh,Chittor,Palamaner APMC,Vegetables,Potato,02-02-2024,1.16,1000,1500,2000
Andhra Pradesh,Chittor,Palamaner APMC,Vegetables,Tomato,02-02-2024,58.84,1200,1700,2300
Andhra Pradesh,Chittor,Palamaner APMC,Vegetables,Cabbage,03-02-2024,4.65,600,1000,1500
Andhra Pradesh,Chittor,Palamaner APMC,Vegetables,Potato,03-02-2024,0.82,1000,1500,2000
Andhra Pradesh,Chittor,Palamaner APMC,Vegetables,Tomato,03-02-2024,81,1200,1800,2400
Andhra Pradesh,Chittor,Palamaner APMC,Vegetables,Cabbage,04-02-2024,5.46,600,1000,1500
Andhra Pradesh,Chittor,Palamaner APMC,Vegetables,Potato,04-02-2024,0.88,1000,1500,2000
Andhra Pradesh,Chittor,Palamaner APMC,Vegetables,Tomato,04-02-2024,67.44,1500,2200,2700
Andhra Pradesh,Chittor,Palamaner APMC,Vegetables,Cabbage,06-02-2024,5.46,600,1000,1500
Andhra Pradesh,Chittor,Palamaner APMC,Vegetables,Potato,06-02-2024,0.44,1000,1500,2000
Andhra Pradesh,Chittor,Palamaner APMC,Vegetables,Tomato,06-02-2024,70.59,1500,2200,2800
Andhra Pradesh,Chittor,Palamaner APMC,Vegetables,Cabbage,07-02-2024,4.65,700,900,1100
Andhra Pradesh,Chittor,Palamaner APMC,Vegetables,Potato,07-02-2024,0.84,1500,2000,2500
Andhra Pradesh,Chittor,Palamaner APMC,Vegetables,Tomato,07-02-2024,74.59,1200,1800,2400
Andhra Pradesh,Chittor,Palamaner APMC,Vegetables,Cabbage,08-02-2024,5.13,700,900,1100
Andhra Pradesh,Chittor,Palamaner APMC,Vegetables,Potato,08-02-2024,0.42,1500,2000,2500
Andhra Pradesh,Chittor,Palamaner APMC,Vegetables,Tomato,08-02-2024,76.84,1200,1800,2400
Andhra Pradesh,Chittor,Palamaner APMC,Vegetables,Beetroot,11-02-2024,49.77,1000,1500,2000
Andhra Pradesh,Chittor,Palamaner APMC,Vegetables,Cabbage,11-02-2024,7.32,700,900,1100
Andhra Pradesh,Chittor,Palamaner APMC,Vegetables,Potato,11-02-2024,0.44,1500,2000,2500
Andhra Pradesh,Chittor,Palamaner APMC,Vegetables,Cabbage,17-02-2024,2.22,900,1200,1500
Andhra Pradesh,Chittor,Palamaner APMC,Vegetables,Potato,17-02-2024,0.78,1500,2000,2500
Andhra Pradesh,Chittor,Palamaner APMC,Vegetables,Tomato,17-02-2024,67.27,900,1200,1500
Andhra Pradesh,Chittor,Palamaner APMC,Vegetables,Cabbage,18-02-2024,3.06,900,1200,1500
Andhra Pradesh,Chittor,Palamaner APMC,Vegetables,Potato,18-02-2024,0.62,1500,2000,2500
Andhra Pradesh,Chittor,Palamaner APMC,Vegetables,Tomato,18-02-2024,61.33,900,1200,1500
Andhra Pradesh,Chittor,Palamaner APMC,Vegetables,Cabbage,19-02-2024,3.54,900,1200,1500
Andhra Pradesh,Chittor,Palamaner APMC,Vegetables,Potato,19-02-2024,0.44,1500,2000,2500
Andhra Pradesh,Chittor,Palamaner APMC,Vegetables,Tomato,19-02-2024,59.2,900,1300,1700
Andhra Pradesh,Chittor,Palamaner APMC,Vegetables,Cabbage,21-02-2024,4.02,1000,1500,2000
Andhra Pradesh,Chittor,Palamaner APMC,Vegetables,Potato,21-02-2024,1.5,1500,2000,2500
Andhra Pradesh,Chittor,Palamaner APMC,Vegetables,Tomato,21-02-2024,66.03,800,1400,1800
Andhra Pradesh,Chittor,Palamaner APMC,Vegetables,Cabbage,22-02-2024,4.92,1000,1500,2000
Andhra Pradesh,Chittor,Palamaner APMC,Vegetables,Potato,22-02-2024,1.84,1500,2000,2500
Andhra Pradesh,Chittor,Palamaner APMC,Vegetables,Tomato,22-02-2024,58.83,800,1300,1800
Andhra Pradesh,Chittor,Palamaner APMC,Vegetables,Cabbage,23-02-2024,3.63,2000,2500,3000
Andhra Pradesh,Chittor,Palamaner APMC,Vegetables,Potato,23-02-2024,0.5,1000,1500,2000
Andhra Pradesh,Chittor,Palamaner APMC,Vegetables,Tomato,23-02-2024,55.09,600,1000,1400
Andhra Pradesh,Chittor,Palamaner APMC,Vegetables,Cabbage,24-02-2024,4.44,2000,2500,3000
Andhra Pradesh,Chittor,Palamaner APMC,Vegetables,Potato,24-02-2024,0.6,1000,1500,2000
Andhra Pradesh,Chittor,Palamaner APMC,Vegetables,Tomato,24-02-2024,55.05,600,1000,1400
Andhra Pradesh,Chittor,Palamaner APMC,Vegetables,Cabbage,26-02-2024,11.43,2000,2500,3000
Andhra Pradesh,Chittor,Palamaner APMC,Vegetables,Potato,26-02-2024,1.12,1000,1500,2000
Andhra Pradesh,Chittor,Palamaner APMC,Vegetables,Tomato,26-02-2024,56.79,600,1000,1500
Andhra Pradesh,Chittor,Palamaner APMC,Vegetables,Cabbage,27-02-2024,4.56,2000,2500,3000
Andhra Pradesh,Chittor,Palamaner APMC,Vegetables,Potato,27-02-2024,0.6,1500,2000,2500
Andhra Pradesh,Chittor,Palamaner APMC,Vegetables,Tomato,27-02-2024,58.44,600,1000,1400
Andhra Pradesh,Chittor,Palamaner APMC,Vegetables,Cabbage,28-02-2024,2.4,2000,2500,3000
Andhra Pradesh,Chittor,Palamaner APMC,Vegetables,Potato,28-02-2024,1.74,1500,2000,2500
Andhra Pradesh,Chittor,Palamaner APMC,Vegetables,Tomato,28-02-2024,65.35,700,900,1100
Andhra Pradesh,Chittor,Palamaner APMC,Vegetables,Cabbage,01-03-2024,6.03,2000,2500,3000
Andhra Pradesh,Chittor,Palamaner APMC,Vegetables,Potato,01-03-2024,1.86,1500,2000,2500
Andhra Pradesh,Chittor,Palamaner APMC,Vegetables,Tomato,01-03-2024,55.92,700,900,1100
Andhra Pradesh,Chittor,Palamaner APMC,Vegetables,Cabbage,02-03-2024,7.71,2000,2500,3000
Andhra Pradesh,Chittor,Palamaner APMC,Vegetables,Potato,02-03-2024,0.8,1500,2000,2500
Andhra Pradesh,Chittor,Palamaner APMC,Vegetables,Tomato,02-03-2024,59.37,700,900,1100
Andhra Pradesh,Chittor,Palamaner APMC,Vegetables,Cabbage,05-03-2024,10.29,1000,1500,2000
Andhra Pradesh,Chittor,Palamaner APMC,Vegetables,Potato,05-03-2024,0.6,1800,2300,2800
Andhra Pradesh,Chittor,Palamaner APMC,Vegetables,Tomato,05-03-2024,50.17,800,1400,1800
Andhra Pradesh,Chittor,Palamaner APMC,Vegetables,Cabbage,06-03-2024,3.81,1000,1500,2000
Andhra Pradesh,Chittor,Palamaner APMC,Vegetables,Potato,06-03-2024,0.42,1800,2300,2800
Andhra Pradesh,Chittor,Palamaner APMC,Vegetables,Tomato,06-03-2024,69.51,800,1300,1700
Andhra Pradesh,Chittor,Palamaner APMC,Vegetables,Cabbage,07-03-2024,2.34,1000,1500,2000
Andhra Pradesh,Chittor,Palamaner APMC,Vegetables,Potato,07-03-2024,0.86,1800,2300,2800
Andhra Pradesh,Chittor,Palamaner APMC,Vegetables,Tomato,07-03-2024,68.92,800,1300,1700
Andhra Pradesh,Chittor,Palamaner APMC,Vegetables,Cabbage,10-03-2024,2.19,1500,2000,2500
Andhra Pradesh,Chittor,Palamaner APMC,Vegetables,Potato,10-03-2024,0.73,1500,2000,2500
Andhra Pradesh,Chittor,Palamaner APMC,Vegetables,Tomato,10-03-2024,56.32,1000,1700,2400
Andhra Pradesh,Chittor,Palamaner APMC,Vegetables,Cabbage,11-03-2024,13.23,900,1200,1700
Andhra Pradesh,Chittor,Palamaner APMC,Vegetables,Potato,11-03-2024,0.56,1500,2000,2500
Andhra Pradesh,Chittor,Palamaner APMC,Vegetables,Tomato,11-03-2024,58.73,800,1300,1700
Andhra Pradesh,Chittor,Palamaner APMC,Vegetables,Cabbage,12-03-2024,2.46,900,1200,1700
Andhra Pradesh,Chittor,Palamaner APMC,Vegetables,Potato,12-03-2024,0.9,1500,2000,2500
Andhra Pradesh,Chittor,Palamaner APMC,Vegetables,Tomato,12-03-2024,55.56,800,1300,1700
Andhra Pradesh,Chittor,Palamaner APMC,Vegetables,Cabbage,13-03-2024,4.71,900,1200,1700
Andhra Pradesh,Chittor,Palamaner APMC,Vegetables,Potato,13-03-2024,0.42,1500,2000,2500
Andhra Pradesh,Chittor,Palamaner APMC,Vegetables,Tomato,13-03-2024,56.92,1070,1300,1700
Andhra Pradesh,Chittor,Palamaner APMC,Vegetables,Cabbage,14-03-2024,4.2,900,1200,1700
Andhra Pradesh,Chittor,Palamaner APMC,Vegetables,Potato,14-03-2024,0.64,1500,2000,2500
Andhra Pradesh,Chittor,Palamaner APMC,Vegetables,Tomato,14-03-2024,55.83,1000,1500,1900
Andhra Pradesh,Chittor,Palamaner APMC,Vegetables,Cabbage,15-03-2024,4.2,900,1200,1700
Andhra Pradesh,Chittor,Palamaner APMC,Vegetables,Potato,15-03-2024,0.9,1500,2000,2500
Andhra Pradesh,Chittor,Palamaner APMC,Vegetables,Tomato,15-03-2024,56.25,1000,1500,1900
Andhra Pradesh,Chittor,Palamaner APMC,Vegetables,Cabbage,16-03-2024,5.67,900,1200,1700
Andhra Pradesh,Chittor,Palamaner APMC,Vegetables,Potato,16-03-2024,0.78,1500,2000,2500
Andhra Pradesh,Chittor,Palamaner APMC,Vegetables,Tomato,16-03-2024,21.15,1300,1700,1900
Andhra Pradesh,Chittor,Palamaner APMC,Vegetables,Cabbage,17-03-2024,4.35,900,1200,1700
Andhra Pradesh,Chittor,Palamaner APMC,Vegetables,Potato,17-03-2024,1.34,1500,2000,2500
Andhra Pradesh,Chittor,Palamaner APMC,Vegetables,Tomato,17-03-2024,29.64,1400,1700,1900
Andhra Pradesh,Chittor,Palamaner APMC,Vegetables,Cabbage,18-03-2024,3.57,900,1200,1700
Andhra Pradesh,Chittor,Palamaner APMC,Vegetables,Potato,18-03-2024,0.82,1500,2000,2500
Andhra Pradesh,Chittor,Palamaner APMC,Vegetables,Tomato,18-03-2024,22.36,1600,1800,2000
Andhra Pradesh,Chittor,Palamaner APMC,Vegetables,Cabbage,20-03-2024,5.94,900,1200,1700
Andhra Pradesh,Chittor,Palamaner APMC,Vegetables,Potato,20-03-2024,0.3,1500,2000,3000
Andhra Pradesh,Chittor,Palamaner APMC,Vegetables,Tomato,20-03-2024,30.63,1200,1600,1900
Andhra Pradesh,Chittor,Palamaner APMC,Vegetables,Cabbage,21-03-2024,7.62,900,1200,1700
Andhra Pradesh,Chittor,Palamaner APMC,Vegetables,Potato,21-03-2024,0.72,1500,2000,3000
Andhra Pradesh,Chittor,Palamaner APMC,Vegetables,Tomato,21-03-2024,28.32,1100,1300,1500
Andhra Pradesh,Chittor,Palamaner APMC,Vegetables,Cabbage,22-03-2024,10.32,900,1200,1700
Andhra Pradesh,Chittor,Palamaner APMC,Vegetables,Potato,22-03-2024,0.66,1500,2000,2500
Andhra Pradesh,Chittor,Palamaner APMC,Vegetables,Tomato,22-03-2024,26.5,1100,1300,1500
Andhra Pradesh,Chittor,Palamaner APMC,Vegetables,Cabbage,23-03-2024,5.91,900,1200,1700
Andhra Pradesh,Chittor,Palamaner APMC,Vegetables,Potato,23-03-2024,0.6,1500,2000,2500
Andhra Pradesh,Chittor,Palamaner APMC,Vegetables,Tomato,23-03-2024,21.25,1400,1600,1800
Andhra Pradesh,Chittor,Palamaner APMC,Vegetables,Cabbage,27-03-2024,3.63,600,800,1000
Andhra Pradesh,Chittor,Palamaner APMC,Vegetables,Potato,27-03-2024,0.62,1000,1500,2000
Andhra Pradesh,Chittor,Palamaner APMC,Vegetables,Tomato,27-03-2024,27.6,1400,1600,1800
Andhra Pradesh,Chittor,Palamaner APMC,Vegetables,Cabbage,28-03-2024,5.94,600,800,1000
Andhra Pradesh,Chittor,Palamaner APMC,Vegetables,Potato,28-03-2024,1.02,1000,1500,2000
Andhra Pradesh,Chittor,Palamaner APMC,Vegetables,Tomato,28-03-2024,31.14,1200,1500,1700
Andhra Pradesh,Chittor,Palamaner APMC,Vegetables,Cabbage,29-03-2024,5.85,900,1200,1500
Andhra Pradesh,Chittor,Palamaner APMC,Vegetables,Potato,29-03-2024,0.92,1000,1500,2000
Andhra Pradesh,Chittor,Palamaner APMC,Vegetables,Tomato,29-03-2024,27.15,1400,1600,1800
Andhra Pradesh,Chittor,Palamaner APMC,Vegetables,Cabbage,30-03-2024,6.33,900,1200,1500
Andhra Pradesh,Chittor,Palamaner APMC,Vegetables,Potato,30-03-2024,0.48,1000,1500,2000
Andhra Pradesh,Chittor,Palamaner APMC,Vegetables,Tomato,30-03-2024,25.9,1500,1700,1900
Andhra Pradesh,Chittor,Palamaner APMC,Vegetables,Cabbage,06-04-2024,3.09,900,1200,1500
Andhra Pradesh,Chittor,Palamaner APMC,Vegetables,Tomato,06-04-2024,32.83,2000,2200,2400
Andhra Pradesh,Chittor,Palamaner APMC,Vegetables,Cabbage,01-05-2024,6.9,1200,1600,2000
Andhra Pradesh,Chittor,Palamaner APMC,Vegetables,Potato,01-05-2024,0.5,1800,2400,3000
Andhra Pradesh,Chittor,Palamaner APMC,Vegetables,Tomato,01-05-2024,93.46,1400,1600,1800
Andhra Pradesh,Chittor,Palamaner APMC,Vegetables,Cabbage,02-05-2024,3.69,1200,1600,2000
Andhra Pradesh,Chittor,Palamaner APMC,Vegetables,Potato,02-05-2024,1.12,1800,2400,3000
Andhra Pradesh,Chittor,Palamaner APMC,Vegetables,Tomato,02-05-2024,96.63,1200,1400,1600
Andhra Pradesh,Chittor,Palamaner APMC,Vegetables,Cabbage,03-05-2024,6.15,1200,1600,2000
Andhra Pradesh,Chittor,Palamaner APMC,Vegetables,Potato,03-05-2024,0.48,1800,2400,3000
Andhra Pradesh,Chittor,Palamaner APMC,Vegetables,Tomato,03-05-2024,122.97,1200,1500,1700
Andhra Pradesh,Chittor,Palamaner APMC,Vegetables,Cabbage,04-05-2024,6.87,1200,1600,2000
Andhra Pradesh,Chittor,Palamaner APMC,Vegetables,Potato,04-05-2024,0.76,1800,2400,3000
Andhra Pradesh,Chittor,Palamaner APMC,Vegetables,Tomato,04-05-2024,152.59,1100,1300,1500
Andhra Pradesh,Chittor,Palamaner APMC,Vegetables,Cabbage,05-05-2024,4.2,1200,1600,2000
Andhra Pradesh,Chittor,Palamaner APMC,Vegetables,Potato,05-05-2024,1.46,1800,2400,3000
Andhra Pradesh,Chittor,Palamaner APMC,Vegetables,Tomato,05-05-2024,133.8,1200,1400,1600
Andhra Pradesh,Chittor,Palamaner APMC,Vegetables,Cabbage,07-05-2024,6.54,1200,1600,2000
Andhra Pradesh,Chittor,Palamaner APMC,Vegetables,Potato,07-05-2024,0.5,1800,2400,3000
Andhra Pradesh,Chittor,Palamaner APMC,Vegetables,Tomato,07-05-2024,162.69,1200,1400,1600
Andhra Pradesh,Chittor,Palamaner APMC,Vegetables,Cabbage,08-05-2024,6.54,1200,1600,2000
Andhra Pradesh,Chittor,Palamaner APMC,Vegetables,Potato,08-05-2024,1.18,1800,2400,3000
Andhra Pradesh,Chittor,Palamaner APMC,Vegetables,Tomato,08-05-2024,154.29,1200,1400,1600
Andhra Pradesh,Chittor,Palamaner APMC,Vegetables,Cabbage,09-05-2024,7.05,1200,1600,2000
Andhra Pradesh,Chittor,Palamaner APMC,Vegetables,Potato,09-05-2024,1.54,1800,2400,3000
Andhra Pradesh,Chittor,Palamaner APMC,Vegetables,Tomato,09-05-2024,152.97,1500,1700,1900
Andhra Pradesh,Chittor,Palamaner APMC,Vegetables,Cabbage,10-05-2024,6.36,1200,1600,2000
Andhra Pradesh,Chittor,Palamaner APMC,Vegetables,Potato,10-05-2024,0.5,1800,2400,3000
Andhra Pradesh,Chittor,Palamaner APMC,Vegetables,Tomato,10-05-2024,164.4,1300,1500,1700
Andhra Pradesh,Chittor,Palamaner APMC,Vegetables,Cabbage,13-05-2024,3.36,1200,1600,2000
Andhra Pradesh,Chittor,Palamaner APMC,Vegetables,Potato,13-05-2024,0.8,1800,2400,3000
Andhra Pradesh,Chittor,Palamaner APMC,Vegetables,Tomato,13-05-2024,144.45,1200,1500,1700
Andhra Pradesh,Chittor,Palamaner APMC,Vegetables,Cabbage,14-05-2024,5.04,1200,1600,2000
Andhra Pradesh,Chittor,Palamaner APMC,Vegetables,Potato,14-05-2024,0.52,1500,2000,2500
Andhra Pradesh,Chittor,Palamaner APMC,Vegetables,Tomato,14-05-2024,191.28,1400,1600,1800
Andhra Pradesh,Chittor,Palamaner APMC,Vegetables,Cabbage,15-05-2024,4.23,1200,1600,2000
Andhra Pradesh,Chittor,Palamaner APMC,Vegetables,Potato,15-05-2024,1.1,1800,2400,3000
Andhra Pradesh,Chittor,Palamaner APMC,Vegetables,Tomato,15-05-2024,169.11,1400,1650,1850
Andhra Pradesh,Chittor,Palamaner APMC,Vegetables,Cabbage,16-05-2024,3.48,1200,1600,2000
Andhra Pradesh,Chittor,Palamaner APMC,Vegetables,Potato,16-05-2024,1,1800,2400,3000
Andhra Pradesh,Chittor,Palamaner APMC,Vegetables,Tomato,16-05-2024,182.28,1300,1500,1700
Andhra Pradesh,Chittor,Palamaner APMC,Vegetables,Cabbage,17-05-2024,7.29,1200,1600,2000
Andhra Pradesh,Chittor,Palamaner APMC,Vegetables,Potato,17-05-2024,0.9,1800,2400,3000
Andhra Pradesh,Chittor,Palamaner APMC,Vegetables,Tomato,17-05-2024,151.48,1200,1400,1600
Andhra Pradesh,Chittor,Palamaner APMC,Vegetables,Cabbage,18-05-2024,5.16,1200,1600,2000
Andhra Pradesh,Chittor,Palamaner APMC,Vegetables,Potato,18-05-2024,0.38,1800,2400,3000
Andhra Pradesh,Chittor,Palamaner APMC,Vegetables,Tomato,18-05-2024,161.65,2100,2300,2500
Andhra Pradesh,Chittor,Palamaner APMC,Vegetables,Cabbage,19-05-2024,3.87,1200,1600,2000
Andhra Pradesh,Chittor,Palamaner APMC,Vegetables,Potato,19-05-2024,1.62,1800,2400,3000
Andhra Pradesh,Chittor,Palamaner APMC,Vegetables,Tomato,19-05-2024,159.37,2600,2800,3000
Andhra Pradesh,Chittor,Palamaner APMC,Vegetables,Cabbage,20-05-2024,0.78,1200,1600,2000
Andhra Pradesh,Chittor,Palamaner APMC,Vegetables,Potato,20-05-2024,1.48,1800,2400,3000
Andhra Pradesh,Chittor,Palamaner APMC,Vegetables,Tomato,20-05-2024,142.23,2400,2600,2800
Andhra Pradesh,Chittor,Palamaner APMC,Vegetables,Cabbage,21-05-2024,9.18,1200,1600,2000
Andhra Pradesh,Chittor,Palamaner APMC,Vegetables,Potato,21-05-2024,0.92,1800,2400,3000
Andhra Pradesh,Chittor,Palamaner APMC,Vegetables,Tomato,21-05-2024,154.3,2600,2800,3000
Andhra Pradesh,Chittor,Palamaner APMC,Vegetables,Cabbage,22-05-2024,7.05,1200,1600,2000
Andhra Pradesh,Chittor,Palamaner APMC,Vegetables,Potato,22-05-2024,0.68,1800,2400,3000
Andhra Pradesh,Chittor,Palamaner APMC,Vegetables,Tomato,22-05-2024,162.4,2600,2800,3100
Andhra Pradesh,Chittor,Palamaner APMC,Vegetables,Cabbage,23-05-2024,4.98,1200,1600,2000
Andhra Pradesh,Chittor,Palamaner APMC,Vegetables,Potato,23-05-2024,0.52,1800,2400,3000
Andhra Pradesh,Chittor,Palamaner APMC,Vegetables,Tomato,23-05-2024,171.82,3300,3500,3800
Andhra Pradesh,Chittor,Palamaner APMC,Vegetables,Cabbage,26-05-2024,9.15,1200,1600,2000
Andhra Pradesh,Chittor,Palamaner APMC,Vegetables,Potato,26-05-2024,0.74,1800,2400,3000
Andhra Pradesh,Chittor,Palamaner APMC,Vegetables,Tomato,26-05-2024,240.91,3500,3700,4000
Andhra Pradesh,Chittor,Palamaner APMC,Vegetables,Cabbage,27-05-2024,10.65,1300,1700,2000
Andhra Pradesh,Chittor,Palamaner APMC,Vegetables,Potato,27-05-2024,0.96,1000,1500,2500
Andhra Pradesh,Chittor,Palamaner APMC,Vegetables,Tomato,27-05-2024,246,3000,3300,3600
Andhra Pradesh,Chittor,Palamaner APMC,Vegetables,Cabbage,28-05-2024,5.85,1300,1700,2000
Andhra Pradesh,Chittor,Palamaner APMC,Vegetables,Potato,28-05-2024,0.6,1000,1500,2500
Andhra Pradesh,Chittor,Palamaner APMC,Vegetables,Tomato,28-05-2024,280.93,2700,2900,3050
Andhra Pradesh,Chittor,Palamaner APMC,Vegetables,Cabbage,29-05-2024,6.57,1500,1800,2000
Andhra Pradesh,Chittor,Palamaner APMC,Vegetables,Potato,29-05-2024,0.74,2000,2500,3000
Andhra Pradesh,Chittor,Palamaner APMC,Vegetables,Tomato,29-05-2024,301.35,2200,2400,2600
Andhra Pradesh,Chittor,Palamaner APMC,Vegetables,Cabbage,30-05-2024,6.6,1500,1800,2000
Andhra Pradesh,Chittor,Palamaner APMC,Vegetables,Potato,30-05-2024,0.84,2000,2500,3000
Andhra Pradesh,Chittor,Palamaner APMC,Vegetables,Tomato,30-05-2024,278.38,2200,2400,2600
Andhra Pradesh,Chittor,Palamaner APMC,Vegetables,Cabbage,01-06-2024,7.2,1500,1800,2000
Andhra Pradesh,Chittor,Palamaner APMC,Vegetables,Potato,01-06-2024,1.02,2000,2500,3000
Andhra Pradesh,Chittor,Palamaner APMC,Vegetables,Tomato,01-06-2024,292.79,2200,2400,2600
Andhra Pradesh,Chittor,Palamaner APMC,Vegetables,Cabbage,03-06-2024,1.86,1200,1600,2000
Andhra Pradesh,Chittor,Palamaner APMC,Vegetables,Potato,03-06-2024,1.16,2000,2500,3000
Andhra Pradesh,Chittor,Palamaner APMC,Vegetables,Tomato,03-06-2024,224.74,3200,3500,3800
Andhra Pradesh,Chittor,Palamaner APMC,Vegetables,Cabbage,04-06-2024,5.88,1200,1600,2000
Andhra Pradesh,Chittor,Palamaner APMC,Vegetables,Potato,04-06-2024,0.36,2000,2500,3000
Andhra Pradesh,Chittor,Palamaner APMC,Vegetables,Tomato,04-06-2024,132.49,4800,5100,5300
Andhra Pradesh,Chittor,Palamaner APMC,Vegetables,Cabbage,05-06-2024,5.88,1200,1600,2000
Andhra Pradesh,Chittor,Palamaner APMC,Vegetables,Potato,05-06-2024,0.36,2000,2500,3000
Andhra Pradesh,Chittor,Palamaner APMC,Vegetables,Tomato,05-06-2024,132.49,4800,5100,5300
Andhra Pradesh,Chittor,Palamaner APMC,Vegetables,Cabbage,06-06-2024,2.88,1200,1600,2000
Andhra Pradesh,Chittor,Palamaner APMC,Vegetables,Potato,06-06-2024,1.1,2000,2500,3000
Andhra Pradesh,Chittor,Palamaner APMC,Vegetables,Tomato,06-06-2024,158.05,3200,3400,3700
Andhra Pradesh,Chittor,Palamaner APMC,Vegetables,Cabbage,07-06-2024,6.33,1200,1600,2000
Andhra Pradesh,Chittor,Palamaner APMC,Vegetables,Tomato,07-06-2024,208.71,3350,3550,3750
Andhra Pradesh,Chittor,Palamaner APMC,Vegetables,Cabbage,11-06-2024,5.25,1200,1600,2000
Andhra Pradesh,Chittor,Palamaner APMC,Vegetables,Potato,11-06-2024,0.96,1500,2000,2500
Andhra Pradesh,Chittor,Palamaner APMC,Vegetables,Tomato,11-06-2024,182.34,4100,4300,4500
Andhra Pradesh,Chittor,Palamaner APMC,Vegetables,Beetroot,12-06-2024,182.34,4100,4300,4500
Andhra Pradesh,Chittor,Palamaner APMC,Vegetables,Cabbage,12-06-2024,7.77,1200,1600,2000
Andhra Pradesh,Chittor,Palamaner APMC,Vegetables,Potato,12-06-2024,0.34,1500,2000,2500
Andhra Pradesh,Chittor,Palamaner APMC,Vegetables,Tomato,12-06-2024,142.77,5200,5400,5600
Andhra Pradesh,Chittor,Palamaner APMC,Vegetables,Cabbage,13-06-2024,2.55,1500,1800,2200
Andhra Pradesh,Chittor,Palamaner APMC,Vegetables,Tomato,13-06-2024,162.34,4100,4300,4500
Andhra Pradesh,Chittor,Palamaner APMC,Vegetables,Cabbage,14-06-2024,3.75,1500,1800,2500
Andhra Pradesh,Chittor,Palamaner APMC,Vegetables,Potato,14-06-2024,0.68,2000,2500,3000
Andhra Pradesh,Chittor,Palamaner APMC,Vegetables,Tomato,14-06-2024,169.38,4100,4300,4500
Andhra Pradesh,Chittor,Palamaner APMC,Vegetables,Cabbage,15-06-2024,2.43,1500,1800,2500
Andhra Pradesh,Chittor,Palamaner APMC,Vegetables,Potato,15-06-2024,0.96,2000,2500,3000
Andhra Pradesh,Chittor,Palamaner APMC,Vegetables,Tomato,15-06-2024,170.23,4100,4300,4500
Andhra Pradesh,Chittor,Palamaner APMC,Vegetables,Cabbage,17-06-2024,5.34,1500,1800,2500
Andhra Pradesh,Chittor,Palamaner APMC,Vegetables,Potato,17-06-2024,0.9,2000,2500,3000
Andhra Pradesh,Chittor,Palamaner APMC,Vegetables,Tomato,17-06-2024,169.2,5100,5300,5500
Andhra Pradesh,Chittor,Palamaner APMC,Vegetables,Cabbage,18-06-2024,2.04,1500,1800,2500
Andhra Pradesh,Chittor,Palamaner APMC,Vegetables,Potato,18-06-2024,1.06,2000,2500,3000
Andhra Pradesh,Chittor,Palamaner APMC,Vegetables,Tomato,18-06-2024,160.95,5200,5600,6000
Andhra Pradesh,Chittor,Palamaner APMC,Vegetables,Cabbage,19-06-2024,6.87,1500,1800,2500
Andhra Pradesh,Chittor,Palamaner APMC,Vegetables,Potato,19-06-2024,0.76,2000,2500,3000
Andhra Pradesh,Chittor,Palamaner APMC,Vegetables,Tomato,19-06-2024,200.74,5400,5600,5800
Andhra Pradesh,Chittor,Palamaner APMC,Vegetables,Cabbage,21-06-2024,3.15,2000,2500,3000
Andhra Pradesh,Chittor,Palamaner APMC,Vegetables,Potato,21-06-2024,0.96,2500,3000,3500
Andhra Pradesh,Chittor,Palamaner APMC,Vegetables,Tomato,21-06-2024,225.43,5400,5700,6000
Andhra Pradesh,Chittor,Palamaner APMC,Vegetables,Cabbage,22-06-2024,2.94,1500,1800,2400
Andhra Pradesh,Chittor,Palamaner APMC,Vegetables,Potato,22-06-2024,1.3,2500,3000,3500
Andhra Pradesh,Chittor,Palamaner APMC,Vegetables,Tomato,22-06-2024,187.23,4900,5300,5660
Andhra Pradesh,Chittor,Palamaner APMC,Vegetables,Cabbage,23-06-2024,1.44,1500,1800,2400
Andhra Pradesh,Chittor,Palamaner APMC,Vegetables,Potato,23-06-2024,0.64,2500,3000,3500
Andhra Pradesh,Chittor,Palamaner APMC,Vegetables,Tomato,23-06-2024,186.64,4800,5100,5460
Andhra Pradesh,Chittor,Palamaner APMC,Vegetables,Cabbage,24-06-2024,3.21,1500,1800,2400
Andhra Pradesh,Chittor,Palamaner APMC,Vegetables,Potato,24-06-2024,1.2,2500,3000,3500
Andhra Pradesh,Chittor,Palamaner APMC,Vegetables,Tomato,24-06-2024,205.62,3800,4100,4460
Andhra Pradesh,Chittor,Palamaner APMC,Vegetables,Cabbage,27-06-2024,3.96,1500,1800,2400
Andhra Pradesh,Chittor,Palamaner APMC,Vegetables,Potato,27-06-2024,0.82,1500,2000,3000
Andhra Pradesh,Chittor,Palamaner APMC,Vegetables,Tomato,27-06-2024,209.5,2860,3000,3380
Andhra Pradesh,Chittor,Palamaner APMC,Vegetables,Cabbage,28-06-2024,8.13,1500,1800,2400
Andhra Pradesh,Chittor,Palamaner APMC,Vegetables,Potato,28-06-2024,0.9,1500,2000,3000
Andhra Pradesh,Chittor,Palamaner APMC,Vegetables,Tomato,28-06-2024,229.96,2700,2950,3200
Andhra Pradesh,Chittor,Palamaner APMC,Vegetables,Cabbage,29-06-2024,5.01,1500,1800,2400
Andhra Pradesh,Chittor,Palamaner APMC,Vegetables,Potato,29-06-2024,0.62,1500,2000,3000
Andhra Pradesh,Chittor,Palamaner APMC,Vegetables,Tomato,29-06-2024,200.15,3000,3300,3700
Andhra Pradesh,Chittor,Palamaner APMC,Vegetables,Cabbage,01-07-2024,4.65,1500,1800,2400
Andhra Pradesh,Chittor,Palamaner APMC,Vegetables,Potato,01-07-2024,1.1,1500,2000,3000
Andhra Pradesh,Chittor,Palamaner APMC,Vegetables,Tomato,01-07-2024,154.21,2700,2900,3200
Andhra Pradesh,Chittor,Palamaner APMC,Vegetables,Cabbage,02-07-2024,4.65,1500,1800,2400
Andhra Pradesh,Chittor,Palamaner APMC,Vegetables,Potato,02-07-2024,1.2,1500,2000,3000
Andhra Pradesh,Chittor,Palamaner APMC,Vegetables,Tomato,02-07-2024,227.05,2800,2900,3150
Andhra Pradesh,Chittor,Palamaner APMC,Vegetables,Cabbage,03-07-2024,4.5,1500,1800,2400
Andhra Pradesh,Chittor,Palamaner APMC,Vegetables,Potato,03-07-2024,1.2,1500,2000,3000
Andhra Pradesh,Chittor,Palamaner APMC,Vegetables,Tomato,03-07-2024,265.96,2500,2700,2900
Andhra Pradesh,Chittor,Palamaner APMC,Vegetables,Cabbage,04-07-2024,3.6,1500,1800,2400
Andhra Pradesh,Chittor,Palamaner APMC,Vegetables,Potato,04-07-2024,0.96,1500,2000,3000
Andhra Pradesh,Chittor,Palamaner APMC,Vegetables,Tomato,04-07-2024,254.34,2100,2300,2500
Andhra Pradesh,Chittor,Palamaner APMC,Vegetables,Cabbage,05-07-2024,4.5,1500,1800,2400
Andhra Pradesh,Chittor,Palamaner APMC,Vegetables,Potato,05-07-2024,1.6,1500,2000,3000
Andhra Pradesh,Chittor,Palamaner APMC,Vegetables,Tomato,05-07-2024,274.51,1800,2000,2200
Andhra Pradesh,Chittor,Palamaner APMC,Vegetables,Cabbage,06-07-2024,4.89,1500,1800,2400
Andhra Pradesh,Chittor,Palamaner APMC,Vegetables,Potato,06-07-2024,1.8,1500,2000,3000
Andhra Pradesh,Chittor,Palamaner APMC,Vegetables,Tomato,06-07-2024,177.42,2200,2500,2700
Andhra Pradesh,Chittor,Palamaner APMC,Vegetables,Cabbage,07-07-2024,8.76,1500,1800,2400
Andhra Pradesh,Chittor,Palamaner APMC,Vegetables,Potato,07-07-2024,0.65,1500,2000,3000
Andhra Pradesh,Chittor,Palamaner APMC,Vegetables,Tomato,07-07-2024,263.19,2700,3000,3300
Andhra Pradesh,Chittor,Palamaner APMC,Vegetables,Cabbage,08-07-2024,4.35,1500,2000,2500
Andhra Pradesh,Chittor,Palamaner APMC,Vegetables,Potato,08-07-2024,1.8,1500,2000,3000
Andhra Pradesh,Chittor,Palamaner APMC,Vegetables,Tomato,08-07-2024,213.39,2700,2900,3100
Andhra Pradesh,Chittor,Palamaner APMC,Vegetables,Cabbage,09-07-2024,5.19,1500,2000,2500
Andhra Pradesh,Chittor,Palamaner APMC,Vegetables,Potato,09-07-2024,1.5,1500,2000,3000
Andhra Pradesh,Chittor,Palamaner APMC,Vegetables,Tomato,09-07-2024,186.16,3100,3300,3500
Andhra Pradesh,Chittor,Palamaner APMC,Vegetables,Cabbage,10-07-2024,4.95,1500,2000,2500
Andhra Pradesh,Chittor,Palamaner APMC,Vegetables,Potato,10-07-2024,2,2000,3000,4000
Andhra Pradesh,Chittor,Palamaner APMC,Vegetables,Tomato,10-07-2024,200.83,3800,4000,4200
Andhra Pradesh,Chittor,Palamaner APMC,Vegetables,Cabbage,11-07-2024,5.55,1500,2000,2500
Andhra Pradesh,Chittor,Palamaner APMC,Vegetables,Potato,11-07-2024,0.48,2000,3000,4000
Andhra Pradesh,Chittor,Palamaner APMC,Vegetables,Tomato,11-07-2024,213.06,4100,4400,4700
Andhra Pradesh,Chittor,Palamaner APMC,Vegetables,Cabbage,12-07-2024,9.21,1500,2000,2500
Andhra Pradesh,Chittor,Palamaner APMC,Vegetables,Potato,12-07-2024,0.92,2000,3000,4000
Andhra Pradesh,Chittor,Palamaner APMC,Vegetables,Tomato,12-07-2024,183.64,4600,4800,5000
Andhra Pradesh,Chittor,Palamaner APMC,Vegetables,Cabbage,13-07-2024,6.96,1500,2000,2500
Andhra Pradesh,Chittor,Palamaner APMC,Vegetables,Potato,13-07-2024,0.38,2000,3000,4000
Andhra Pradesh,Chittor,Palamaner APMC,Vegetables,Tomato,13-07-2024,173.65,4800,5100,5400
Andhra Pradesh,Chittor,Palamaner APMC,Vegetables,Cabbage,14-07-2024,5.85,1500,2000,2500
Andhra Pradesh,Chittor,Palamaner APMC,Vegetables,Potato,14-07-2024,0.54,2000,3000,4000
Andhra Pradesh,Chittor,Palamaner APMC,Vegetables,Tomato,14-07-2024,200.17,5215,5530,5714
Andhra Pradesh,Chittor,Palamaner APMC,Vegetables,Cabbage,15-07-2024,6.03,1500,2000,2500
Andhra Pradesh,Chittor,Palamaner APMC,Vegetables,Potato,15-07-2024,0.76,2000,3000,4000
Andhra Pradesh,Chittor,Palamaner APMC,Vegetables,Tomato,15-07-2024,192.55,6500,6870,7335
Andhra Pradesh,Chittor,Palamaner APMC,Vegetables,Cabbage,16-07-2024,5.4,1500,2000,2500
Andhra Pradesh,Chittor,Palamaner APMC,Vegetables,Potato,16-07-2024,1.2,2000,3000,4000
Andhra Pradesh,Chittor,Palamaner APMC,Vegetables,Tomato,16-07-2024,161.32,5400,6300,7400
Andhra Pradesh,Chittor,Palamaner APMC,Vegetables,Cabbage,19-07-2024,3.6,1500,1800,2200
Andhra Pradesh,Chittor,Palamaner APMC,Vegetables,Potato,19-07-2024,0.32,1500,2000,3000
Andhra Pradesh,Chittor,Palamaner APMC,Vegetables,Tomato,19-07-2024,185.01,5180,5540,5800
Andhra Pradesh,Chittor,Palamaner APMC,Vegetables,Cabbage,23-07-2024,4.5,1400,1700,2000
Andhra Pradesh,Chittor,Palamaner APMC,Vegetables,Potato,23-07-2024,1.3,2500,3000,3500
Andhra Pradesh,Chittor,Palamaner APMC,Vegetables,Tomato,23-07-2024,258.25,3500,3700,4000
Andhra Pradesh,Chittor,Palamaner APMC,Vegetables,Cabbage,24-07-2024,6.69,1400,1700,2000
Andhra Pradesh,Chittor,Palamaner APMC,Vegetables,Potato,24-07-2024,0.58,2500,3000,3500
Andhra Pradesh,Chittor,Palamaner APMC,Vegetables,Tomato,24-07-2024,300.88,2500,2900,3300
Andhra Pradesh,Chittor,Palamaner APMC,Vegetables,Cabbage,01-08-2024,5.01,1400,1700,2000
Andhra Pradesh,Chittor,Palamaner APMC,Vegetables,Potato,01-08-2024,0.6,2000,2500,3000
Andhra Pradesh,Chittor,Palamaner APMC,Vegetables,Tomato,01-08-2024,313.01,1900,2180,2370
Andhra Pradesh,Chittor,Palamaner APMC,Vegetables,Cabbage,02-08-2024,6.06,1400,1700,2000
Andhra Pradesh,Chittor,Palamaner APMC,Vegetables,Potato,02-08-2024,0.66,2000,2500,3000
Andhra Pradesh,Chittor,Palamaner APMC,Vegetables,Tomato,02-08-2024,363.67,1700,2000,2200
Andhra Pradesh,Chittor,Palamaner APMC,Vegetables,Cabbage,03-08-2024,5.04,1400,1700,2000
Andhra Pradesh,Chittor,Palamaner APMC,Vegetables,Potato,03-08-2024,1.17,2000,2500,3000
Andhra Pradesh,Chittor,Palamaner APMC,Vegetables,Tomato,03-08-2024,371.88,1800,2100,2400
Andhra Pradesh,Chittor,Palamaner APMC,Vegetables,Cabbage,05-08-2024,6.51,1400,1700,2000
Andhra Pradesh,Chittor,Palamaner APMC,Vegetables,Potato,05-08-2024,0.58,2000,2500,3000
Andhra Pradesh,Chittor,Palamaner APMC,Vegetables,Tomato,05-08-2024,304.75,1700,1920,2133
Andhra Pradesh,Chittor,Palamaner APMC,Vegetables,Cabbage,06-08-2024,10.26,1400,1800,2200
Andhra Pradesh,Chittor,Palamaner APMC,Vegetables,Potato,06-08-2024,1.2,2000,2500,3000
Andhra Pradesh,Chittor,Palamaner APMC,Vegetables,Tomato,06-08-2024,215.73,1900,2100,2400
Andhra Pradesh,Chittor,Palamaner APMC,Vegetables,Cabbage,07-08-2024,3.39,1400,1700,2000
Andhra Pradesh,Chittor,Palamaner APMC,Vegetables,Potato,07-08-2024,1.5,2000,2500,3000
Andhra Pradesh,Chittor,Palamaner APMC,Vegetables,Tomato,07-08-2024,180.97,2200,2700,2980
Andhra Pradesh,Chittor,Palamaner APMC,Vegetables,Cabbage,08-08-2024,4.05,1400,1700,2000
Andhra Pradesh,Chittor,Palamaner APMC,Vegetables,Potato,08-08-2024,1.6,2000,2500,3000
Andhra Pradesh,Chittor,Palamaner APMC,Vegetables,Tomato,08-08-2024,224.14,2100,2300,2500
Andhra Pradesh,Chittor,Palamaner APMC,Vegetables,Cabbage,13-08-2024,4.35,1400,1700,2000
Andhra Pradesh,Chittor,Palamaner APMC,Vegetables,Potato,13-08-2024,1.8,2000,2500,3000
Andhra Pradesh,Chittor,Palamaner APMC,Vegetables,Tomato,13-08-2024,172.03,1800,2000,2300
Andhra Pradesh,Chittor,Palamaner APMC,Vegetables,Cabbage,14-08-2024,8.67,1400,1700,2000
Andhra Pradesh,Chittor,Palamaner APMC,Vegetables,Potato,14-08-2024,0.64,2000,2500,3000
Andhra Pradesh,Chittor,Palamaner APMC,Vegetables,Tomato,14-08-2024,181.35,2000,2300,2400
Andhra Pradesh,Chittor,Palamaner APMC,Vegetables,Cabbage,16-08-2024,2.25,1400,1700,2000
Andhra Pradesh,Chittor,Palamaner APMC,Vegetables,Potato,16-08-2024,1.4,2000,2500,3000
Andhra Pradesh,Chittor,Palamaner APMC,Vegetables,Tomato,16-08-2024,173.55,2200,2500,2700
Andhra Pradesh,Chittor,Palamaner APMC,Vegetables,Cabbage,17-08-2024,3,1400,1700,2000
Andhra Pradesh,Chittor,Palamaner APMC,Vegetables,Potato,17-08-2024,1.2,2000,2500,3000
Andhra Pradesh,Chittor,Palamaner APMC,Vegetables,Tomato,17-08-2024,147.09,2500,2700,3000
Andhra Pradesh,Chittor,Palamaner APMC,Vegetables,Cabbage,18-08-2024,2.25,1400,1700,2000
Andhra Pradesh,Chittor,Palamaner APMC,Vegetables,Potato,18-08-2024,0.9,2000,2500,3000
Andhra Pradesh,Chittor,Palamaner APMC,Vegetables,Tomato,18-08-2024,159.49,2000,2300,2500
Andhra Pradesh,Chittor,Palamaner APMC,Vegetables,Cabbage,19-08-2024,2.55,1500,1800,2200
Andhra Pradesh,Chittor,Palamaner APMC,Vegetables,Potato,19-08-2024,1.4,2000,2500,3000
Andhra Pradesh,Chittor,Palamaner APMC,Vegetables,Tomato,19-08-2024,182.59,1600,1800,2000
Andhra Pradesh,Chittor,Palamaner APMC,Vegetables,Cabbage,20-08-2024,7.5,1500,1800,2200
Andhra Pradesh,Chittor,Palamaner APMC,Vegetables,Potato,20-08-2024,0.78,2000,2500,3000
Andhra Pradesh,Chittor,Palamaner APMC,Vegetables,Tomato,20-08-2024,180.25,1600,1800,2000
Andhra Pradesh,Chittor,Palamaner APMC,Vegetables,Beetroot,21-08-2024,198.87,2000,2200,2400
Andhra Pradesh,Chittor,Palamaner APMC,Vegetables,Cabbage,21-08-2024,3.54,800,1000,1200
Andhra Pradesh,Chittor,Palamaner APMC,Vegetables,Potato,21-08-2024,0.9,1500,2000,2500
Andhra Pradesh,Chittor,Palamaner APMC,Vegetables,Tomato,21-08-2024,198.87,2000,2200,2400
Andhra Pradesh,Chittor,Palamaner APMC,Vegetables,Cabbage,22-08-2024,3.54,800,1000,1200
Andhra Pradesh,Chittor,Palamaner APMC,Vegetables,Potato,22-08-2024,1.4,1500,2000,2500
Andhra Pradesh,Chittor,Palamaner APMC,Vegetables,Tomato,22-08-2024,172.78,2000,2200,2400
Andhra Pradesh,Chittor,Palamaner APMC,Vegetables,Cabbage,23-08-2024,3.15,800,1000,1200
Andhra Pradesh,Chittor,Palamaner APMC,Vegetables,Potato,23-08-2024,0.96,1500,2000,2500
Andhra Pradesh,Chittor,Palamaner APMC,Vegetables,Tomato,23-08-2024,189.81,2100,2300,2500
Andhra Pradesh,Chittor,Palamaner APMC,Vegetables,Cabbage,24-08-2024,4.65,800,1000,1200
Andhra Pradesh,Chittor,Palamaner APMC,Vegetables,Potato,24-08-2024,1.24,1500,2000,2500
Andhra Pradesh,Chittor,Palamaner APMC,Vegetables,Tomato,24-08-2024,194.53,1800,2000,2200
Andhra Pradesh,Chittor,Palamaner APMC,Vegetables,Cabbage,26-08-2024,6.6,800,1000,1200
Andhra Pradesh,Chittor,Palamaner APMC,Vegetables,Potato,26-08-2024,0.82,2000,2500,3000
Andhra Pradesh,Chittor,Palamaner APMC,Vegetables,Tomato,26-08-2024,177.6,1800,2000,2300
Andhra Pradesh,Chittor,Palamaner APMC,Vegetables,Cabbage,27-08-2024,6.6,800,1000,1200
Andhra Pradesh,Chittor,Palamaner APMC,Vegetables,Potato,27-08-2024,0.74,2000,2500,3000
Andhra Pradesh,Chittor,Palamaner APMC,Vegetables,Tomato,27-08-2024,193.03,1500,1700,2000
Andhra Pradesh,Chittor,Palamaner APMC,Vegetables,Cabbage,29-08-2024,3.3,600,1000,1500
Andhra Pradesh,Chittor,Palamaner APMC,Vegetables,Potato,29-08-2024,1.24,2000,2500,3000
Andhra Pradesh,Chittor,Palamaner APMC,Vegetables,Tomato,29-08-2024,144,1500,1700,1900
Andhra Pradesh,Chittor,Palamaner APMC,Vegetables,Cabbage,02-09-2024,3.45,600,1000,1200
Andhra Pradesh,Chittor,Palamaner APMC,Vegetables,Potato,02-09-2024,1,2000,2500,3000
Andhra Pradesh,Chittor,Palamaner APMC,Vegetables,Tomato,02-09-2024,170.04,2100,2300,2500
Andhra Pradesh,Chittor,Palamaner APMC,Vegetables,Cabbage,03-09-2024,4.2,600,1000,1200
Andhra Pradesh,Chittor,Palamaner APMC,Vegetables,Potato,03-09-2024,1.1,2000,2500,3000
Andhra Pradesh,Chittor,Palamaner APMC,Vegetables,Tomato,03-09-2024,123.79,2400,2600,2800
Andhra Pradesh,Chittor,Palamaner APMC,Vegetables,Cabbage,11-09-2024,3.15,600,1000,1500
Andhra Pradesh,Chittor,Palamaner APMC,Vegetables,Potato,11-09-2024,1.2,1500,2000,2500
Andhra Pradesh,Chittor,Palamaner APMC,Vegetables,Tomato,11-09-2024,55.39,1900,2100,2300
Andhra Pradesh,Chittor,Palamaner APMC,Vegetables,Cabbage,13-09-2024,5.28,600,1000,1500
Andhra Pradesh,Chittor,Palamaner APMC,Vegetables,Potato,13-09-2024,1.58,1500,2000,2500
Andhra Pradesh,Chittor,Palamaner APMC,Vegetables,Tomato,13-09-2024,55.09,2400,2600,2800
Andhra Pradesh,Chittor,Palamaner APMC,Vegetables,Cabbage,16-09-2024,4.23,500,700,1000
Andhra Pradesh,Chittor,Palamaner APMC,Vegetables,Potato,16-09-2024,0.66,2000,3000,4000
Andhra Pradesh,Chittor,Palamaner APMC,Vegetables,Tomato,16-09-2024,41.7,3000,3200,3400
Andhra Pradesh,Chittor,Palamaner APMC,Vegetables,Cabbage,17-09-2024,2.85,500,700,1000
Andhra Pradesh,Chittor,Palamaner APMC,Vegetables,Potato,17-09-2024,1,2000,3000,4000
Andhra Pradesh,Chittor,Palamaner APMC,Vegetables,Tomato,17-09-2024,35.52,2900,3100,3300
Andhra Pradesh,Chittor,Palamaner APMC,Vegetables,Cabbage,18-09-2024,4.2,500,700,1000
Andhra Pradesh,Chittor,Palamaner APMC,Vegetables,Potato,18-09-2024,0.78,2000,3000,4000
Andhra Pradesh,Chittor,Palamaner APMC,Vegetables,Tomato,18-09-2024,45.09,3000,3200,3400
Andhra Pradesh,Chittor,Palamaner APMC,Vegetables,Cabbage,19-09-2024,9.12,500,700,1000
Andhra Pradesh,Chittor,Palamaner APMC,Vegetables,Potato,19-09-2024,0.64,2000,3000,4000
Andhra Pradesh,Chittor,Palamaner APMC,Vegetables,Tomato,19-09-2024,39.96,3200,3500,3700
Andhra Pradesh,Chittor,Palamaner APMC,Vegetables,Beetroot,20-09-2024,33.31,3300,3500,3700
Andhra Pradesh,Chittor,Palamaner APMC,Vegetables,Cabbage,20-09-2024,2.35,500,700,1000
Andhra Pradesh,Chittor,Palamaner APMC,Vegetables,Potato,20-09-2024,1.16,2000,3000,4000
Andhra Pradesh,Chittor,Palamaner APMC,Vegetables,Cabbage,21-09-2024,1.74,500,700,1000
Andhra Pradesh,Chittor,Palamaner APMC,Vegetables,Potato,21-09-2024,1.1,2000,3000,4000
Andhra Pradesh,Chittor,Palamaner APMC,Vegetables,Tomato,21-09-2024,34.51,3700,3900,4100
Andhra Pradesh,Chittor,Palamaner APMC,Vegetables,Cabbage,24-09-2024,3.06,500,700,1000
Andhra Pradesh,Chittor,Palamaner APMC,Vegetables,Potato,24-09-2024,0.94,2000,3000,4000
Andhra Pradesh,Chittor,Palamaner APMC,Vegetables,Tomato,24-09-2024,38.95,3500,3700,4000
Andhra Pradesh,Chittor,Palamaner APMC,Vegetables,Cabbage,25-09-2024,3.72,500,700,1000
Andhra Pradesh,Chittor,Palamaner APMC,Vegetables,Potato,25-09-2024,1.04,2000,3000,4000
Andhra Pradesh,Chittor,Palamaner APMC,Vegetables,Tomato,25-09-2024,34.71,3500,3700,3900
Andhra Pradesh,Chittor,Palamaner APMC,Vegetables,Cabbage,26-09-2024,3.12,500,700,1000
Andhra Pradesh,Chittor,Palamaner APMC,Vegetables,Potato,26-09-2024,1.82,2000,3000,4000
Andhra Pradesh,Chittor,Palamaner APMC,Vegetables,Tomato,26-09-2024,38.79,3700,3900,4100
Andhra Pradesh,Chittor,Palamaner APMC,Vegetables,Beetroot,27-09-2024,37.63,3700,3900,4100
Andhra Pradesh,Chittor,Palamaner APMC,Vegetables,Cabbage,27-09-2024,11.07,500,700,1000
Andhra Pradesh,Chittor,Palamaner APMC,Vegetables,Potato,27-09-2024,0.62,2000,3000,4000
Andhra Pradesh,Chittor,Palamaner APMC,Vegetables,Beetroot,28-09-2024,0.64,1500,2000,2500
Andhra Pradesh,Chittor,Palamaner APMC,Vegetables,Cabbage,28-09-2024,3.84,500,700,1000
Andhra Pradesh,Chittor,Palamaner APMC,Vegetables,Potato,28-09-2024,1.36,2000,3000,4000
Andhra Pradesh,Chittor,Palamaner APMC,Vegetables,Tomato,28-09-2024,31.36,3500,3700,4000
Andhra Pradesh,Chittor,Palamaner APMC,Vegetables,Cabbage,29-09-2024,3.24,500,700,900
Andhra Pradesh,Chittor,Palamaner APMC,Vegetables,Potato,29-09-2024,0.94,2000,3000,4000
Andhra Pradesh,Chittor,Palamaner APMC,Vegetables,Tomato,29-09-2024,36.09,3800,4100,4400
Andhra Pradesh,Chittor,Palamaner APMC,Vegetables,Cabbage,30-09-2024,6.18,500,700,900
Andhra Pradesh,Chittor,Palamaner APMC,Vegetables,Potato,30-09-2024,1.36,2000,3000,4000
Andhra Pradesh,Chittor,Palamaner APMC,Vegetables,Tomato,30-09-2024,34.26,4300,4600,5000
Andhra Pradesh,Chittor,Palamaner APMC,Vegetables,Beetroot,01-10-2024,1.1,1500,2000,2500
Andhra Pradesh,Chittor,Palamaner APMC,Vegetables,Cabbage,01-10-2024,6.27,500,700,900
Andhra Pradesh,Chittor,Palamaner APMC,Vegetables,Potato,01-10-2024,1.52,2000,3000,4000
Andhra Pradesh,Chittor,Palamaner APMC,Vegetables,Tomato,01-10-2024,19.6,4800,5000,5400
Andhra Pradesh,Chittor,Palamaner APMC,Vegetables,Cabbage,02-10-2024,5.43,600,900,1200
Andhra Pradesh,Chittor,Palamaner APMC,Vegetables,Potato,02-10-2024,0.88,2500,3000,3500
Andhra Pradesh,Chittor,Palamaner APMC,Vegetables,Tomato,02-10-2024,12.48,6000,6400,6700
Andhra Pradesh,Chittor,Palamaner APMC,Vegetables,Cabbage,03-10-2024,7.41,600,900,1200
Andhra Pradesh,Chittor,Palamaner APMC,Vegetables,Potato,03-10-2024,0.76,2500,3000,3500
Andhra Pradesh,Chittor,Palamaner APMC,Vegetables,Tomato,03-10-2024,11.28,6400,6700,7000
Andhra Pradesh,Chittor,Palamaner APMC,Vegetables,Cabbage,06-10-2024,3.24,600,900,1200
Andhra Pradesh,Chittor,Palamaner APMC,Vegetables,Potato,06-10-2024,1.2,2500,3000,3500
Andhra Pradesh,Chittor,Palamaner APMC,Vegetables,Tomato,06-10-2024,15.02,6000,6400,6700
Andhra Pradesh,Chittor,Palamaner APMC,Vegetables,Cabbage,07-10-2024,5.07,800,1000,1200
Andhra Pradesh,Chittor,Palamaner APMC,Vegetables,Potato,07-10-2024,2.44,2500,3000,3500
Andhra Pradesh,Chittor,Palamaner APMC,Vegetables,Tomato,07-10-2024,15.5,5800,6200,6500
Andhra Pradesh,Chittor,Palamaner APMC,Vegetables,Cabbage,08-10-2024,4.11,800,1000,1200
Andhra Pradesh,Chittor,Palamaner APMC,Vegetables,Potato,08-10-2024,1.8,2500,3000,3500
Andhra Pradesh,Chittor,Palamaner APMC,Vegetables,Tomato,08-10-2024,17.2,5420,5750,6070
Andhra Pradesh,Chittor,Palamaner APMC,Vegetables,Cabbage,09-10-2024,3.45,800,1000,1200
Andhra Pradesh,Chittor,Palamaner APMC,Vegetables,Tomato,09-10-2024,19.3,3900,4300,4500
Andhra Pradesh,Chittor,Palamaner APMC,Vegetables,Cabbage,10-10-2024,3.75,800,1000,1200
Andhra Pradesh,Chittor,Palamaner APMC,Vegetables,Potato,10-10-2024,0.42,2500,3000,3500
Andhra Pradesh,Chittor,Palamaner APMC,Vegetables,Tomato,10-10-2024,20.31,3400,3700,4100
Andhra Pradesh,Chittor,Palamaner APMC,Vegetables,Cabbage,12-10-2024,4.53,800,1000,1200
Andhra Pradesh,Chittor,Palamaner APMC,Vegetables,Potato,12-10-2024,0.24,2500,3000,3500
Andhra Pradesh,Chittor,Palamaner APMC,Vegetables,Tomato,12-10-2024,13.51,4400,4700,5000
Andhra Pradesh,Chittor,Palamaner APMC,Vegetables,Cabbage,13-10-2024,2.64,800,1000,1200
Andhra Pradesh,Chittor,Palamaner APMC,Vegetables,Potato,13-10-2024,0.64,2500,3000,3500
Andhra Pradesh,Chittor,Palamaner APMC,Vegetables,Tomato,13-10-2024,12.06,5700,6000,6400
Andhra Pradesh,Chittor,Palamaner APMC,Vegetables,Cabbage,14-10-2024,9.3,800,1000,1300
Andhra Pradesh,Chittor,Palamaner APMC,Vegetables,Potato,14-10-2024,0.7,2500,3000,3500
Andhra Pradesh,Chittor,Palamaner APMC,Vegetables,Tomato,14-10-2024,13,5000,5300,5600
Andhra Pradesh,Chittor,Palamaner APMC,Vegetables,Cabbage,15-10-2024,5.88,1000,1300,1600
Andhra Pradesh,Chittor,Palamaner APMC,Vegetables,Potato,15-10-2024,1.7,2500,3000,3500
Andhra Pradesh,Chittor,Palamaner APMC,Vegetables,Tomato,15-10-2024,12.54,5400,5700,6000
Andhra Pradesh,Chittor,Palamaner APMC,Vegetables,Cabbage,16-10-2024,8.49,1000,1300,1600
Andhra Pradesh,Chittor,Palamaner APMC,Vegetables,Potato,16-10-2024,0.52,2500,3000,3500
Andhra Pradesh,Chittor,Palamaner APMC,Vegetables,Tomato,16-10-2024,14.16,3700,4000,4300
Andhra Pradesh,Chittor,Palamaner APMC,Vegetables,Cabbage,17-10-2024,6.15,1000,1300,1600
Andhra Pradesh,Chittor,Palamaner APMC,Vegetables,Potato,17-10-2024,0.36,2500,3500,4000
Andhra Pradesh,Chittor,Palamaner APMC,Vegetables,Tomato,17-10-2024,13.2,4700,5000,5400
Andhra Pradesh,Chittor,Palamaner APMC,Vegetables,Cabbage,18-10-2024,6.09,1000,1200,1500
Andhra Pradesh,Chittor,Palamaner APMC,Vegetables,Potato,18-10-2024,0.8,2500,3500,4000
Andhra Pradesh,Chittor,Palamaner APMC,Vegetables,Tomato,18-10-2024,16.11,4700,5000,5300
Andhra Pradesh,Chittor,Palamaner APMC,Vegetables,Cabbage,19-10-2024,7.17,1000,1300,1600
Andhra Pradesh,Chittor,Palamaner APMC,Vegetables,Potato,19-10-2024,1.18,2500,3500,4000
Andhra Pradesh,Chittor,Palamaner APMC,Vegetables,Tomato,19-10-2024,11.16,4000,4300,4500
Andhra Pradesh,Chittor,Palamaner APMC,Vegetables,Cabbage,20-10-2024,4.59,1000,1300,1600
Andhra Pradesh,Chittor,Palamaner APMC,Vegetables,Potato,20-10-2024,0.52,2500,3500,4000
Andhra Pradesh,Chittor,Palamaner APMC,Vegetables,Tomato,20-10-2024,12.3,4000,4300,4500
Andhra Pradesh,Chittor,Palamaner APMC,Vegetables,Cabbage,21-10-2024,3.27,1000,1200,1600
Andhra Pradesh,Chittor,Palamaner APMC,Vegetables,Potato,21-10-2024,0.54,2500,3500,4000
Andhra Pradesh,Chittor,Palamaner APMC,Vegetables,Tomato,21-10-2024,10.44,4400,4700,5100
Andhra Pradesh,Chittor,Palamaner APMC,Vegetables,Cabbage,22-10-2024,3.75,1000,1200,1600
Andhra Pradesh,Chittor,Palamaner APMC,Vegetables,Potato,22-10-2024,0.38,2500,3500,4000
Andhra Pradesh,Chittor,Palamaner APMC,Vegetables,Tomato,22-10-2024,12.57,4000,4300,4600
Andhra Pradesh,Chittor,Palamaner APMC,Vegetables,Cabbage,23-10-2024,2.55,1000,1200,1600
Andhra Pradesh,Chittor,Palamaner APMC,Vegetables,Potato,23-10-2024,0.46,2500,3500,4000
Andhra Pradesh,Chittor,Palamaner APMC,Vegetables,Tomato,23-10-2024,12.05,3800,4000,4300
Andhra Pradesh,Chittor,Palamaner APMC,Vegetables,Beetroot,24-10-2024,13.05,2800,3100,3500
Andhra Pradesh,Chittor,Palamaner APMC,Vegetables,Cabbage,24-10-2024,2.82,1000,1200,1600
Andhra Pradesh,Chittor,Palamaner APMC,Vegetables,Potato,24-10-2024,0.21,2500,3500,4000
Andhra Pradesh,Chittor,Palamaner APMC,Vegetables,Cabbage,27-10-2024,3,1000,1200,1600
Andhra Pradesh,Chittor,Palamaner APMC,Vegetables,Potato,27-10-2024,0.6,2500,3500,4000
Andhra Pradesh,Chittor,Palamaner APMC,Vegetables,Tomato,27-10-2024,14,2800,3200,3500
Andhra Pradesh,Chittor,Palamaner APMC,Vegetables,Cabbage,28-10-2024,3.09,700,1000,1300
Andhra Pradesh,Chittor,Palamaner APMC,Vegetables,Potato,28-10-2024,0.46,2500,3000,3500
Andhra Pradesh,Chittor,Palamaner APMC,Vegetables,Tomato,28-10-2024,12.82,2700,2900,3200
Andhra Pradesh,Chittor,Palamaner APMC,Vegetables,Cabbage,29-10-2024,7.71,700,1000,1300
Andhra Pradesh,Chittor,Palamaner APMC,Vegetables,Potato,29-10-2024,0.19,2500,3000,3500
Andhra Pradesh,Chittor,Palamaner APMC,Vegetables,Tomato,29-10-2024,12.3,3000,3300,3500
Andhra Pradesh,Chittor,Palamaner APMC,Vegetables,Cabbage,01-11-2024,4.14,700,1000,1300
Andhra Pradesh,Chittor,Palamaner APMC,Vegetables,Potato,01-11-2024,0.54,2500,3000,3500
Andhra Pradesh,Chittor,Palamaner APMC,Vegetables,Tomato,01-11-2024,20.23,3000,3300,3500
Andhra Pradesh,Chittor,Palamaner APMC,Vegetables,Cabbage,02-11-2024,3.03,700,1000,1300
Andhra Pradesh,Chittor,Palamaner APMC,Vegetables,Potato,02-11-2024,0.76,2500,3000,3500
Andhra Pradesh,Chittor,Palamaner APMC,Vegetables,Tomato,02-11-2024,22.68,2800,3000,3300
Andhra Pradesh,Chittor,Palamaner APMC,Vegetables,Cabbage,03-11-2024,3.9,700,1000,1300
Andhra Pradesh,Chittor,Palamaner APMC,Vegetables,Potato,03-11-2024,1.42,2500,3000,3500
Andhra Pradesh,Chittor,Palamaner APMC,Vegetables,Tomato,03-11-2024,24.22,2700,3000,3300
Andhra Pradesh,Chittor,Palamaner APMC,Vegetables,Cabbage,04-11-2024,8.73,700,1000,1300
Andhra Pradesh,Chittor,Palamaner APMC,Vegetables,Potato,04-11-2024,0.74,2500,3000,3500
Andhra Pradesh,Chittor,Palamaner APMC,Vegetables,Tomato,04-11-2024,25.27,2300,2500,2800
Andhra Pradesh,Chittor,Palamaner APMC,Vegetables,Cabbage,06-11-2024,9.48,700,1000,1300
Andhra Pradesh,Chittor,Palamaner APMC,Vegetables,Potato,06-11-2024,1.26,2500,3000,3500
Andhra Pradesh,Chittor,Palamaner APMC,Vegetables,Tomato,06-11-2024,27.87,2300,2500,2800
Andhra Pradesh,Chittor,Palamaner APMC,Vegetables,Cabbage,07-11-2024,5.25,1000,1400,1800
Andhra Pradesh,Chittor,Palamaner APMC,Vegetables,Potato,07-11-2024,1.3,2500,3000,3500
Andhra Pradesh,Chittor,Palamaner APMC,Vegetables,Tomato,07-11-2024,33.49,2300,2500,2800
Andhra Pradesh,Chittor,Palamaner APMC,Vegetables,Cabbage,08-11-2024,4.5,1000,1400,1800
Andhra Pradesh,Chittor,Palamaner APMC,Vegetables,Potato,08-11-2024,1.9,2500,3000,3500
Andhra Pradesh,Chittor,Palamaner APMC,Vegetables,Tomato,08-11-2024,41.65,1500,1700,2000
Andhra Pradesh,Chittor,Palamaner APMC,Vegetables,Cabbage,10-11-2024,7.5,1000,1400,1800
Andhra Pradesh,Chittor,Palamaner APMC,Vegetables,Potato,10-11-2024,1,2500,3000,3500
Andhra Pradesh,Chittor,Palamaner APMC,Vegetables,Tomato,10-11-2024,41,1600,1800,2100
Andhra Pradesh,Chittor,Palamaner APMC,Vegetables,Cabbage,11-11-2024,5.46,1000,1400,1800
Andhra Pradesh,Chittor,Palamaner APMC,Vegetables,Potato,11-11-2024,2.5,2500,3000,3500
Andhra Pradesh,Chittor,Palamaner APMC,Vegetables,Tomato,11-11-2024,34.1,1800,2000,2200
Andhra Pradesh,Chittor,Palamaner APMC,Vegetables,Cabbage,12-11-2024,5.31,1000,1400,1800
Andhra Pradesh,Chittor,Palamaner APMC,Vegetables,Potato,12-11-2024,1.22,2500,3000,3500
Andhra Pradesh,Chittor,Palamaner APMC,Vegetables,Tomato,12-11-2024,32.85,2000,2300,2500
Andhra Pradesh,Chittor,Palamaner APMC,Vegetables,Cabbage,13-11-2024,3.7,1000,1400,1800
Andhra Pradesh,Chittor,Palamaner APMC,Vegetables,Potato,13-11-2024,0.64,2500,3000,3500
Andhra Pradesh,Chittor,Palamaner APMC,Vegetables,Tomato,13-11-2024,33.63,2000,2300,2500
Andhra Pradesh,Chittor,Palamaner APMC,Vegetables,Cabbage,14-11-2024,5.85,1000,1400,1800
Andhra Pradesh,Chittor,Palamaner APMC,Vegetables,Tomato,14-11-2024,34.03,2000,2200,2400
Andhra Pradesh,Chittor,Palamaner APMC,Vegetables,Cabbage,15-11-2024,7.41,1000,1400,1800
Andhra Pradesh,Chittor,Palamaner APMC,Vegetables,Potato,15-11-2024,0.54,2500,3000,3500
Andhra Pradesh,Chittor,Palamaner APMC,Vegetables,Tomato,15-11-2024,35.05,2000,2300,2500
Andhra Pradesh,Chittor,Palamaner APMC,Vegetables,Beetroot,16-11-2024,31.35,1800,2000,2200
Andhra Pradesh,Chittor,Palamaner APMC,Vegetables,Cabbage,16-11-2024,6.27,1000,1400,1800
Andhra Pradesh,Chittor,Palamaner APMC,Vegetables,Potato,16-11-2024,0.86,2500,3000,3500
Andhra Pradesh,Chittor,Palamaner APMC,Vegetables,Cabbage,19-11-2024,7.2,1000,1500,2000
Andhra Pradesh,Chittor,Palamaner APMC,Vegetables,Potato,19-11-2024,0.88,2500,3000,3500
Andhra Pradesh,Chittor,Palamaner APMC,Vegetables,Tomato,19-11-2024,45.16,2700,3000,3300
Andhra Pradesh,Chittor,Palamaner APMC,Vegetables,Cabbage,20-11-2024,4.65,1000,1500,2000
Andhra Pradesh,Chittor,Palamaner APMC,Vegetables,Potato,20-11-2024,0.9,2500,3000,3500
Andhra Pradesh,Chittor,Palamaner APMC,Vegetables,Tomato,20-11-2024,48.18,2700,3000,3300
Andhra Pradesh,Chittor,Palamaner APMC,Vegetables,Cabbage,21-11-2024,6.78,1000,1500,2000
Andhra Pradesh,Chittor,Palamaner APMC,Vegetables,Potato,21-11-2024,0.58,2500,3000,3500
Andhra Pradesh,Chittor,Palamaner APMC,Vegetables,Tomato,21-11-2024,58.3,2700,2900,3100
Andhra Pradesh,Chittor,Palamaner APMC,Vegetables,Cabbage,22-11-2024,4.62,1000,1500,2000
Andhra Pradesh,Chittor,Palamaner APMC,Vegetables,Potato,22-11-2024,1.46,2500,3000,3500
Andhra Pradesh,Chittor,Palamaner APMC,Vegetables,Tomato,22-11-2024,51.73,2500,2700,3000
Andhra Pradesh,Chittor,Palamaner APMC,Vegetables,Cabbage,25-11-2024,6.27,1400,1800,2200
Andhra Pradesh,Chittor,Palamaner APMC,Vegetables,Potato,25-11-2024,1.12,2000,2500,3000
Andhra Pradesh,Chittor,Palamaner APMC,Vegetables,Tomato,25-11-2024,49.53,3400,3600,3800
Andhra Pradesh,Chittor,Palamaner APMC,Vegetables,Cabbage,26-11-2024,4.8,1400,1800,2200
Andhra Pradesh,Chittor,Palamaner APMC,Vegetables,Potato,26-11-2024,0.58,2000,2500,3000
Andhra Pradesh,Chittor,Palamaner APMC,Vegetables,Tomato,26-11-2024,44.37,4000,4500,5000
Andhra Pradesh,Chittor,Palamaner APMC,Vegetables,Cabbage,27-11-2024,6.03,1400,1800,2200
Andhra Pradesh,Chittor,Palamaner APMC,Vegetables,Potato,27-11-2024,0.92,2000,2500,3000
Andhra Pradesh,Chittor,Palamaner APMC,Vegetables,Tomato,27-11-2024,47.86,3900,4200,4500
Andhra Pradesh,Chittor,Palamaner APMC,Vegetables,Cabbage,28-11-2024,8.73,1400,1800,2200
Andhra Pradesh,Chittor,Palamaner APMC,Vegetables,Potato,28-11-2024,0.94,2000,2500,3000
Andhra Pradesh,Chittor,Palamaner APMC,Vegetables,Tomato,28-11-2024,44.8,3700,4200,4500
Andhra Pradesh,Chittor,Palamaner APMC,Vegetables,Cabbage,29-11-2024,9.51,1500,2000,2500
Andhra Pradesh,Chittor,Palamaner APMC,Vegetables,Potato,29-11-2024,0.7,2000,2500,3500
Andhra Pradesh,Chittor,Palamaner APMC,Vegetables,Tomato,29-11-2024,41.91,4000,4400,4700
Andhra Pradesh,Chittor,Palamaner APMC,Vegetables,Cabbage,30-11-2024,5.43,1500,2000,2500
Andhra Pradesh,Chittor,Palamaner APMC,Vegetables,Potato,30-11-2024,1.94,2000,2500,3500
Andhra Pradesh,Chittor,Palamaner APMC,Vegetables,Tomato,30-11-2024,50.02,3700,4000,4300
Andhra Pradesh,Chittor,Palamaner APMC,Vegetables,Cabbage,02-12-2024,8.97,1500,2000,2500
Andhra Pradesh,Chittor,Palamaner APMC,Vegetables,Potato,02-12-2024,0.68,2000,2500,3500
Andhra Pradesh,Chittor,Palamaner APMC,Vegetables,Tomato,02-12-2024,21.57,6400,6600,7000
Andhra Pradesh,Chittor,Palamaner APMC,Vegetables,Cabbage,03-12-2024,4.8,1500,2000,2500
Andhra Pradesh,Chittor,Palamaner APMC,Vegetables,Tomato,03-12-2024,48.97,4700,5000,5500
Andhra Pradesh,Chittor,Palamaner APMC,Vegetables,Cabbage,04-12-2024,4.86,1500,2000,2500
Andhra Pradesh,Chittor,Palamaner APMC,Vegetables,Potato,04-12-2024,1.64,2000,2500,3500
Andhra Pradesh,Chittor,Palamaner APMC,Vegetables,Tomato,04-12-2024,51.46,4300,4500,4800
Andhra Pradesh,Chittor,Palamaner APMC,Vegetables,Cabbage,05-12-2024,6.93,1500,2000,2500
Andhra Pradesh,Chittor,Palamaner APMC,Vegetables,Potato,05-12-2024,1.28,2000,2500,3500
Andhra Pradesh,Chittor,Palamaner APMC,Vegetables,Tomato,05-12-2024,47.91,5000,5300,5600
Andhra Pradesh,Chittor,Palamaner APMC,Vegetables,Cabbage,09-12-2024,4.05,1500,1800,2000
Andhra Pradesh,Chittor,Palamaner APMC,Vegetables,Potato,09-12-2024,1.1,2000,2500,3000
Andhra Pradesh,Chittor,Palamaner APMC,Vegetables,Tomato,09-12-2024,85.02,1500,1700,2000
Andhra Pradesh,Chittor,Palamaner APMC,Vegetables,Cabbage,10-12-2024,5.46,1500,1800,2000
Andhra Pradesh,Chittor,Palamaner APMC,Vegetables,Potato,10-12-2024,0.76,2000,2500,3000
Andhra Pradesh,Chittor,Palamaner APMC,Vegetables,Tomato,10-12-2024,73.83,1500,1800,2200
Andhra Pradesh,Chittor,Palamaner APMC,Vegetables,Cabbage,12-12-2024,2.58,1500,1800,2000
Andhra Pradesh,Chittor,Palamaner APMC,Vegetables,Potato,12-12-2024,1.76,2000,2500,3000
Andhra Pradesh,Chittor,Palamaner APMC,Vegetables,Tomato,12-12-2024,47.29,1600,1900,2100
Andhra Pradesh,Chittor,Palamaner APMC,Vegetables,Beetroot,13-12-2024,67.86,1400,1600,1800
Andhra Pradesh,Chittor,Palamaner APMC,Vegetables,Cabbage,13-12-2024,8.58,1500,1800,2000
Andhra Pradesh,Chittor,Palamaner APMC,Vegetables,Potato,13-12-2024,0.78,2000,2500,3000
Andhra Pradesh,Chittor,Palamaner APMC,Vegetables,Beetroot,16-12-2024,1.44,2000,3000,5000
Andhra Pradesh,Chittor,Palamaner APMC,Vegetables,Cabbage,16-12-2024,4.26,1500,1800,2000
Andhra Pradesh,Chittor,Palamaner APMC,Vegetables,Potato,16-12-2024,0.84,2000,2500,3000
Andhra Pradesh,Chittor,Palamaner APMC,Vegetables,Tomato,16-12-2024,57.3,1300,1500,1800
Andhra Pradesh,Chittor,Palamaner APMC,Vegetables,Cabbage,17-12-2024,7.35,1000,1200,1400
Andhra Pradesh,Chittor,Palamaner APMC,Vegetables,Potato,17-12-2024,0.66,2000,2500,3000
Andhra Pradesh,Chittor,Palamaner APMC,Vegetables,Tomato,17-12-2024,56.26,1300,1500,1800
Andhra Pradesh,Chittor,Palamaner APMC,Vegetables,Cabbage,18-12-2024,7.47,1000,1200,1400
Andhra Pradesh,Chittor,Palamaner APMC,Vegetables,Potato,18-12-2024,0.78,2000,2500,3000
Andhra Pradesh,Chittor,Palamaner APMC,Vegetables,Tomato,18-12-2024,60.57,1050,1340,1520
Andhra Pradesh,Chittor,Palamaner APMC,Vegetables,Cabbage,19-12-2024,7.89,1000,1200,1400
Andhra Pradesh,Chittor,Palamaner APMC,Vegetables,Potato,19-12-2024,1.02,2000,2500,3000
Andhra Pradesh,Chittor,Palamaner APMC,Vegetables,Tomato,19-12-2024,75.61,1000,1300,1500
Andhra Pradesh,Chittor,Palamaner APMC,Vegetables,Cabbage,20-12-2024,5.1,1000,1200,1400
Andhra Pradesh,Chittor,Palamaner APMC,Vegetables,Potato,20-12-2024,1.12,2000,2500,3000
Andhra Pradesh,Chittor,Palamaner APMC,Vegetables,Tomato,20-12-2024,66.28,1500,1800,2000
Andhra Pradesh,Chittor,Palamaner APMC,Vegetables,Cabbage,21-12-2024,6.81,1000,1200,1400
Andhra Pradesh,Chittor,Palamaner APMC,Vegetables,Potato,21-12-2024,1.54,2000,2500,3000
Andhra Pradesh,Chittor,Palamaner APMC,Vegetables,Tomato,21-12-2024,41.28,2400,2700,3000
Andhra Pradesh,Chittor,Palamaner APMC,Vegetables,Cabbage,22-12-2024,4.98,1000,1200,1400
Andhra Pradesh,Chittor,Palamaner APMC,Vegetables,Potato,22-12-2024,2.08,2000,2500,3000
Andhra Pradesh,Chittor,Palamaner APMC,Vegetables,Tomato,22-12-2024,44.43,2000,2400,2700
Andhra Pradesh,Chittor,Palamaner APMC,Vegetables,Cabbage,23-12-2024,4.5,1000,1200,1400
Andhra Pradesh,Chittor,Palamaner APMC,Vegetables,Potato,23-12-2024,1.06,2000,2500,3000
Andhra Pradesh,Chittor,Palamaner APMC,Vegetables,Tomato,23-12-2024,59.13,1300,1500,1700
Andhra Pradesh,Chittor,Palamaner APMC,Vegetables,Cabbage,27-12-2024,6.57,900,1200,1500
Andhra Pradesh,Chittor,Palamaner APMC,Vegetables,Potato,27-12-2024,0.78,2000,2500,3000
Andhra Pradesh,Chittor,Palamaner APMC,Vegetables,Tomato,27-12-2024,40,1800,2000,2330
Andhra Pradesh,Chittor,Palamaner APMC,Vegetables,Cabbage,28-12-2024,8.91,900,1200,1500
Andhra Pradesh,Chittor,Palamaner APMC,Vegetables,Potato,28-12-2024,1.08,2000,2500,3000
Andhra Pradesh,Chittor,Palamaner APMC,Vegetables,Tomato,28-12-2024,47.05,1800,2000,2133
Andhra Pradesh,Chittor,Palamaner APMC,Vegetables,Cabbage,22-01-2025,6.15,600,800,1000
Andhra Pradesh,Chittor,Palamaner APMC,Vegetables,Potato,22-01-2025,0.86,2000,2500,3000
Andhra Pradesh,Chittor,Palamaner APMC,Vegetables,Tomato,22-01-2025,42.69,1300,1500,1700
Andhra Pradesh,Chittor,Palamaner APMC,Vegetables,Cabbage,23-01-2025,6.18,800,1000,1200
Andhra Pradesh,Chittor,Palamaner APMC,Vegetables,Potato,23-01-2025,0.84,2000,2500,3000
Andhra Pradesh,Chittor,Palamaner APMC,Vegetables,Tomato,23-01-2025,43.5,1330,1570,1750
Andhra Pradesh,Chittor,Palamaner APMC,Vegetables,Cabbage,24-01-2025,6.3,800,1000,1200
Andhra Pradesh,Chittor,Palamaner APMC,Vegetables,Potato,24-01-2025,1.12,2000,2500,3000
Andhra Pradesh,Chittor,Palamaner APMC,Vegetables,Tomato,24-01-2025,42.36,1200,1400,1600
Andhra Pradesh,Chittor,Palamaner APMC,Vegetables,Cabbage,25-01-2025,2.64,800,1000,1200
Andhra Pradesh,Chittor,Palamaner APMC,Vegetables,Potato,25-01-2025,1.16,2000,2500,3000
Andhra Pradesh,Chittor,Palamaner APMC,Vegetables,Tomato,25-01-2025,47.74,1350,1500,1780
Andhra Pradesh,Chittor,Palamaner APMC,Vegetables,Cabbage,26-01-2025,4.23,800,1000,1200
Andhra Pradesh,Chittor,Palamaner APMC,Vegetables,Potato,26-01-2025,0.6,2000,2500,3000
Andhra Pradesh,Chittor,Palamaner APMC,Vegetables,Tomato,26-01-2025,46.45,1200,1400,1600
Andhra Pradesh,Chittor,Palamaner APMC,Vegetables,Cabbage,27-01-2025,6.45,600,800,1000
Andhra Pradesh,Chittor,Palamaner APMC,Vegetables,Potato,27-01-2025,0.84,2000,2500,3000
Andhra Pradesh,Chittor,Palamaner APMC,Vegetables,Tomato,27-01-2025,52.19,1300,1500,1700
Andhra Pradesh,Chittor,Palamaner APMC,Vegetables,Cabbage,28-01-2025,4.44,600,800,1000
Andhra Pradesh,Chittor,Palamaner APMC,Vegetables,Potato,28-01-2025,0.44,2000,2500,3000
Andhra Pradesh,Chittor,Palamaner APMC,Vegetables,Tomato,28-01-2025,48.12,1650,1800,2130
Andhra Pradesh,Chittor,Palamaner APMC,Vegetables,Cabbage,29-01-2025,8.49,700,900,1100
Andhra Pradesh,Chittor,Palamaner APMC,Vegetables,Potato,29-01-2025,0.6,2000,2500,3000
Andhra Pradesh,Chittor,Palamaner APMC,Vegetables,Tomato,29-01-2025,42,1850,2000,2200
Andhra Pradesh,Chittor,Palamaner APMC,Vegetables,Cabbage,30-01-2025,10.44,700,900,1100
Andhra Pradesh,Chittor,Palamaner APMC,Vegetables,Potato,30-01-2025,0.66,2000,2500,3000
Andhra Pradesh,Chittor,Palamaner APMC,Vegetables,Tomato,30-01-2025,59.46,1400,1600,1800
Andhra Pradesh,Chittor,Palamaner APMC,Vegetables,Cabbage,31-01-2025,6.27,600,800,1000
Andhra Pradesh,Chittor,Palamaner APMC,Vegetables,Potato,31-01-2025,0.7,2000,2500,3000
Andhra Pradesh,Chittor,Palamaner APMC,Vegetables,Tomato,31-01-2025,48.9,1300,1500,1700
Andhra Pradesh,Chittor,Palamaner APMC,Vegetables,Cabbage,01-02-2025,2.31,600,800,1000
Andhra Pradesh,Chittor,Palamaner APMC,Vegetables,Potato,01-02-2025,0.66,1500,2000,2500
Andhra Pradesh,Chittor,Palamaner APMC,Vegetables,Tomato,01-02-2025,51.01,1300,1500,1800
Andhra Pradesh,Chittor,Palamaner APMC,Vegetables,Cabbage,02-02-2025,6.18,600,800,1000
Andhra Pradesh,Chittor,Palamaner APMC,Vegetables,Potato,02-02-2025,1.36,1500,2000,2500
Andhra Pradesh,Chittor,Palamaner APMC,Vegetables,Tomato,02-02-2025,43.33,1800,2000,2200
Andhra Pradesh,Chittor,Palamaner APMC,Vegetables,Cabbage,03-02-2025,6.93,600,1000,1300
Andhra Pradesh,Chittor,Palamaner APMC,Vegetables,Potato,03-02-2025,1,1500,2000,2500
Andhra Pradesh,Chittor,Palamaner APMC,Vegetables,Tomato,03-02-2025,53,1300,1500,1900
Andhra Pradesh,Chittor,Palamaner APMC,Vegetables,Cabbage,04-02-2025,7.86,600,800,1000
Andhra Pradesh,Chittor,Palamaner APMC,Vegetables,Potato,04-02-2025,0.6,1500,2000,2500
Andhra Pradesh,Chittor,Palamaner APMC,Vegetables,Tomato,04-02-2025,45.13,1450,1650,1850
Andhra Pradesh,Chittor,Palamaner APMC,Vegetables,Cabbage,05-02-2025,7.44,600,800,1000
Andhra Pradesh,Chittor,Palamaner APMC,Vegetables,Potato,05-02-2025,1.14,1500,2000,2500
Andhra Pradesh,Chittor,Palamaner APMC,Vegetables,Tomato,05-02-2025,57.55,1600,1800,2000
Andhra Pradesh,Chittor,Palamaner APMC,Vegetables,Cabbage,06-02-2025,7.05,600,800,1000
Andhra Pradesh,Chittor,Palamaner APMC,Vegetables,Potato,06-02-2025,0.9,1500,2500,3000
Andhra Pradesh,Chittor,Palamaner APMC,Vegetables,Tomato,06-02-2025,61.35,1600,1800,2130
Andhra Pradesh,Chittor,Palamaner APMC,Vegetables,Cabbage,07-02-2025,7.59,600,800,1000
Andhra Pradesh,Chittor,Palamaner APMC,Vegetables,Potato,07-02-2025,1.34,1500,2500,3000
Andhra Pradesh,Chittor,Palamaner APMC,Vegetables,Tomato,07-02-2025,55.35,1600,1800,2000
Andhra Pradesh,Chittor,Palamaner APMC,Vegetables,Cabbage,08-02-2025,15.18,600,900,1100
Andhra Pradesh,Chittor,Palamaner APMC,Vegetables,Potato,08-02-2025,1.28,1500,2500,3000
Andhra Pradesh,Chittor,Palamaner APMC,Vegetables,Tomato,08-02-2025,46.96,1600,1800,2000
Andhra Pradesh,Chittor,Palamaner APMC,Vegetables,Cabbage,09-02-2025,0.61,800,1000,1200
Andhra Pradesh,Chittor,Palamaner APMC,Vegetables,Potato,09-02-2025,0.6,1500,2500,3000
Andhra Pradesh,Chittor,Palamaner APMC,Vegetables,Tomato,09-02-2025,42.19,1500,1700,1900
Andhra Pradesh,Chittor,Palamaner APMC,Vegetables,Cabbage,10-02-2025,8.82,600,800,1000
Andhra Pradesh,Chittor,Palamaner APMC,Vegetables,Potato,10-02-2025,0.8,1500,2500,3000
Andhra Pradesh,Chittor,Palamaner APMC,Vegetables,Tomato,10-02-2025,48.27,1400,1600,1800
Andhra Pradesh,Chittor,Palamaner APMC,Vegetables,Cabbage,11-02-2025,5.85,600,1000,1200
Andhra Pradesh,Chittor,Palamaner APMC,Vegetables,Potato,11-02-2025,0.92,1500,2500,3000
Andhra Pradesh,Chittor,Palamaner APMC,Vegetables,Tomato,11-02-2025,63.09,1300,1500,1700
Andhra Pradesh,Chittor,Palamaner APMC,Vegetables,Cabbage,12-02-2025,1.98,600,800,1000
Andhra Pradesh,Chittor,Palamaner APMC,Vegetables,Potato,12-02-2025,0.6,1000,1500,2500
Andhra Pradesh,Chittor,Palamaner APMC,Vegetables,Tomato,12-02-2025,71.16,1100,1300,1500
Andhra Pradesh,Chittor,Palamaner APMC,Vegetables,Cabbage,13-02-2025,7.05,600,900,1100
Andhra Pradesh,Chittor,Palamaner APMC,Vegetables,Potato,13-02-2025,1,1000,1500,2000
Andhra Pradesh,Chittor,Palamaner APMC,Vegetables,Tomato,13-02-2025,73.44,1000,1200,1400
Andhra Pradesh,Chittor,Palamaner APMC,Vegetables,Cabbage,14-02-2025,5.25,400,600,800
Andhra Pradesh,Chittor,Palamaner APMC,Vegetables,Potato,14-02-2025,0.9,1000,2000,2500
Andhra Pradesh,Chittor,Palamaner APMC,Vegetables,Tomato,14-02-2025,80.01,1000,1200,1400
Andhra Pradesh,Chittor,Palamaner APMC,Vegetables,Cabbage,15-02-2025,8.73,400,600,800
Andhra Pradesh,Chittor,Palamaner APMC,Vegetables,Potato,15-02-2025,0.6,1000,2000,2500
Andhra Pradesh,Chittor,Palamaner APMC,Vegetables,Tomato,15-02-2025,71.07,1100,1300,1500
Andhra Pradesh,Chittor,Palamaner APMC,Vegetables,Cabbage,16-02-2025,2.22,400,600,800
Andhra Pradesh,Chittor,Palamaner APMC,Vegetables,Potato,16-02-2025,0.9,1000,2000,2500
Andhra Pradesh,Chittor,Palamaner APMC,Vegetables,Tomato,16-02-2025,61.95,1600,1800,2000
Andhra Pradesh,Chittor,Palamaner APMC,Vegetables,Cabbage,17-02-2025,8.58,400,550,700
Andhra Pradesh,Chittor,Palamaner APMC,Vegetables,Potato,17-02-2025,1.28,1500,2000,2500
Andhra Pradesh,Chittor,Palamaner APMC,Vegetables,Tomato,17-02-2025,75.31,1200,1400,1600
Andhra Pradesh,Chittor,Palamaner APMC,Vegetables,Cabbage,18-02-2025,5.64,400,600,800
Andhra Pradesh,Chittor,Palamaner APMC,Vegetables,Potato,18-02-2025,0.6,1500,2500,3000
Andhra Pradesh,Chittor,Palamaner APMC,Vegetables,Tomato,18-02-2025,85.9,1100,1280,1420
Andhra Pradesh,Chittor,Palamaner APMC,Vegetables,Cabbage,19-02-2025,2.85,400,600,800
Andhra Pradesh,Chittor,Palamaner APMC,Vegetables,Potato,19-02-2025,1.2,1500,2000,2500
Andhra Pradesh,Chittor,Palamaner APMC,Vegetables,Tomato,19-02-2025,90.88,970,1130,1250
Andhra Pradesh,Chittor,Palamaner APMC,Vegetables,Cabbage,20-02-2025,8.7,400,600,800
Andhra Pradesh,Chittor,Palamaner APMC,Vegetables,Potato,20-02-2025,0.85,1500,2000,2500
Andhra Pradesh,Chittor,Palamaner APMC,Vegetables,Tomato,20-02-2025,94.21,1020,1170,1350
Andhra Pradesh,Chittor,Palamaner APMC,Vegetables,Cabbage,21-02-2025,3.84,400,600,800
Andhra Pradesh,Chittor,Palamaner APMC,Vegetables,Potato,21-02-2025,1,1200,1600,2000
Andhra Pradesh,Chittor,Palamaner APMC,Vegetables,Tomato,21-02-2025,5.8,1080,1200,1310
Andhra Pradesh,Chittor,Palamaner APMC,Vegetables,Cabbage,22-02-2025,7.08,400,600,800
Andhra Pradesh,Chittor,Palamaner APMC,Vegetables,Potato,22-02-2025,1.16,1200,1600,2000
Andhra Pradesh,Chittor,Palamaner APMC,Vegetables,Tomato,22-02-2025,37,900,1000,1100
Andhra Pradesh,Chittor,Palamaner APMC,Vegetables,Cabbage,23-02-2025,3,400,600,800
Andhra Pradesh,Chittor,Palamaner APMC,Vegetables,Potato,23-02-2025,0.6,1200,1600,2000
Andhra Pradesh,Chittor,Palamaner APMC,Vegetables,Tomato,23-02-2025,35.92,1000,1100,1220
Andhra Pradesh,Chittor,Palamaner APMC,Vegetables,Cabbage,24-02-2025,7.38,400,600,800
Andhra Pradesh,Chittor,Palamaner APMC,Vegetables,Potato,24-02-2025,1.98,1200,1600,2000
Andhra Pradesh,Chittor,Palamaner APMC,Vegetables,Tomato,24-02-2025,39,1000,1100,1200
Andhra Pradesh,Chittor,Palamaner APMC,Vegetables,Cabbage,25-02-2025,10.14,400,600,800
Andhra Pradesh,Chittor,Palamaner APMC,Vegetables,Potato,25-02-2025,1.3,1500,2000,2500
Andhra Pradesh,Chittor,Palamaner APMC,Vegetables,Tomato,25-02-2025,41,1000,1100,1200
Andhra Pradesh,Chittor,Palamaner APMC,Vegetables,Cabbage,26-02-2025,3.93,400,600,800
Andhra Pradesh,Chittor,Palamaner APMC,Vegetables,Potato,26-02-2025,1.4,1200,1600,2000
Andhra Pradesh,Chittor,Palamaner APMC,Vegetables,Tomato,26-02-2025,39.01,900,1000,1100
Andhra Pradesh,Chittor,Palamaner APMC,Vegetables,Cabbage,27-02-2025,8.04,400,600,800
Andhra Pradesh,Chittor,Palamaner APMC,Vegetables,Potato,27-02-2025,2.49,1200,1600,2000
Andhra Pradesh,Chittor,Palamaner APMC,Vegetables,Tomato,27-02-2025,31.1,900,1000,1150
Andhra Pradesh,Chittor,Palamaner APMC,Vegetables,Cabbage,28-02-2025,6.93,400,600,800
Andhra Pradesh,Chittor,Palamaner APMC,Vegetables,Potato,28-02-2025,1.62,1200,1600,2000
Andhra Pradesh,Chittor,Palamaner APMC,Vegetables,Tomato,28-02-2025,28,1000,1170,1300
Andhra Pradesh,Chittor,Palamaner APMC,Vegetables,Cabbage,01-03-2025,8.67,400,500,600
Andhra Pradesh,Chittor,Palamaner APMC,Vegetables,Potato,01-03-2025,2.2,2000,2500,3000
Andhra Pradesh,Chittor,Palamaner APMC,Vegetables,Tomato,01-03-2025,26.01,900,1000,1150
Andhra Pradesh,Chittor,Palamaner APMC,Vegetables,Cabbage,02-03-2025,1.5,400,500,600
Andhra Pradesh,Chittor,Palamaner APMC,Vegetables,Potato,02-03-2025,1.3,2000,2500,3000
Andhra Pradesh,Chittor,Palamaner APMC,Vegetables,Tomato,02-03-2025,27.3,900,1000,1100
Andhra Pradesh,Chittor,Palamaner APMC,Vegetables,Cabbage,03-03-2025,9.24,400,500,600
Andhra Pradesh,Chittor,Palamaner APMC,Vegetables,Potato,03-03-2025,1.4,1400,1800,2200
Andhra Pradesh,Chittor,Palamaner APMC,Vegetables,Tomato,03-03-2025,32,900,1000,1150
Andhra Pradesh,Chittor,Palamaner APMC,Vegetables,Cabbage,04-03-2025,2.7,400,500,600
Andhra Pradesh,Chittor,Palamaner APMC,Vegetables,Potato,04-03-2025,1,1400,1800,2200
Andhra Pradesh,Chittor,Palamaner APMC,Vegetables,Cabbage,05-03-2025,3.69,500,600,700
Andhra Pradesh,Chittor,Palamaner APMC,Vegetables,Potato,05-03-2025,0.8,2000,2500,3000
Andhra Pradesh,Chittor,Palamaner APMC,Vegetables,Tomato,05-03-2025,35.2,900,1000,1100
Andhra Pradesh,Chittor,Palamaner APMC,Vegetables,Cabbage,06-03-2025,2.7,500,600,700
Andhra Pradesh,Chittor,Palamaner APMC,Vegetables,Tomato,06-03-2025,36.51,850,950,1050
Andhra Pradesh,Chittor,Palamaner APMC,Vegetables,Cabbage,07-03-2025,2.55,500,600,700
Andhra Pradesh,Chittor,Palamaner APMC,Vegetables,Potato,07-03-2025,0.6,1000,1500,2000
Andhra Pradesh,Chittor,Palamaner APMC,Vegetables,Tomato,07-03-2025,38,850,950,1050
Andhra Pradesh,Chittor,Palamaner APMC,Vegetables,Cabbage,08-03-2025,2.58,400,500,600
Andhra Pradesh,Chittor,Palamaner APMC,Vegetables,Potato,08-03-2025,1.16,1800,2200,2400
Andhra Pradesh,Chittor,Palamaner APMC,Vegetables,Tomato,08-03-2025,34.2,900,1000,1100
Andhra Pradesh,Chittor,Palamaner APMC,Vegetables,Cabbage,09-03-2025,2.25,400,500,600
Andhra Pradesh,Chittor,Palamaner APMC,Vegetables,Potato,09-03-2025,0.9,1800,2200,2400
Andhra Pradesh,Chittor,Palamaner APMC,Vegetables,Tomato,09-03-2025,30,900,1000,1100
Andhra Pradesh,Chittor,Palamaner APMC,Vegetables,Cabbage,10-03-2025,7.8,500,600,800
Andhra Pradesh,Chittor,Palamaner APMC,Vegetables,Potato,10-03-2025,1.2,1000,1500,2000
Andhra Pradesh,Chittor,Palamaner APMC,Vegetables,Tomato,10-03-2025,32,850,950,1050
Andhra Pradesh,Chittor,Palamaner APMC,Vegetables,Cabbage,11-03-2025,8.25,600,700,800
Andhra Pradesh,Chittor,Palamaner APMC,Vegetables,Potato,11-03-2025,1.3,1000,1500,2000
Andhra Pradesh,Chittor,Palamaner APMC,Vegetables,Tomato,11-03-2025,34,850,950,1090
Andhra Pradesh,Chittor,Palamaner APMC,Vegetables,Cabbage,12-03-2025,8.31,600,700,800
Andhra Pradesh,Chittor,Palamaner APMC,Vegetables,Potato,12-03-2025,1.3,1000,1500,2000
Andhra Pradesh,Chittor,Palamaner APMC,Vegetables,Tomato,12-03-2025,27.05,850,950,1100
Andhra Pradesh,Chittor,Palamaner APMC,Vegetables,Cabbage,13-03-2025,2.82,600,700,800
Andhra Pradesh,Chittor,Palamaner APMC,Vegetables,Potato,13-03-2025,0.76,1000,1500,2000
Andhra Pradesh,Chittor,Palamaner APMC,Vegetables,Tomato,13-03-2025,28.84,850,950,1050
Andhra Pradesh,Chittor,Palamaner APMC,Vegetables,Cabbage,14-03-2025,8.37,600,800,1100
Andhra Pradesh,Chittor,Palamaner APMC,Vegetables,Potato,14-03-2025,1.4,1000,2000,3000
Andhra Pradesh,Chittor,Palamaner APMC,Vegetables,Tomato,14-03-2025,33,800,900,1000
Andhra Pradesh,Chittor,Palamaner APMC,Vegetables,Cabbage,15-03-2025,2.28,400,500,600
Andhra Pradesh,Chittor,Palamaner APMC,Vegetables,Potato,15-03-2025,1.42,900,1200,1500
Andhra Pradesh,Chittor,Palamaner APMC,Vegetables,Tomato,15-03-2025,25,850,950,1050
Andhra Pradesh,Chittor,Palamaner APMC,Vegetables,Cabbage,16-03-2025,4.56,600,800,1000
Andhra Pradesh,Chittor,Palamaner APMC,Vegetables,Potato,16-03-2025,0.92,900,1200,1500
Andhra Pradesh,Chittor,Palamaner APMC,Vegetables,Tomato,16-03-2025,31.18,900,1000,1100
Andhra Pradesh,Chittor,Palamaner APMC,Vegetables,Cabbage,17-03-2025,5.31,600,800,1000
Andhra Pradesh,Chittor,Palamaner APMC,Vegetables,Potato,17-03-2025,0.74,900,1200,1500
Andhra Pradesh,Chittor,Palamaner APMC,Vegetables,Tomato,17-03-2025,30.16,950,1000,1100
Andhra Pradesh,Chittor,Palamaner APMC,Vegetables,Cabbage,18-03-2025,6.03,600,800,1000
Andhra Pradesh,Chittor,Palamaner APMC,Vegetables,Potato,18-03-2025,1,800,1000,1200
Andhra Pradesh,Chittor,Palamaner APMC,Vegetables,Tomato,18-03-2025,32.85,850,950,1050
Andhra Pradesh,Chittor,Palamaner APMC,Vegetables,Cabbage,19-03-2025,6.6,600,800,1000
Andhra Pradesh,Chittor,Palamaner APMC,Vegetables,Potato,19-03-2025,2.76,900,1200,1500
Andhra Pradesh,Chittor,Palamaner APMC,Vegetables,Tomato,19-03-2025,30.81,850,950,1050
Andhra Pradesh,Chittor,Palamaner APMC,Vegetables,Cabbage,20-03-2025,6.27,600,800,1000
Andhra Pradesh,Chittor,Palamaner APMC,Vegetables,Potato,20-03-2025,1.26,900,1200,1500
Andhra Pradesh,Chittor,Palamaner APMC,Vegetables,Tomato,20-03-2025,30.3,900,1000,1100
Andhra Pradesh,Chittor,Palamaner APMC,Vegetables,Cabbage,21-03-2025,3.75,600,800,1000
Andhra Pradesh,Chittor,Palamaner APMC,Vegetables,Potato,21-03-2025,2.02,900,1200,1500
Andhra Pradesh,Chittor,Palamaner APMC,Vegetables,Tomato,21-03-2025,32.08,845,930,1075
Andhra Pradesh,Chittor,Palamaner APMC,Vegetables,Cabbage,22-03-2025,3.75,600,800,1000
Andhra Pradesh,Chittor,Palamaner APMC,Vegetables,Potato,22-03-2025,1.6,1000,1500,2000
Andhra Pradesh,Chittor,Palamaner APMC,Vegetables,Tomato,22-03-2025,27.13,900,1000,1100
Andhra Pradesh,Chittor,Palamaner APMC,Vegetables,Cabbage,23-03-2025,4.26,600,800,1000
Andhra Pradesh,Chittor,Palamaner APMC,Vegetables,Potato,23-03-2025,1.2,1000,1500,2000
Andhra Pradesh,Chittor,Palamaner APMC,Vegetables,Cabbage,24-03-2025,3.3,600,800,1000
Andhra Pradesh,Chittor,Palamaner APMC,Vegetables,Potato,24-03-2025,1.2,1000,1500,2000
Andhra Pradesh,Chittor,Palamaner APMC,Vegetables,Tomato,24-03-2025,28.6,840,960,1030
Andhra Pradesh,Chittor,Palamaner APMC,Vegetables,Cabbage,25-03-2025,2.85,600,800,1000
Andhra Pradesh,Chittor,Palamaner APMC,Vegetables,Potato,25-03-2025,1.4,1000,1500,2000
Andhra Pradesh,Chittor,Palamaner APMC,Vegetables,Tomato,25-03-2025,32.2,800,900,1000
Andhra Pradesh,Chittor,Palamaner APMC,Vegetables,Cabbage,26-03-2025,9.33,600,800,1000
Andhra Pradesh,Chittor,Palamaner APMC,Vegetables,Potato,26-03-2025,0.86,700,1000,1500
Andhra Pradesh,Chittor,Palamaner APMC,Vegetables,Tomato,26-03-2025,38.11,850,950,1050
Andhra Pradesh,Chittor,Palamaner APMC,Vegetables,Cabbage,27-03-2025,3.15,600,800,1000
Andhra Pradesh,Chittor,Palamaner APMC,Vegetables,Potato,27-03-2025,1.2,1600,1700,1800
Andhra Pradesh,Chittor,Palamaner APMC,Vegetables,Tomato,27-03-2025,39.01,800,900,1000
Andhra Pradesh,Chittor,Palamaner APMC,Vegetables,Cabbage,28-03-2025,8.67,600,800,1000
Andhra Pradesh,Chittor,Palamaner APMC,Vegetables,Potato,28-03-2025,1.1,1500,1800,2000
Andhra Pradesh,Chittor,Palamaner APMC,Vegetables,Tomato,28-03-2025,45.42,850,950,1050
Andhra Pradesh,Chittor,Palamaner APMC,Vegetables,Cabbage,29-03-2025,6.81,600,800,1000
Andhra Pradesh,Chittor,Palamaner APMC,Vegetables,Potato,29-03-2025,1.6,800,1000,1500
Andhra Pradesh,Chittor,Palamaner APMC,Vegetables,Tomato,29-03-2025,57.01,850,900,950
Andhra Pradesh,Chittor,Palamaner APMC,Vegetables,Cabbage,30-03-2025,2.55,600,800,1000
Andhra Pradesh,Chittor,Palamaner APMC,Vegetables,Potato,30-03-2025,1.3,1400,1600,1800
Andhra Pradesh,Chittor,Palamaner APMC,Vegetables,Tomato,30-03-2025,19.48,950,1150,1350
Andhra Pradesh,Chittor,Palamaner APMC,Vegetables,Cabbage,31-03-2025,2.85,600,800,1000
Andhra Pradesh,Chittor,Palamaner APMC,Vegetables,Potato,31-03-2025,1.1,1400,1600,1800
Andhra Pradesh,Chittor,Palamaner APMC,Vegetables,Tomato,31-03-2025,11.56,1300,1500,1730
Andhra Pradesh,Chittor,Palamaner APMC,Vegetables,Cabbage,01-04-2025,2.85,600,800,1000
Andhra Pradesh,Chittor,Palamaner APMC,Vegetables,Potato,01-04-2025,1.06,1200,1500,1600
Andhra Pradesh,Chittor,Palamaner APMC,Vegetables,Tomato,01-04-2025,36,850,1000,1200
Andhra Pradesh,Chittor,Palamaner APMC,Vegetables,Cabbage,02-04-2025,2.55,600,800,1000
Andhra Pradesh,Chittor,Palamaner APMC,Vegetables,Potato,02-04-2025,1.56,1200,1500,1600
Andhra Pradesh,Chittor,Palamaner APMC,Vegetables,Tomato,02-04-2025,5.2,870,950,1120
Andhra Pradesh,Chittor,Palamaner APMC,Vegetables,Cabbage,03-04-2025,8.46,600,800,1000
Andhra Pradesh,Chittor,Palamaner APMC,Vegetables,Potato,03-04-2025,1.56,1200,1600,1800
Andhra Pradesh,Chittor,Palamaner APMC,Vegetables,Tomato,03-04-2025,54,830,920,1020
Andhra Pradesh,Chittor,Palamaner APMC,Vegetables,Cabbage,04-04-2025,3.3,600,800,1000
Andhra Pradesh,Chittor,Palamaner APMC,Vegetables,Potato,04-04-2025,1.2,1000,1500,2000
Andhra Pradesh,Chittor,Palamaner APMC,Vegetables,Tomato,04-04-2025,67,830,1020,1210
Andhra Pradesh,Chittor,Palamaner APMC,Vegetables,Cabbage,05-04-2025,66,600,800,1000
Andhra Pradesh,Chittor,Palamaner APMC,Vegetables,Potato,05-04-2025,10,500,1000,1500
Andhra Pradesh,Chittor,Palamaner APMC,Vegetables,Tomato,05-04-2025,72,930,1050,1200
Andhra Pradesh,Chittor,Palamaner APMC,Vegetables,Cabbage,06-04-2025,6.69,600,800,1000
Andhra Pradesh,Chittor,Palamaner APMC,Vegetables,Potato,06-04-2025,0.76,800,1300,1800
Andhra Pradesh,Chittor,Palamaner APMC,Vegetables,Tomato,06-04-2025,89,900,1050,1200
Andhra Pradesh,Chittor,Palamaner APMC,Vegetables,Cabbage,07-04-2025,8.94,600,800,1000
Andhra Pradesh,Chittor,Palamaner APMC,Vegetables,Potato,07-04-2025,0.96,1000,1500,2000
Andhra Pradesh,Chittor,Palamaner APMC,Vegetables,Tomato,07-04-2025,102.61,820,1040,1230
Andhra Pradesh,Chittor,Palamaner APMC,Vegetables,Cabbage,08-04-2025,3.9,600,800,1000
Andhra Pradesh,Chittor,Palamaner APMC,Vegetables,Potato,08-04-2025,1.46,1400,1500,1600
Andhra Pradesh,Chittor,Palamaner APMC,Vegetables,Tomato,08-04-2025,110,840,980,1100
Andhra Pradesh,Chittor,Palamaner APMC,Vegetables,Cabbage,09-04-2025,8.97,600,800,1000
Andhra Pradesh,Chittor,Palamaner APMC,Vegetables,Potato,09-04-2025,0.94,1400,1500,1600
Andhra Pradesh,Chittor,Palamaner APMC,Vegetables,Tomato,09-04-2025,124,1020,1100,1230
Andhra Pradesh,Chittor,Palamaner APMC,Vegetables,Cabbage,10-04-2025,7.65,500,1000,1500
Andhra Pradesh,Chittor,Palamaner APMC,Vegetables,Potato,10-04-2025,1.08,1000,1500,1700
Andhra Pradesh,Chittor,Palamaner APMC,Vegetables,Tomato,10-04-2025,132,1030,1200,1310
Andhra Pradesh,Chittor,Palamaner APMC,Vegetables,Cabbage,11-04-2025,10.71,500,1000,1500
Andhra Pradesh,Chittor,Palamaner APMC,Vegetables,Potato,11-04-2025,2.68,1000,1500,1700
Andhra Pradesh,Chittor,Palamaner APMC,Vegetables,Tomato,11-04-2025,150.03,1060,1170,1360
Andhra Pradesh,Chittor,Palamaner APMC,Vegetables,Cabbage,12-04-2025,4.05,1000,1100,1300
Andhra Pradesh,Chittor,Palamaner APMC,Vegetables,Potato,12-04-2025,1,800,1000,1800
Andhra Pradesh,Chittor,Palamaner APMC,Vegetables,Tomato,12-04-2025,147.81,1100,1270,1400
Andhra Pradesh,Chittor,Palamaner APMC,Vegetables,Cabbage,13-04-2025,3.6,1000,1100,1300
Andhra Pradesh,Chittor,Palamaner APMC,Vegetables,Potato,13-04-2025,1,800,1000,1800
Andhra Pradesh,Chittor,Palamaner APMC,Vegetables,Tomato,13-04-2025,155.01,1000,1100,1200
Andhra Pradesh,Chittor,Palamaner APMC,Vegetables,Cabbage,14-04-2025,7.59,1000,1100,1300
Andhra Pradesh,Chittor,Palamaner APMC,Vegetables,Potato,14-04-2025,1.24,800,1000,1800
Andhra Pradesh,Chittor,Palamaner APMC,Vegetables,Tomato,14-04-2025,160,1070,1170,1240
Andhra Pradesh,Chittor,Palamaner APMC,Vegetables,Cabbage,15-04-2025,8.52,500,1000,1500
Andhra Pradesh,Chittor,Palamaner APMC,Vegetables,Potato,15-04-2025,1.68,800,1000,1800
Andhra Pradesh,Chittor,Palamaner APMC,Vegetables,Tomato,15-04-2025,190.77,960,1100,1210
Andhra Pradesh,Chittor,Palamaner APMC,Vegetables,Cabbage,16-04-2025,5.7,500,1000,1500
Andhra Pradesh,Chittor,Palamaner APMC,Vegetables,Potato,16-04-2025,2.26,800,1000,1800
Andhra Pradesh,Chittor,Palamaner APMC,Vegetables,Tomato,16-04-2025,201.93,950,1050,1150
Andhra Pradesh,Chittor,Palamaner APMC,Vegetables,Cabbage,17-04-2025,8.19,300,400,600
Andhra Pradesh,Chittor,Palamaner APMC,Vegetables,Potato,17-04-2025,2.12,1600,1800,2000
Andhra Pradesh,Chittor,Palamaner APMC,Vegetables,Tomato,17-04-2025,216.64,900,1050,1120
Andhra Pradesh,Chittor,Palamaner APMC,Vegetables,Cabbage,18-04-2025,8.22,330,430,630
Andhra Pradesh,Chittor,Palamaner APMC,Vegetables,Potato,18-04-2025,2.42,800,1400,1600
Andhra Pradesh,Chittor,Palamaner APMC,Vegetables,Tomato,18-04-2025,233.52,850,1010,1130
Andhra Pradesh,Chittor,Palamaner APMC,Vegetables,Cabbage,19-04-2025,7.35,300,400,600
Andhra Pradesh,Chittor,Palamaner APMC,Vegetables,Potato,19-04-2025,1.54,700,1100,1500
Andhra Pradesh,Chittor,Palamaner APMC,Vegetables,Tomato,19-04-2025,202,1030,1100,1200
Andhra Pradesh,Chittor,Palamaner APMC,Vegetables,Cabbage,20-04-2025,2.67,300,400,600
Andhra Pradesh,Chittor,Palamaner APMC,Vegetables,Potato,20-04-2025,0.8,700,1100,1500
Andhra Pradesh,Chittor,Palamaner APMC,Vegetables,Tomato,20-04-2025,233.97,930,1050,1170
Andhra Pradesh,Chittor,Palamaner APMC,Vegetables,Cabbage,21-04-2025,11.13,300,400,500
Andhra Pradesh,Chittor,Palamaner APMC,Vegetables,Potato,21-04-2025,1.6,700,1000,1700
Andhra Pradesh,Chittor,Palamaner APMC,Vegetables,Tomato,21-04-2025,226.74,950,1050,1200
Andhra Pradesh,Chittor,Palamaner APMC,Vegetables,Cabbage,22-04-2025,12.81,300,400,500
Andhra Pradesh,Chittor,Palamaner APMC,Vegetables,Potato,22-04-2025,1.5,800,1000,1800
Andhra Pradesh,Chittor,Palamaner APMC,Vegetables,Tomato,22-04-2025,260.08,860,930,1070
Andhra Pradesh,Chittor,Palamaner APMC,Vegetables,Cabbage,23-04-2025,6.87,330,430,530
Andhra Pradesh,Chittor,Palamaner APMC,Vegetables,Potato,23-04-2025,1.74,700,1000,1700
Andhra Pradesh,Chittor,Palamaner APMC,Vegetables,Tomato,23-04-2025,273.64,850,950,1050
Andhra Pradesh,Chittor,Palamaner APMC,Vegetables,Cabbage,24-04-2025,3.75,330,430,530
Andhra Pradesh,Chittor,Palamaner APMC,Vegetables,Potato,24-04-2025,1.64,700,1000,1700
Andhra Pradesh,Chittor,Palamaner APMC,Vegetables,Tomato,24-04-2025,301.5,850,930,1020
Andhra Pradesh,Chittor,Palamaner APMC,Vegetables,Cabbage,25-04-2025,8.97,300,400,500
Andhra Pradesh,Chittor,Palamaner APMC,Vegetables,Potato,25-04-2025,1.38,800,1000,1800
Andhra Pradesh,Chittor,Palamaner APMC,Vegetables,Tomato,25-04-2025,317.77,830,940,1020
Andhra Pradesh,Chittor,Palamaner APMC,Vegetables,Cabbage,26-04-2025,7.29,300,400,500
Andhra Pradesh,Chittor,Palamaner APMC,Vegetables,Potato,26-04-2025,0.92,800,1000,1800
Andhra Pradesh,Chittor,Palamaner APMC,Vegetables,Tomato,26-04-2025,328.24,800,900,1000
Andhra Pradesh,Chittor,Palamaner APMC,Vegetables,Cabbage,27-04-2025,12.39,300,400,500
Andhra Pradesh,Chittor,Palamaner APMC,Vegetables,Potato,27-04-2025,1.18,800,1000,1800
Andhra Pradesh,Chittor,Palamaner APMC,Vegetables,Tomato,27-04-2025,343.36,800,900,1000
Andhra Pradesh,Chittor,Palamaner APMC,Vegetables,Cabbage,28-04-2025,5.1,330,430,530
Andhra Pradesh,Chittor,Palamaner APMC,Vegetables,Potato,28-04-2025,1.34,1000,1500,2000
Andhra Pradesh,Chittor,Palamaner APMC,Vegetables,Tomato,28-04-2025,335.1,840,930,1020
Andhra Pradesh,Chittor,Palamaner APMC,Vegetables,Cabbage,29-04-2025,8.16,330,430,530
Andhra Pradesh,Chittor,Palamaner APMC,Vegetables,Potato,29-04-2025,0.9,1000,1500,2000
Andhra Pradesh,Chittor,Palamaner APMC,Vegetables,Tomato,29-04-2025,325.59,840,930,1020
Andhra Pradesh,Chittor,Palamaner APMC,Vegetables,Cabbage,30-04-2025,12.96,330,430,530
Andhra Pradesh,Chittor,Palamaner APMC,Vegetables,Potato,30-04-2025,1.25,1000,1500,2000
Andhra Pradesh,Chittor,Palamaner APMC,Vegetables,Tomato,30-04-2025,330,800,900,1000
Andhra Pradesh,Chittor,Palamaner APMC,Vegetables,Cabbage,01-05-2025,11.73,330,430,530
Andhra Pradesh,Chittor,Palamaner APMC,Vegetables,Potato,01-05-2025,1.1,1000,1500,2000
Andhra Pradesh,Chittor,Palamaner APMC,Vegetables,Tomato,01-05-2025,350,800,900,1000
Andhra Pradesh,Chittor,Palamaner APMC,Vegetables,Cabbage,02-05-2025,9.45,330,430,530
Andhra Pradesh,Chittor,Palamaner APMC,Vegetables,Potato,02-05-2025,1.12,1000,1500,2000
Andhra Pradesh,Chittor,Palamaner APMC,Vegetables,Tomato,02-05-2025,360.78,820,920,1030
Andhra Pradesh,Chittor,Palamaner APMC,Vegetables,Cabbage,03-05-2025,7.92,330,430,530
Andhra Pradesh,Chittor,Palamaner APMC,Vegetables,Potato,03-05-2025,1.54,1000,1500,2000
Andhra Pradesh,Chittor,Palamaner APMC,Vegetables,Tomato,03-05-2025,348.31,800,900,1000
Andhra Pradesh,Chittor,Palamaner APMC,Vegetables,Cabbage,06-05-2025,7.32,400,500,600
Andhra Pradesh,Chittor,Palamaner APMC,Vegetables,Potato,06-05-2025,0.82,1000,1500,2000
Andhra Pradesh,Chittor,Palamaner APMC,Vegetables,Tomato,06-05-2025,385.02,800,850,930
Andhra Pradesh,Chittor,Palamaner APMC,Vegetables,Cabbage,07-05-2025,12,400,500,600
Andhra Pradesh,Chittor,Palamaner APMC,Vegetables,Potato,07-05-2025,2.2,1000,1500,2000
Andhra Pradesh,Chittor,Palamaner APMC,Vegetables,Tomato,07-05-2025,394.3,800,850,930
Andhra Pradesh,Chittor,Palamaner APMC,Vegetables,Cabbage,08-05-2025,8.61,360,460,560
Andhra Pradesh,Chittor,Palamaner APMC,Vegetables,Potato,08-05-2025,1.3,1100,1600,2200
Andhra Pradesh,Chittor,Palamaner APMC,Vegetables,Tomato,08-05-2025,435.64,460,570,700
Andhra Pradesh,Chittor,Palamaner APMC,Vegetables,Cabbage,09-05-2025,10.68,360,460,560
Andhra Pradesh,Chittor,Palamaner APMC,Vegetables,Potato,09-05-2025,1.76,1100,1600,2200
Andhra Pradesh,Chittor,Palamaner APMC,Vegetables,Tomato,09-05-2025,452.64,470,580,740
Andhra Pradesh,Chittor,Palamaner APMC,Vegetables,Cabbage,11-05-2025,8.52,360,460,560
Andhra Pradesh,Chittor,Palamaner APMC,Vegetables,Potato,11-05-2025,1.08,1100,1600,2000
Andhra Pradesh,Chittor,Palamaner APMC,Vegetables,Tomato,11-05-2025,478.81,450,530,670
Andhra Pradesh,Chittor,Palamaner APMC,Vegetables,Cabbage,12-05-2025,8.64,360,460,560
Andhra Pradesh,Chittor,Palamaner APMC,Vegetables,Potato,12-05-2025,1.36,1100,1600,2000
Andhra Pradesh,Chittor,Palamaner APMC,Vegetables,Tomato,12-05-2025,450,470,540,660
Andhra Pradesh,Chittor,Palamaner APMC,Vegetables,Cabbage,13-05-2025,7.65,330,430,530
Andhra Pradesh,Chittor,Palamaner APMC,Vegetables,Potato,13-05-2025,1.24,1100,1600,2200
Andhra Pradesh,Chittor,Palamaner APMC,Vegetables,Tomato,13-05-2025,462.03,570,650,740
Andhra Pradesh,Chittor,Palamaner APMC,Vegetables,Cabbage,14-05-2025,10.59,330,430,500
Andhra Pradesh,Chittor,Palamaner APMC,Vegetables,Potato,14-05-2025,1.5,1100,1600,2000
Andhra Pradesh,Chittor,Palamaner APMC,Vegetables,Tomato,14-05-2025,432,570,680,790
Andhra Pradesh,Chittor,Palamaner APMC,Vegetables,Cabbage,15-05-2025,7.2,330,430,500
Andhra Pradesh,Chittor,Palamaner APMC,Vegetables,Potato,15-05-2025,2.22,1100,1600,2000
Andhra Pradesh,Chittor,Palamaner APMC,Vegetables,Tomato,15-05-2025,475,460,570,650
Andhra Pradesh,Chittor,Palamaner APMC,Vegetables,Cabbage,16-05-2025,8.73,330,430,500
Andhra Pradesh,Chittor,Palamaner APMC,Vegetables,Potato,16-05-2025,2.14,1100,1600,2000
Andhra Pradesh,Chittor,Palamaner APMC,Vegetables,Tomato,16-05-2025,485.37,480,610,720
Andhra Pradesh,Chittor,Palamaner APMC,Vegetables,Cabbage,17-05-2025,10.02,360,460,560
Andhra Pradesh,Chittor,Palamaner APMC,Vegetables,Potato,17-05-2025,2.1,1000,1500,2000
Andhra Pradesh,Chittor,Palamaner APMC,Vegetables,Tomato,17-05-2025,470.05,620,710,800
Andhra Pradesh,Chittor,Palamaner APMC,Vegetables,Cabbage,18-05-2025,9.3,330,430,500
Andhra Pradesh,Chittor,Palamaner APMC,Vegetables,Potato,18-05-2025,0.92,1100,1600,2000
Andhra Pradesh,Chittor,Palamaner APMC,Vegetables,Tomato,18-05-2025,450,650,720,810
Andhra Pradesh,Chittor,Palamaner APMC,Vegetables,Cabbage,19-05-2025,10.86,300,400,500
Andhra Pradesh,Chittor,Palamaner APMC,Vegetables,Potato,19-05-2025,2.58,1000,1500,2000
Andhra Pradesh,Chittor,Palamaner APMC,Vegetables,Tomato,19-05-2025,475,600,700,800
Andhra Pradesh,Chittor,Palamaner APMC,Vegetables,Cabbage,20-05-2025,8.7,300,400,500
Andhra Pradesh,Chittor,Palamaner APMC,Vegetables,Potato,20-05-2025,1.54,1000,1500,2000
Andhra Pradesh,Chittor,Palamaner APMC,Vegetables,Tomato,20-05-2025,432.21,850,940,1070
Andhra Pradesh,Chittor,Palamaner APMC,Vegetables,Cabbage,21-05-2025,7.41,330,430,530
Andhra Pradesh,Chittor,Palamaner APMC,Vegetables,Potato,21-05-2025,1.48,1100,1600,2200
Andhra Pradesh,Chittor,Palamaner APMC,Vegetables,Tomato,21-05-2025,427.15,860,970,1100
Andhra Pradesh,Chittor,Palamaner APMC,Vegetables,Cabbage,22-05-2025,7.89,330,430,530
Andhra Pradesh,Chittor,Palamaner APMC,Vegetables,Potato,22-05-2025,1.48,1100,1600,2200
Andhra Pradesh,Chittor,Palamaner APMC,Vegetables,Tomato,22-05-2025,415.03,660,800,910
Andhra Pradesh,Chittor,Palamaner APMC,Vegetables,Cabbage,23-05-2025,6.15,300,400,600
Andhra Pradesh,Chittor,Palamaner APMC,Vegetables,Potato,23-05-2025,1.06,1000,1500,2000
Andhra Pradesh,Chittor,Palamaner APMC,Vegetables,Tomato,23-05-2025,422,770,900,1000
Andhra Pradesh,Chittor,Palamaner APMC,Vegetables,Cabbage,24-05-2025,8.4,300,400,600
Andhra Pradesh,Chittor,Palamaner APMC,Vegetables,Potato,24-05-2025,1.08,1000,1500,2000
Andhra Pradesh,Chittor,Palamaner APMC,Vegetables,Tomato,24-05-2025,445,600,800,1000
Andhra Pradesh,Chittor,Palamaner APMC,Vegetables,Cabbage,26-05-2025,8.46,360,460,560
Andhra Pradesh,Chittor,Palamaner APMC,Vegetables,Potato,26-05-2025,1.48,1000,1600,2200
Andhra Pradesh,Chittor,Palamaner APMC,Vegetables,Tomato,26-05-2025,450.04,850,950,1050
Andhra Pradesh,Chittor,Palamaner APMC,Vegetables,Cabbage,27-05-2025,7.92,360,460,560
Andhra Pradesh,Chittor,Palamaner APMC,Vegetables,Potato,27-05-2025,1.2,1000,1600,2200
Andhra Pradesh,Chittor,Palamaner APMC,Vegetables,Tomato,27-05-2025,470.01,830,930,1000
Andhra Pradesh,Chittor,Palamaner APMC,Vegetables,Cabbage,28-05-2025,9.06,300,400,500
Andhra Pradesh,Chittor,Palamaner APMC,Vegetables,Potato,28-05-2025,1.24,1000,1500,2000
Andhra Pradesh,Chittor,Palamaner APMC,Vegetables,Tomato,28-05-2025,475,850,930,1000
Andhra Pradesh,Chittor,Palamaner APMC,Vegetables,Cabbage,29-05-2025,102,300,400,500
Andhra Pradesh,Chittor,Palamaner APMC,Vegetables,Potato,29-05-2025,10.2,1000,1500,2000
Andhra Pradesh,Chittor,Palamaner APMC,Vegetables,Tomato,29-05-2025,490,800,900,1000
Andhra Pradesh,Chittor,Palamaner APMC,Vegetables,Cabbage,30-05-2025,6.9,330,430,530
Andhra Pradesh,Chittor,Palamaner APMC,Vegetables,Potato,30-05-2025,1.26,1000,1500,2000
Andhra Pradesh,Chittor,Palamaner APMC,Vegetables,Tomato,30-05-2025,482,750,850,950
Andhra Pradesh,Chittor,Palamaner APMC,Vegetables,Cabbage,31-05-2025,7.32,300,400,500
Andhra Pradesh,Chittor,Palamaner APMC,Vegetables,Potato,31-05-2025,1.42,1500,2000,2500
Andhra Pradesh,Chittor,Palamaner APMC,Vegetables,Tomato,31-05-2025,450,750,850,950
Andhra Pradesh,Chittor,Palamaner APMC,Vegetables,Cabbage,02-06-2025,6.12,300,400,500
Andhra Pradesh,Chittor,Palamaner APMC,Vegetables,Potato,02-06-2025,2.76,1500,2000,2500
Andhra Pradesh,Chittor,Palamaner APMC,Vegetables,Tomato,02-06-2025,442.02,850,1050,1250
Andhra Pradesh,Chittor,Palamaner APMC,Vegetables,Cabbage,03-06-2025,8.01,300,400,500
Andhra Pradesh,Chittor,Palamaner APMC,Vegetables,Potato,03-06-2025,1.32,1500,2000,2500
Andhra Pradesh,Chittor,Palamaner APMC,Vegetables,Tomato,03-06-2025,460,1250,1450,1650
Andhra Pradesh,Chittor,Palamaner APMC,Vegetables,Cabbage,04-06-2025,11.16,300,400,500
Andhra Pradesh,Chittor,Palamaner APMC,Vegetables,Potato,04-06-2025,1.84,1500,2000,2500
Andhra Pradesh,Chittor,Palamaner APMC,Vegetables,Tomato,04-06-2025,475.02,1100,1300,1550
Andhra Pradesh,Chittor,Palamaner APMC,Vegetables,Cabbage,05-06-2025,9.66,300,400,500
Andhra Pradesh,Chittor,Palamaner APMC,Vegetables,Potato,05-06-2025,1.2,1500,2000,2500
Andhra Pradesh,Chittor,Palamaner APMC,Vegetables,Tomato,05-06-2025,482,1160,1270,1470
Andhra Pradesh,Chittor,Palamaner APMC,Vegetables,Cabbage,06-06-2025,10.71,300,400,500
Andhra Pradesh,Chittor,Palamaner APMC,Vegetables,Potato,06-06-2025,0.95,1500,2000,2500
Andhra Pradesh,Chittor,Palamaner APMC,Vegetables,Tomato,06-06-2025,485,1000,1170,1280
Andhra Pradesh,Chittor,Palamaner APMC,Vegetables,Cabbage,07-06-2025,6.63,300,400,500
Andhra Pradesh,Chittor,Palamaner APMC,Vegetables,Potato,07-06-2025,0.86,1500,2000,2500
Andhra Pradesh,Chittor,Palamaner APMC,Vegetables,Tomato,07-06-2025,429.1,950,1050,1150
Andhra Pradesh,Chittor,Palamaner APMC,Vegetables,Cabbage,08-06-2025,10.62,300,400,500
Andhra Pradesh,Chittor,Palamaner APMC,Vegetables,Potato,08-06-2025,1.56,1500,2000,2500
Andhra Pradesh,Chittor,Palamaner APMC,Vegetables,Tomato,08-06-2025,440.64,1000,1250,1460
Andhra Pradesh,Chittor,Palamaner APMC,Vegetables,Cabbage,09-06-2025,6.27,300,400,500
Andhra Pradesh,Chittor,Palamaner APMC,Vegetables,Potato,09-06-2025,1.46,1500,2000,2500
Andhra Pradesh,Chittor,Palamaner APMC,Vegetables,Tomato,09-06-2025,390,1700,1900,2100
Andhra Pradesh,Chittor,Palamaner APMC,Vegetables,Cabbage,10-06-2025,6.63,1000,1200,1500
Andhra Pradesh,Chittor,Palamaner APMC,Vegetables,Potato,10-06-2025,2.52,2000,2500,3000
Andhra Pradesh,Chittor,Palamaner APMC,Vegetables,Tomato,10-06-2025,385,1820,2120,2430
Andhra Pradesh,Chittor,Palamaner APMC,Vegetables,Cabbage,11-06-2025,11.73,1000,1200,1500
Andhra Pradesh,Chittor,Palamaner APMC,Vegetables,Potato,11-06-2025,1.78,2000,2500,3000
Andhra Pradesh,Chittor,Palamaner APMC,Vegetables,Tomato,11-06-2025,395.52,1830,2010,2230
Andhra Pradesh,Chittor,Palamaner APMC,Vegetables,Cabbage,12-06-2025,7.32,1000,1200,1500
Andhra Pradesh,Chittor,Palamaner APMC,Vegetables,Potato,12-06-2025,1.4,2000,2500,3000
Andhra Pradesh,Chittor,Palamaner APMC,Vegetables,Tomato,12-06-2025,403.35,1700,1900,2110
Andhra Pradesh,Chittor,Palamaner APMC,Vegetables,Cabbage,13-06-2025,6.3,1000,1200,1500
Andhra Pradesh,Chittor,Palamaner APMC,Vegetables,Potato,13-06-2025,0.98,2000,2500,3000
Andhra Pradesh,Chittor,Palamaner APMC,Vegetables,Tomato,13-06-2025,430,1700,1900,2100
Andhra Pradesh,Chittor,Palamaner APMC,Vegetables,Cabbage,14-06-2025,0.16,1200,1400,1600
Andhra Pradesh,Chittor,Palamaner APMC,Vegetables,Cabbage,15-06-2025,9.3,1200,1400,1600
Andhra Pradesh,Chittor,Palamaner APMC,Vegetables,Potato,15-06-2025,1.34,2000,2500,3000
Andhra Pradesh,Chittor,Palamaner APMC,Vegetables,Tomato,15-06-2025,440.21,1520,1710,1930
Andhra Pradesh,Chittor,Palamaner APMC,Vegetables,Cabbage,16-06-2025,7.65,1400,1600,1800
Andhra Pradesh,Chittor,Palamaner APMC,Vegetables,Potato,16-06-2025,1,1500,2000,2500
Andhra Pradesh,Chittor,Palamaner APMC,Vegetables,Tomato,16-06-2025,456,1300,1500,1700
Andhra Pradesh,Chittor,Palamaner APMC,Vegetables,Cabbage,17-06-2025,7.41,1400,1600,1800
Andhra Pradesh,Chittor,Palamaner APMC,Vegetables,Potato,17-06-2025,1.12,1500,2000,2500
Andhra Pradesh,Chittor,Palamaner APMC,Vegetables,Tomato,17-06-2025,450,1420,1610,1840
Andhra Pradesh,Chittor,Palamaner APMC,Vegetables,Cabbage,18-06-2025,9.3,1000,1500,2000
Andhra Pradesh,Chittor,Palamaner APMC,Vegetables,Potato,18-06-2025,2.84,1000,1500,2000
Andhra Pradesh,Chittor,Palamaner APMC,Vegetables,Tomato,18-06-2025,435,1450,1650,1850
Andhra Pradesh,Chittor,Palamaner APMC,Vegetables,Cabbage,19-06-2025,8.97,1000,1500,2000
Andhra Pradesh,Chittor,Palamaner APMC,Vegetables,Potato,19-06-2025,2.5,1000,1500,2000
Andhra Pradesh,Chittor,Palamaner APMC,Vegetables,Tomato,19-06-2025,450,1110,1320,1533
Andhra Pradesh,Chittor,Palamaner APMC,Vegetables,Cabbage,20-06-2025,19.41,1400,1600,1800
Andhra Pradesh,Chittor,Palamaner APMC,Vegetables,Potato,20-06-2025,1,1000,2000,2500
Andhra Pradesh,Chittor,Palamaner APMC,Vegetables,Tomato,20-06-2025,465,1090,1280,1470
Andhra Pradesh,Chittor,Palamaner APMC,Vegetables,Cabbage,21-06-2025,6.6,700,900,1100
Andhra Pradesh,Chittor,Palamaner APMC,Vegetables,Potato,21-06-2025,0.98,1000,2000,2500
Andhra Pradesh,Chittor,Palamaner APMC,Vegetables,Tomato,21-06-2025,475,1100,1220,1380
Andhra Pradesh,Chittor,Palamaner APMC,Vegetables,Cabbage,23-06-2025,5.82,600,1000,1200
Andhra Pradesh,Chittor,Palamaner APMC,Vegetables,Potato,23-06-2025,1.1,1000,1500,2000
Andhra Pradesh,Chittor,Palamaner APMC,Vegetables,Tomato,23-06-2025,455,1370,1540,1760
Andhra Pradesh,Chittor,Palamaner APMC,Vegetables,Cabbage,24-06-2025,8.49,600,1000,1200
Andhra Pradesh,Chittor,Palamaner APMC,Vegetables,Potato,24-06-2025,2.26,1000,1500,2000
Andhra Pradesh,Chittor,Palamaner APMC,Vegetables,Tomato,24-06-2025,410,2160,2300,2470
Andhra Pradesh,Chittor,Palamaner APMC,Vegetables,Cabbage,25-06-2025,6.93,700,900,1400
Andhra Pradesh,Chittor,Palamaner APMC,Vegetables,Potato,25-06-2025,2.3,1100,1600,2200
Andhra Pradesh,Chittor,Palamaner APMC,Vegetables,Tomato,25-06-2025,435,1700,2000,2300
Andhra Pradesh,Chittor,Palamaner APMC,Vegetables,Cabbage,26-06-2025,4.53,1200,1400,1600
Andhra Pradesh,Chittor,Palamaner APMC,Vegetables,Potato,26-06-2025,2.34,1000,1500,2000
Andhra Pradesh,Chittor,Palamaner APMC,Vegetables,Tomato,26-06-2025,390,1600,1800,2000
Andhra Pradesh,Chittor,Palamaner APMC,Vegetables,Cabbage,27-06-2025,5.88,1400,1600,1800
Andhra Pradesh,Chittor,Palamaner APMC,Vegetables,Potato,27-06-2025,2.12,1000,1500,2000
Andhra Pradesh,Chittor,Palamaner APMC,Vegetables,Tomato,27-06-2025,395,1780,1910,2100
Andhra Pradesh,Chittor,Palamaner APMC,Vegetables,Cabbage,28-06-2025,7.5,1400,1600,1800
Andhra Pradesh,Chittor,Palamaner APMC,Vegetables,Potato,28-06-2025,1.34,1000,1500,2000
Andhra Pradesh,Chittor,Palamaner APMC,Vegetables,Tomato,28-06-2025,380,1770,1930,2150
Andhra Pradesh,Chittor,Palamaner APMC,Vegetables,Cabbage,30-06-2025,6.42,1000,1500,2000
Andhra Pradesh,Chittor,Palamaner APMC,Vegetables,Potato,30-06-2025,2.42,1100,1600,2200
Andhra Pradesh,Chittor,Palamaner APMC,Vegetables,Tomato,30-06-2025,373.8,1900,2100,2400
Andhra Pradesh,Chittor,Palamaner APMC,Vegetables,Cabbage,01-07-2025,8.13,700,1100,1500
Andhra Pradesh,Chittor,Palamaner APMC,Vegetables,Potato,01-07-2025,2.06,1000,1500,2000
Andhra Pradesh,Chittor,Palamaner APMC,Vegetables,Tomato,01-07-2025,350,2200,2600,3000
Andhra Pradesh,Chittor,Palamaner APMC,Vegetables,Cabbage,02-07-2025,6.87,700,1000,1300
Andhra Pradesh,Chittor,Palamaner APMC,Vegetables,Potato,02-07-2025,1.48,1500,2200,2500
Andhra Pradesh,Chittor,Palamaner APMC,Vegetables,Tomato,02-07-2025,334,2430,2800,3260
Andhra Pradesh,Chittor,Palamaner APMC,Vegetables,Cabbage,03-07-2025,9.21,600,900,1200
Andhra Pradesh,Chittor,Palamaner APMC,Vegetables,Potato,03-07-2025,2.96,1000,1500,2000
Andhra Pradesh,Chittor,Palamaner APMC,Vegetables,Tomato,03-07-2025,320.05,2300,2600,3000
Andhra Pradesh,Chittor,Palamaner APMC,Vegetables,Cabbage,04-07-2025,7.44,600,900,1300
Andhra Pradesh,Chittor,Palamaner APMC,Vegetables,Potato,04-07-2025,1.38,1000,1500,2000
Andhra Pradesh,Chittor,Palamaner APMC,Vegetables,Tomato,04-07-2025,305,2230,2400,2620
Andhra Pradesh,Chittor,Palamaner APMC,Vegetables,Cabbage,05-07-2025,6.72,600,900,1300
Andhra Pradesh,Chittor,Palamaner APMC,Vegetables,Potato,05-07-2025,1.12,1000,1500,2000
Andhra Pradesh,Chittor,Palamaner APMC,Vegetables,Tomato,05-07-2025,295,2010,2200,2470
Andhra Pradesh,Chittor,Palamaner APMC,Vegetables,Cabbage,07-07-2025,8.37,500,1100,1500
Andhra Pradesh,Chittor,Palamaner APMC,Vegetables,Potato,07-07-2025,2,500,1000,1500
Andhra Pradesh,Chittor,Palamaner APMC,Vegetables,Tomato,07-07-2025,325,2018,2300,2680
Andhra Pradesh,Chittor,Palamaner APMC,Vegetables,Cabbage,08-07-2025,6.39,600,1000,1600
Andhra Pradesh,Chittor,Palamaner APMC,Vegetables,Potato,08-07-2025,1.84,1000,1500,2000
Andhra Pradesh,Chittor,Palamaner APMC,Vegetables,Tomato,08-07-2025,315,1800,2100,2400
Andhra Pradesh,Chittor,Palamaner APMC,Vegetables,Cabbage,09-07-2025,9,600,1000,1600
Andhra Pradesh,Chittor,Palamaner APMC,Vegetables,Potato,09-07-2025,1,1000,1500,2000
Andhra Pradesh,Chittor,Palamaner APMC,Vegetables,Tomato,09-07-2025,306.76,2000,2300,2500
Andhra Pradesh,Chittor,Palamaner APMC,Vegetables,Cabbage,10-07-2025,4.35,500,1000,1500
Andhra Pradesh,Chittor,Palamaner APMC,Vegetables,Potato,10-07-2025,0.4,1100,1600,2200
Andhra Pradesh,Chittor,Palamaner APMC,Vegetables,Tomato,10-07-2025,320,1500,1800,2100
Andhra Pradesh,Chittor,Palamaner APMC,Vegetables,Cabbage,11-07-2025,7.7,600,1100,1300
Andhra Pradesh,Chittor,Palamaner APMC,Vegetables,Potato,11-07-2025,1.84,1000,1500,2000
Andhra Pradesh,Chittor,Palamaner APMC,Vegetables,Tomato,11-07-2025,325,1700,2000,2350
Andhra Pradesh,Chittor,Palamaner APMC,Vegetables,Cabbage,12-07-2025,3.11,600,1100,1300
Andhra Pradesh,Chittor,Palamaner APMC,Vegetables,Potato,12-07-2025,1.12,1000,1500,2000
Andhra Pradesh,Chittor,Palamaner APMC,Vegetables,Tomato,12-07-2025,3009.45,1800,2000,2330
Andhra Pradesh,Chittor,Palamaner APMC,Vegetables,Cabbage,13-07-2025,6.9,600,1100,1300
Andhra Pradesh,Chittor,Palamaner APMC,Vegetables,Potato,13-07-2025,1.72,1000,1500,2000
Andhra Pradesh,Chittor,Palamaner APMC,Vegetables,Tomato,13-07-2025,320,1700,1900,2130
Andhra Pradesh,Chittor,Palamaner APMC,Vegetables,Cabbage,14-07-2025,6.57,500,1000,1500
Andhra Pradesh,Chittor,Palamaner APMC,Vegetables,Potato,14-07-2025,2,1200,1600,2200
Andhra Pradesh,Chittor,Palamaner APMC,Vegetables,Tomato,14-07-2025,290,1700,2000,2300
Andhra Pradesh,Chittor,Palamaner APMC,Vegetables,Cabbage,15-07-2025,6.69,600,800,1000
Andhra Pradesh,Chittor,Palamaner APMC,Vegetables,Potato,15-07-2025,1.98,900,1100,1500
Andhra Pradesh,Chittor,Palamaner APMC,Vegetables,Tomato,15-07-2025,285,1800,2000,2200
Andhra Pradesh,Chittor,Palamaner APMC,Vegetables,Cabbage,16-07-2025,4.71,600,800,1200
Andhra Pradesh,Chittor,Palamaner APMC,Vegetables,Potato,16-07-2025,1.62,1000,1500,2000
Andhra Pradesh,Chittor,Palamaner APMC,Vegetables,Tomato,16-07-2025,284.91,1750,1970,2200
Andhra Pradesh,Chittor,Palamaner APMC,Vegetables,Cabbage,17-07-2025,7.4,600,900,1300
Andhra Pradesh,Chittor,Palamaner APMC,Vegetables,Potato,17-07-2025,1.6,1500,2000,2500
Andhra Pradesh,Chittor,Palamaner APMC,Vegetables,Tomato,17-07-2025,275,1800,2100,2400
Andhra Pradesh,Chittor,Palamaner APMC,Vegetables,Cabbage,18-07-2025,7.02,600,1000,1500
Andhra Pradesh,Chittor,Palamaner APMC,Vegetables,Potato,18-07-2025,1.6,1000,1500,2000
Andhra Pradesh,Chittor,Palamaner APMC,Vegetables,Tomato,18-07-2025,295,1900,2200,2500
Andhra Pradesh,Chittor,Palamaner APMC,Vegetables,Cabbage,19-07-2025,5.79,600,1000,1500
Andhra Pradesh,Chittor,Palamaner APMC,Vegetables,Potato,19-07-2025,1.5,1000,1500,2000
Andhra Pradesh,Chittor,Palamaner APMC,Vegetables,Tomato,19-07-2025,270,1700,2000,2330
Andhra Pradesh,Chittor,Palamaner APMC,Vegetables,Cabbage,20-07-2025,6.09,500,1000,1500
Andhra Pradesh,Chittor,Palamaner APMC,Vegetables,Potato,20-07-2025,2.32,1000,1500,2000
Andhra Pradesh,Chittor,Palamaner APMC,Vegetables,Tomato,20-07-2025,252,2200,2600,3000
Andhra Pradesh,Chittor,Palamaner APMC,Vegetables,Cabbage,21-07-2025,7.38,500,1000,1500
Andhra Pradesh,Chittor,Palamaner APMC,Vegetables,Potato,21-07-2025,2.48,1000,1500,2000
Andhra Pradesh,Chittor,Palamaner APMC,Vegetables,Tomato,21-07-2025,245,3200,3600,4000
Andhra Pradesh,Chittor,Palamaner APMC,Vegetables,Cabbage,22-07-2025,6.51,600,1100,1300
Andhra Pradesh,Chittor,Palamaner APMC,Vegetables,Potato,22-07-2025,2.02,1000,1600,2200
Andhra Pradesh,Chittor,Palamaner APMC,Vegetables,Tomato,22-07-2025,238,3500,3800,4200
Andhra Pradesh,Chittor,Palamaner APMC,Vegetables,Cabbage,23-07-2025,8.97,600,800,1200
Andhra Pradesh,Chittor,Palamaner APMC,Vegetables,Tomato,23-07-2025,248.02,2800,3400,3800
Andhra Pradesh,Chittor,Palamaner APMC,Vegetables,Cabbage,24-07-2025,7.29,600,800,1200
Andhra Pradesh,Chittor,Palamaner APMC,Vegetables,Potato,24-07-2025,2.06,1000,1500,2000
Andhra Pradesh,Chittor,Palamaner APMC,Vegetables,Tomato,24-07-2025,252,2700,3100,3500
Andhra Pradesh,Chittor,Palamaner APMC,Vegetables,Cabbage,25-07-2025,7.56,500,1000,1500
Andhra Pradesh,Chittor,Palamaner APMC,Vegetables,Potato,25-07-2025,2.46,1000,1500,2000
Andhra Pradesh,Chittor,Palamaner APMC,Vegetables,Tomato,25-07-2025,247,2900,3300,3700
Andhra Pradesh,Chittor,Palamaner APMC,Vegetables,Cabbage,26-07-2025,4.56,630,830,930
Andhra Pradesh,Chittor,Palamaner APMC,Vegetables,Potato,26-07-2025,2.32,1000,1500,2000
Andhra Pradesh,Chittor,Palamaner APMC,Vegetables,Tomato,26-07-2025,232,3200,3600,4000
Andhra Pradesh,Chittor,Palamaner APMC,Vegetables,Cabbage,28-07-2025,6.78,600,800,1000
Andhra Pradesh,Chittor,Palamaner APMC,Vegetables,Potato,28-07-2025,1.34,1000,1600,2200
Andhra Pradesh,Chittor,Palamaner APMC,Vegetables,Tomato,28-07-2025,218,3600,3900,4300
Andhra Pradesh,Chittor,Palamaner APMC,Vegetables,Cabbage,29-07-2025,5.25,600,800,1000
Andhra Pradesh,Chittor,Palamaner APMC,Vegetables,Potato,29-07-2025,1.98,1000,1600,2200
Andhra Pradesh,Chittor,Palamaner APMC,Vegetables,Tomato,29-07-2025,195,3600,3900,4300
Andhra Pradesh,Chittor,Palamaner APMC,Vegetables,Cabbage,31-07-2025,12.33,600,800,1000
Andhra Pradesh,Chittor,Palamaner APMC,Vegetables,Potato,31-07-2025,0.68,1000,1600,2200
Andhra Pradesh,Chittor,Palamaner APMC,Vegetables,Tomato,31-07-2025,176,3500,3800,4200
Andhra Pradesh,Chittor,Palamaner APMC,Vegetables,Cabbage,01-08-2025,4.65,600,800,1000
Andhra Pradesh,Chittor,Palamaner APMC,Vegetables,Potato,01-08-2025,0.74,1000,1600,2200
Andhra Pradesh,Chittor,Palamaner APMC,Vegetables,Tomato,01-08-2025,177.96,3400,3700,4000
Andhra Pradesh,Chittor,Palamaner APMC,Vegetables,Cabbage,02-08-2025,6.6,600,800,1000
Andhra Pradesh,Chittor,Palamaner APMC,Vegetables,Potato,02-08-2025,0.54,1000,1600,2200
Andhra Pradesh,Chittor,Palamaner APMC,Vegetables,Tomato,02-08-2025,172.69,3400,3700,4000
Andhra Pradesh,Chittor,Palamaner APMC,Vegetables,Cabbage,04-08-2025,3.3,600,800,1000
Andhra Pradesh,Chittor,Palamaner APMC,Vegetables,Potato,04-08-2025,0.74,1000,1500,2000
Andhra Pradesh,Chittor,Palamaner APMC,Vegetables,Tomato,04-08-2025,174.15,3400,3700,4000
Andhra Pradesh,Chittor,Palamaner APMC,Vegetables,Cabbage,05-08-2025,5.76,600,800,1000
Andhra Pradesh,Chittor,Palamaner APMC,Vegetables,Potato,05-08-2025,0.8,1000,1500,2000
Andhra Pradesh,Chittor,Palamaner APMC,Vegetables,Tomato,05-08-2025,163.5,4000,4300,4700
Andhra Pradesh,Chittor,Palamaner APMC,Vegetables,Cabbage,06-08-2025,1.65,600,800,1000
Andhra Pradesh,Chittor,Palamaner APMC,Vegetables,Potato,06-08-2025,0.88,1000,1500,2000
Andhra Pradesh,Chittor,Palamaner APMC,Vegetables,Tomato,06-08-2025,162.19,3700,4260,4600
Andhra Pradesh,Chittor,Palamaner APMC,Vegetables,Cabbage,07-08-2025,4.53,600,800,1000
Andhra Pradesh,Chittor,Palamaner APMC,Vegetables,Potato,07-08-2025,0.8,1000,1500,2000
Andhra Pradesh,Chittor,Palamaner APMC,Vegetables,Tomato,07-08-2025,161.41,3400,3700,4200
Andhra Pradesh,Chittor,Palamaner APMC,Vegetables,Cabbage,08-08-2025,6.84,600,800,1000
Andhra Pradesh,Chittor,Palamaner APMC,Vegetables,Potato,08-08-2025,0.86,1000,1500,2000
Andhra Pradesh,Chittor,Palamaner APMC,Vegetables,Tomato,08-08-2025,159.57,3400,3700,4200
Andhra Pradesh,Chittor,Palamaner APMC,Vegetables,Cabbage,12-08-2025,6.18,600,800,1000
Andhra Pradesh,Chittor,Palamaner APMC,Vegetables,Potato,12-08-2025,1.42,1000,1500,2000
Andhra Pradesh,Chittor,Palamaner APMC,Vegetables,Tomato,12-08-2025,162,3400,3700,4000
Andhra Pradesh,Chittor,Palamaner APMC,Vegetables,Cabbage,13-08-2025,5.19,700,900,1100
Andhra Pradesh,Chittor,Palamaner APMC,Vegetables,Potato,13-08-2025,0.6,1000,1500,2000
Andhra Pradesh,Chittor,Palamaner APMC,Vegetables,Tomato,13-08-2025,158,3400,3700,4000
Andhra Pradesh,Chittor,Palamaner APMC,Vegetables,Cabbage,14-08-2025,4.5,700,900,1100
Andhra Pradesh,Chittor,Palamaner APMC,Vegetables,Potato,14-08-2025,1.5,1000,1500,2000
Andhra Pradesh,Chittor,Palamaner APMC,Vegetables,Tomato,14-08-2025,152,3550,3750,4000
Andhra Pradesh,Chittor,Palamaner APMC,Vegetables,Cabbage,15-08-2025,3.48,700,900,1100
Andhra Pradesh,Chittor,Palamaner APMC,Vegetables,Potato,15-08-2025,0.68,1000,1500,2000
Andhra Pradesh,Chittor,Palamaner APMC,Vegetables,Tomato,15-08-2025,155.35,3700,4100,4500
Andhra Pradesh,Chittor,Palamaner APMC,Vegetables,Cabbage,16-08-2025,3.3,700,900,1100
Andhra Pradesh,Chittor,Palamaner APMC,Vegetables,Potato,16-08-2025,1.3,1200,1700,2200
Andhra Pradesh,Chittor,Palamaner APMC,Vegetables,Tomato,16-08-2025,147,3500,3800,4100
Andhra Pradesh,Chittor,Palamaner APMC,Vegetables,Cabbage,17-08-2025,3.45,700,900,1100
Andhra Pradesh,Chittor,Palamaner APMC,Vegetables,Potato,17-08-2025,1,1200,1700,2200
Andhra Pradesh,Chittor,Palamaner APMC,Vegetables,Tomato,17-08-2025,153,3470,3870,4260
Andhra Pradesh,Chittor,Palamaner APMC,Vegetables,Cabbage,18-08-2025,6.48,600,800,1000
Andhra Pradesh,Chittor,Palamaner APMC,Vegetables,Potato,18-08-2025,1.1,1000,1500,2000
Andhra Pradesh,Chittor,Palamaner APMC,Vegetables,Tomato,18-08-2025,158,3500,3800,4100
Andhra Pradesh,Chittor,Palamaner APMC,Vegetables,Cabbage,19-08-2025,7.74,600,800,1000
Andhra Pradesh,Chittor,Palamaner APMC,Vegetables,Potato,19-08-2025,1.66,1000,1500,2000
Andhra Pradesh,Chittor,Palamaner APMC,Vegetables,Tomato,19-08-2025,152,3800,4100,4600
Andhra Pradesh,Chittor,Palamaner APMC,Vegetables,Cabbage,20-08-2025,5.88,600,800,1000
Andhra Pradesh,Chittor,Palamaner APMC,Vegetables,Potato,20-08-2025,0.7,1000,1500,2000
Andhra Pradesh,Chittor,Palamaner APMC,Vegetables,Tomato,20-08-2025,147,3400,3700,4100
Andhra Pradesh,Chittor,Palamaner APMC,Vegetables,Cabbage,21-08-2025,6.9,600,800,1000
Andhra Pradesh,Chittor,Palamaner APMC,Vegetables,Potato,21-08-2025,2.04,1000,1500,2000
Andhra Pradesh,Chittor,Palamaner APMC,Vegetables,Tomato,21-08-2025,45,3900,4280,4600
Andhra Pradesh,Chittor,Palamaner APMC,Vegetables,Cabbage,22-08-2025,5.13,600,900,1200
Andhra Pradesh,Chittor,Palamaner APMC,Vegetables,Potato,22-08-2025,0.78,1000,1500,2200
Andhra Pradesh,Chittor,Palamaner APMC,Vegetables,Tomato,22-08-2025,46,3500,3800,4200
Andhra Pradesh,Chittor,Palamaner APMC,Vegetables,Cabbage,23-08-2025,4.05,600,900,1100
Andhra Pradesh,Chittor,Palamaner APMC,Vegetables,Potato,23-08-2025,0.8,1000,1500,2000
Andhra Pradesh,Chittor,Palamaner APMC,Vegetables,Tomato,23-08-2025,30,3500,3920,4200
Andhra Pradesh,Chittor,Palamaner APMC,Vegetables,Cabbage,24-08-2025,3.99,600,900,1100
Andhra Pradesh,Chittor,Palamaner APMC,Vegetables,Potato,24-08-2025,1.14,1000,1500,2000
Andhra Pradesh,Chittor,Palamaner APMC,Vegetables,Tomato,24-08-2025,28.93,3400,3800,4200
Andhra Pradesh,Chittor,Palamaner APMC,Vegetables,Cabbage,25-08-2025,3.03,600,1000,1200
Andhra Pradesh,Chittor,Palamaner APMC,Vegetables,Potato,25-08-2025,0.9,1000,1500,2000
Andhra Pradesh,Chittor,Palamaner APMC,Vegetables,Tomato,25-08-2025,25,3400,3800,4100
Andhra Pradesh,Chittor,Palamaner APMC,Vegetables,Cabbage,26-08-2025,7.38,600,800,1000
Andhra Pradesh,Chittor,Palamaner APMC,Vegetables,Potato,26-08-2025,2.62,1000,1500,2000
Andhra Pradesh,Chittor,Palamaner APMC,Vegetables,Tomato,26-08-2025,23,2900,3200,3500
Andhra Pradesh,Chittor,Palamaner APMC,Vegetables,Cabbage,27-08-2025,2.25,600,800,1000
Andhra Pradesh,Chittor,Palamaner APMC,Vegetables,Potato,27-08-2025,0.54,1000,1500,2000
Andhra Pradesh,Chittor,Palamaner APMC,Vegetables,Tomato,27-08-2025,18,3000,3300,3500
Andhra Pradesh,Chittor,Palamaner APMC,Vegetables,Cabbage,28-08-2025,7.89,670,870,970
Andhra Pradesh,Chittor,Palamaner APMC,Vegetables,Potato,28-08-2025,2.06,1500,2000,2500
Andhra Pradesh,Chittor,Palamaner APMC,Vegetables,Tomato,28-08-2025,15,2200,2500,2800
Andhra Pradesh,Chittor,Palamaner APMC,Vegetables,Cabbage,29-08-2025,8.22,600,800,1000
Andhra Pradesh,Chittor,Palamaner APMC,Vegetables,Potato,29-08-2025,1.88,1000,1500,2000
Andhra Pradesh,Chittor,Palamaner APMC,Vegetables,Tomato,29-08-2025,20,1900,2100,2400
Andhra Pradesh,Chittor,Palamaner APMC,Vegetables,Cabbage,30-08-2025,6.99,600,800,1000
Andhra Pradesh,Chittor,Palamaner APMC,Vegetables,Potato,30-08-2025,1.72,1000,1500,2000
Andhra Pradesh,Chittor,Palamaner APMC,Vegetables,Tomato,30-08-2025,14,1950,2100,2370
Andhra Pradesh,Chittor,Palamaner APMC,Vegetables,Cabbage,31-08-2025,8.31,630,830,930
Andhra Pradesh,Chittor,Palamaner APMC,Vegetables,Potato,31-08-2025,3.08,1000,1500,2000
Andhra Pradesh,Chittor,Palamaner APMC,Vegetables,Tomato,31-08-2025,18,1700,1900,2200
Andhra Pradesh,Chittor,Palamaner APMC,Vegetables,Cabbage,01-09-2025,6.54,600,800,1000
Andhra Pradesh,Chittor,Palamaner APMC,Vegetables,Potato,01-09-2025,1.68,1000,1500,2000
Andhra Pradesh,Chittor,Palamaner APMC,Vegetables,Tomato,01-09-2025,25,2000,2300,2660
Andhra Pradesh,Chittor,Palamaner APMC,Vegetables,Cabbage,02-09-2025,6.84,600,800,1000
Andhra Pradesh,Chittor,Palamaner APMC,Vegetables,Potato,02-09-2025,1.02,1000,1500,2000
Andhra Pradesh,Chittor,Palamaner APMC,Vegetables,Tomato,02-09-2025,22,2000,2400,2800
Andhra Pradesh,Chittor,Palamaner APMC,Vegetables,Cabbage,03-09-2025,3.75,600,800,1000
Andhra Pradesh,Chittor,Palamaner APMC,Vegetables,Potato,03-09-2025,1.2,1000,1500,2200
Andhra Pradesh,Chittor,Palamaner APMC,Vegetables,Tomato,03-09-2025,26,1800,2000,2300
Andhra Pradesh,Chittor,Palamaner APMC,Vegetables,Cabbage,04-09-2025,3.15,600,800,1000
Andhra Pradesh,Chittor,Palamaner APMC,Vegetables,Potato,04-09-2025,0.6,1000,1500,2200
Andhra Pradesh,Chittor,Palamaner APMC,Vegetables,Tomato,04-09-2025,14,1500,1700,1900
Andhra Pradesh,Chittor,Palamaner APMC,Vegetables,Cabbage,05-09-2025,7.38,600,800,1000
Andhra Pradesh,Chittor,Palamaner APMC,Vegetables,Potato,05-09-2025,1.32,1000,1500,2000
Andhra Pradesh,Chittor,Palamaner APMC,Vegetables,Tomato,05-09-2025,10,1100,1300,1500
Andhra Pradesh,Chittor,Palamaner APMC,Vegetables,Cabbage,06-09-2025,4.17,600,800,1000
Andhra Pradesh,Chittor,Palamaner APMC,Vegetables,Potato,06-09-2025,1.4,1000,1500,2000
Andhra Pradesh,Chittor,Palamaner APMC,Vegetables,Tomato,06-09-2025,15,1100,1400,1600
Andhra Pradesh,Chittor,Palamaner APMC,Vegetables,Cabbage,08-09-2025,3.32,600,800,1000
Andhra Pradesh,Chittor,Palamaner APMC,Vegetables,Potato,08-09-2025,1.3,1000,1500,2000
Andhra Pradesh,Chittor,Palamaner APMC,Vegetables,Tomato,08-09-2025,18,1100,1400,1700
Andhra Pradesh,Chittor,Palamaner APMC,Vegetables,Cabbage,09-09-2025,6.27,600,700,900
Andhra Pradesh,Chittor,Palamaner APMC,Vegetables,Potato,09-09-2025,1.6,1400,1700,2100
Andhra Pradesh,Chittor,Palamaner APMC,Vegetables,Tomato,09-09-2025,14,1300,1500,1800
Andhra Pradesh,Chittor,Palamaner APMC,Vegetables,Cabbage,10-09-2025,7.74,600,700,900
Andhra Pradesh,Chittor,Palamaner APMC,Vegetables,Potato,10-09-2025,0.94,1400,1700,2100
Andhra Pradesh,Chittor,Palamaner APMC,Vegetables,Tomato,10-09-2025,12,1100,1300,1500
Andhra Pradesh,Chittor,Palamaner APMC,Vegetables,Cabbage,11-09-2025,3.3,600,700,900
Andhra Pradesh,Chittor,Palamaner APMC,Vegetables,Potato,11-09-2025,1.2,1000,1500,2000
Andhra Pradesh,Chittor,Palamaner APMC,Vegetables,Tomato,11-09-2025,9,1100,1300,1500
Andhra Pradesh,Chittor,Palamaner APMC,Vegetables,Cabbage,12-09-2025,2.55,600,700,900
Andhra Pradesh,Chittor,Palamaner APMC,Vegetables,Potato,12-09-2025,1.3,1100,1600,2100
Andhra Pradesh,Chittor,Palamaner APMC,Vegetables,Tomato,12-09-2025,13,1200,1400,1600
Andhra Pradesh,Chittor,Palamaner APMC,Vegetables,Cabbage,13-09-2025,3.45,600,700,900
Andhra Pradesh,Chittor,Palamaner APMC,Vegetables,Potato,13-09-2025,1.4,1100,1600,2100
Andhra Pradesh,Chittor,Palamaner APMC,Vegetables,Tomato,13-09-2025,15,1200,1450,1650
Andhra Pradesh,Chittor,Palamaner APMC,Vegetables,Cabbage,14-09-2025,4.05,600,700,900
Andhra Pradesh,Chittor,Palamaner APMC,Vegetables,Potato,14-09-2025,1.22,1100,1600,2100
Andhra Pradesh,Chittor,Palamaner APMC,Vegetables,Tomato,14-09-2025,10,1300,1500,1700
Andhra Pradesh,Chittor,Palamaner APMC,Vegetables,Cabbage,15-09-2025,6.15,600,700,1000
Andhra Pradesh,Chittor,Palamaner APMC,Vegetables,Potato,15-09-2025,1.96,1100,1600,2000
Andhra Pradesh,Chittor,Palamaner APMC,Vegetables,Tomato,15-09-2025,13,1100,1300,1500
Andhra Pradesh,Chittor,Palamaner APMC,Vegetables,Cabbage,16-09-2025,6.3,600,700,1000
Andhra Pradesh,Chittor,Palamaner APMC,Vegetables,Potato,16-09-2025,1.7,1100,1600,2000
Andhra Pradesh,Chittor,Palamaner APMC,Vegetables,Tomato,16-09-2025,12,1000,1300,1600
Andhra Pradesh,Chittor,Palamaner APMC,Vegetables,Cabbage,17-09-2025,4.8,600,700,1000
Andhra Pradesh,Chittor,Palamaner APMC,Vegetables,Potato,17-09-2025,0.86,1100,1600,2000
Andhra Pradesh,Chittor,Palamaner APMC,Vegetables,Tomato,17-09-2025,12.2,1300,1500,1700
Andhra Pradesh,Chittor,Palamaner APMC,Vegetables,Cabbage,18-09-2025,4.05,600,700,1000
Andhra Pradesh,Chittor,Palamaner APMC,Vegetables,Potato,18-09-2025,1.1,1200,1600,2000
Andhra Pradesh,Chittor,Palamaner APMC,Vegetables,Tomato,18-09-2025,9,1700,1900,2100
Andhra Pradesh,Chittor,Palamaner APMC,Vegetables,Cabbage,19-09-2025,6.96,600,700,1000
Andhra Pradesh,Chittor,Palamaner APMC,Vegetables,Potato,19-09-2025,1.6,1200,1600,2000
Andhra Pradesh,Chittor,Palamaner APMC,Vegetables,Tomato,19-09-2025,7.5,1600,1800,2000
Andhra Pradesh,Chittor,Palamaner APMC,Vegetables,Cabbage,20-09-2025,6.69,600,700,1000
Andhra Pradesh,Chittor,Palamaner APMC,Vegetables,Potato,20-09-2025,1.72,1200,1600,2000
Andhra Pradesh,Chittor,Palamaner APMC,Vegetables,Tomato,20-09-2025,13,1500,1700,1900
Andhra Pradesh,Chittor,Palamaner APMC,Vegetables,Cabbage,21-09-2025,7.89,600,800,1000
Andhra Pradesh,Chittor,Palamaner APMC,Vegetables,Tomato,21-09-2025,11,1600,1800,2000
Andhra Pradesh,Chittor,Palamaner APMC,Vegetables,Cabbage,22-09-2025,7.92,600,800,1000
Andhra Pradesh,Chittor,Palamaner APMC,Vegetables,Potato,22-09-2025,1.24,1000,1500,2000
Andhra Pradesh,Chittor,Palamaner APMC,Vegetables,Tomato,22-09-2025,10,2000,2280,2500
Andhra Pradesh,Chittor,Palamaner APMC,Vegetables,Cabbage,23-09-2025,4.11,600,800,1000
Andhra Pradesh,Chittor,Palamaner APMC,Vegetables,Potato,23-09-2025,0.8,1000,1500,2000
Andhra Pradesh,Chittor,Palamaner APMC,Vegetables,Tomato,23-09-2025,12,2000,2200,2500
Andhra Pradesh,Chittor,Palamaner APMC,Vegetables,Cabbage,24-09-2025,9.57,600,800,1000
Andhra Pradesh,Chittor,Palamaner APMC,Vegetables,Potato,24-09-2025,1.84,1000,1500,2000
Andhra Pradesh,Chittor,Palamaner APMC,Vegetables,Tomato,24-09-2025,15,1500,1700,2000
Andhra Pradesh,Chittor,Palamaner APMC,Vegetables,Cabbage,25-09-2025,7.68,600,800,1000
Andhra Pradesh,Chittor,Palamaner APMC,Vegetables,Potato,25-09-2025,0.76,1000,1500,2000
Andhra Pradesh,Chittor,Palamaner APMC,Vegetables,Tomato,25-09-2025,17,1400,1600,1800
Andhra Pradesh,Chittor,Palamaner APMC,Vegetables,Cabbage,26-09-2025,4.95,600,700,800
Andhra Pradesh,Chittor,Palamaner APMC,Vegetables,Potato,26-09-2025,0.8,1200,1600,2000
Andhra Pradesh,Chittor,Palamaner APMC,Vegetables,Tomato,26-09-2025,20,1200,1400,1600
Andhra Pradesh,Chittor,Palamaner APMC,Vegetables,Cabbage,27-09-2025,4.62,600,700,900
Andhra Pradesh,Chittor,Palamaner APMC,Vegetables,Potato,27-09-2025,1.16,1200,1600,2200
Andhra Pradesh,Chittor,Palamaner APMC,Vegetables,Tomato,27-09-2025,17,1400,1600,1800
Andhra Pradesh,Chittor,Palamaner APMC,Vegetables,Cabbage,28-09-2025,3.3,600,700,800
Andhra Pradesh,Chittor,Palamaner APMC,Vegetables,Potato,28-09-2025,1.2,1000,1500,2000
Andhra Pradesh,Chittor,Palamaner APMC,Vegetables,Tomato,28-09-2025,16,1100,1300,1500
Andhra Pradesh,Chittor,Palamaner APMC,Vegetables,Cabbage,29-09-2025,7.26,500,600,700
Andhra Pradesh,Chittor,Palamaner APMC,Vegetables,Potato,29-09-2025,0.88,1500,2000,2200
Andhra Pradesh,Chittor,Palamaner APMC,Vegetables,Tomato,29-09-2025,19,1000,1200,1400
Andhra Pradesh,Chittor,Palamaner APMC,Vegetables,Cabbage,01-10-2025,5.94,600,700,800
Andhra Pradesh,Chittor,Palamaner APMC,Vegetables,Potato,01-10-2025,1.28,1500,2000,2200
Andhra Pradesh,Chittor,Palamaner APMC,Vegetables,Tomato,01-10-2025,18,1000,1200,1450
Andhra Pradesh,Chittor,Palamaner APMC,Vegetables,Cabbage,03-10-2025,6.24,500,600,700
Andhra Pradesh,Chittor,Palamaner APMC,Vegetables,Potato,03-10-2025,1.04,1400,1800,2000
Andhra Pradesh,Chittor,Palamaner APMC,Vegetables,Tomato,03-10-2025,15,1300,1500,1750
Andhra Pradesh,Chittor,Palamaner APMC,Vegetables,Cabbage,04-10-2025,4.17,500,600,700
Andhra Pradesh,Chittor,Palamaner APMC,Vegetables,Potato,04-10-2025,1,1400,1800,2000
Andhra Pradesh,Chittor,Palamaner APMC,Vegetables,Tomato,04-10-2025,13,1300,1500,1800
Andhra Pradesh,Chittor,Palamaner APMC,Vegetables,Cabbage,05-10-2025,6.15,500,600,700
Andhra Pradesh,Chittor,Palamaner APMC,Vegetables,Tomato,05-10-2025,12.4,1600,1800,2000
Andhra Pradesh,Chittor,Palamaner APMC,Vegetables,Cabbage,06-10-2025,2.7,600,800,1000
Andhra Pradesh,Chittor,Palamaner APMC,Vegetables,Potato,06-10-2025,1.5,1000,1500,2000
Andhra Pradesh,Chittor,Palamaner APMC,Vegetables,Tomato,06-10-2025,18,1300,1500,1700
Andhra Pradesh,Chittor,Palamaner APMC,Vegetables,Cabbage,07-10-2025,11.79,600,800,1100
Andhra Pradesh,Chittor,Palamaner APMC,Vegetables,Potato,07-10-2025,1,1000,1500,2000
Andhra Pradesh,Chittor,Palamaner APMC,Vegetables,Tomato,07-10-2025,19,1300,1500,1700
Andhra Pradesh,Chittor,Palamaner APMC,Vegetables,Cabbage,08-10-2025,6.78,600,800,1100
Andhra Pradesh,Chittor,Palamaner APMC,Vegetables,Potato,08-10-2025,1.02,1000,1500,2000
Andhra Pradesh,Chittor,Palamaner APMC,Vegetables,Tomato,08-10-2025,16,1500,1700,1900
Andhra Pradesh,Chittor,Palamaner APMC,Vegetables,Cabbage,09-10-2025,2.8,600,900,1200
Andhra Pradesh,Chittor,Palamaner APMC,Vegetables,Potato,09-10-2025,1.02,1100,1600,2200
Andhra Pradesh,Chittor,Palamaner APMC,Vegetables,Tomato,09-10-2025,13,1600,1800,2000
Andhra Pradesh,Chittor,Palamaner APMC,Vegetables,Cabbage,10-10-2025,5.43,600,800,1100
Andhra Pradesh,Chittor,Palamaner APMC,Vegetables,Potato,10-10-2025,0.6,1000,1500,2000
Andhra Pradesh,Chittor,Palamaner APMC,Vegetables,Tomato,10-10-2025,15,1400,1600,1800
Andhra Pradesh,Chittor,Palamaner APMC,Vegetables,Cabbage,11-10-2025,4.35,600,800,1100
Andhra Pradesh,Chittor,Palamaner APMC,Vegetables,Potato,11-10-2025,0.48,1000,1500,2000
Andhra Pradesh,Chittor,Palamaner APMC,Vegetables,Tomato,11-10-2025,13,1200,1400,1660
Andhra Pradesh,Chittor,Palamaner APMC,Vegetables,Cabbage,12-10-2025,2.85,600,800,1100
Andhra Pradesh,Chittor,Palamaner APMC,Vegetables,Potato,12-10-2025,0.9,1000,1500,2000
Andhra Pradesh,Chittor,Palamaner APMC,Vegetables,Tomato,12-10-2025,15.8,1400,1600,1800
Andhra Pradesh,Chittor,Palamaner APMC,Vegetables,Cabbage,13-10-2025,4.74,600,1000,1200
Andhra Pradesh,Chittor,Palamaner APMC,Vegetables,Potato,13-10-2025,1.04,1000,1500,2200
Andhra Pradesh,Chittor,Palamaner APMC,Vegetables,Tomato,13-10-2025,12,1500,1700,1900
Andhra Pradesh,Chittor,Palamaner APMC,Vegetables,Cabbage,14-10-2025,0.38,600,800,1000
Andhra Pradesh,Chittor,Palamaner APMC,Vegetables,Potato,14-10-2025,0.91,1000,1500,2000
Andhra Pradesh,Chittor,Palamaner APMC,Vegetables,Tomato,14-10-2025,11,1520,1780,2000
Andhra Pradesh,Chittor,Palamaner APMC,Vegetables,Cabbage,15-10-2025,4.2,600,800,1000
Andhra Pradesh,Chittor,Palamaner APMC,Vegetables,Tomato,15-10-2025,13,1300,1500,1700
Andhra Pradesh,Chittor,Palamaner APMC,Vegetables,Cabbage,16-10-2025,5.52,600,800,1000
Andhra Pradesh,Chittor,Palamaner APMC,Vegetables,Potato,16-10-2025,1.24,1000,1500,2000
Andhra Pradesh,Chittor,Palamaner APMC,Vegetables,Tomato,16-10-2025,12,1300,1500,1700
Andhra Pradesh,Chittor,Palamaner APMC,Vegetables,Cabbage,17-10-2025,5.61,600,800,1000
Andhra Pradesh,Chittor,Palamaner APMC,Vegetables,Potato,17-10-2025,0.9,1000,1500,2000
Andhra Pradesh,Chittor,Palamaner APMC,Vegetables,Tomato,17-10-2025,13,1300,1500,1750
Andhra Pradesh,Chittor,Palamaner APMC,Vegetables,Cabbage,18-10-2025,7.68,600,800,1000
Andhra Pradesh,Chittor,Palamaner APMC,Vegetables,Potato,18-10-2025,1.88,1000,1500,2000
Andhra Pradesh,Chittor,Palamaner APMC,Vegetables,Tomato,18-10-2025,12,1400,1600,1800
Andhra Pradesh,Chittor,Palamaner APMC,Vegetables,Cabbage,20-10-2025,2.73,600,800,1000
Andhra Pradesh,Chittor,Palamaner APMC,Vegetables,Potato,20-10-2025,0.9,1000,1500,2000
Andhra Pradesh,Chittor,Palamaner APMC,Vegetables,Tomato,20-10-2025,9,1200,1400,1600
Andhra Pradesh,Chittor,Palamaner APMC,Vegetables,Cabbage,21-10-2025,2.73,600,800,1000
Andhra Pradesh,Chittor,Palamaner APMC,Vegetables,Potato,21-10-2025,0.54,1000,1500,2000
Andhra Pradesh,Chittor,Palamaner APMC,Vegetables,Tomato,21-10-2025,8,1500,1700,1900
Andhra Pradesh,Chittor,Palamaner APMC,Vegetables,Cabbage,22-10-2025,7.77,600,800,1000
Andhra Pradesh,Chittor,Palamaner APMC,Vegetables,Potato,22-10-2025,1.08,1000,1500,2000
Andhra Pradesh,Chittor,Palamaner APMC,Vegetables,Tomato,22-10-2025,5,3000,3300,3660
Andhra Pradesh,Chittor,Palamaner APMC,Vegetables,Cabbage,23-10-2025,3.51,700,900,1100
Andhra Pradesh,Chittor,Palamaner APMC,Vegetables,Potato,23-10-2025,0.6,1200,1700,2200
Andhra Pradesh,Chittor,Palamaner APMC,Vegetables,Tomato,23-10-2025,8,2500,2700,3000
Andhra Pradesh,Chittor,Palamaner APMC,Vegetables,Cabbage,24-10-2025,2.46,700,900,1100
Andhra Pradesh,Chittor,Palamaner APMC,Vegetables,Potato,24-10-2025,1.2,1200,1700,2200
Andhra Pradesh,Chittor,Palamaner APMC,Vegetables,Tomato,24-10-2025,10,1700,2000,2200
Andhra Pradesh,Chittor,Palamaner APMC,Vegetables,Cabbage,25-10-2025,2.25,700,900,1100
Andhra Pradesh,Chittor,Palamaner APMC,Vegetables,Potato,25-10-2025,1,1000,1500,2000
Andhra Pradesh,Chittor,Palamaner APMC,Vegetables,Tomato,25-10-2025,9,1600,1800,2000
Andhra Pradesh,Chittor,Palamaner APMC,Vegetables,Cabbage,27-10-2025,2.76,700,900,1100
Andhra Pradesh,Chittor,Palamaner APMC,Vegetables,Potato,27-10-2025,0.7,1500,2000,2500
Andhra Pradesh,Chittor,Palamaner APMC,Vegetables,Tomato,27-10-2025,5,3000,3300,3500
Andhra Pradesh,Chittor,Palamaner APMC,Vegetables,Cabbage,28-10-2025,3.6,700,900,1100
Andhra Pradesh,Chittor,Palamaner APMC,Vegetables,Potato,28-10-2025,1.58,1500,2000,2500
Andhra Pradesh,Chittor,Palamaner APMC,Vegetables,Tomato,28-10-2025,7,2500,2800,3000
Andhra Pradesh,Chittor,Palamaner APMC,Vegetables,Cabbage,29-10-2025,6.36,600,800,1000
Andhra Pradesh,Chittor,Palamaner APMC,Vegetables,Potato,29-10-2025,1.32,2000,2500,3000
Andhra Pradesh,Chittor,Palamaner APMC,Vegetables,Tomato,29-10-2025,8,2000,2300,2500
Andhra Pradesh,Chittor,Palamaner APMC,Vegetables,Cabbage,30-10-2025,4.71,600,800,1000
Andhra Pradesh,Chittor,Palamaner APMC,Vegetables,Potato,30-10-2025,0.64,2000,2500,3000
Andhra Pradesh,Chittor,Palamaner APMC,Vegetables,Tomato,30-10-2025,10,1600,1800,2000
Andhra Pradesh,Chittor,Palamaner APMC,Vegetables,Cabbage,31-10-2025,8.61,600,800,1000
Andhra Pradesh,Chittor,Palamaner APMC,Vegetables,Potato,31-10-2025,2.36,2000,2500,3000
Andhra Pradesh,Chittor,Palamaner APMC,Vegetables,Tomato,31-10-2025,12,1600,1800,2100
Andhra Pradesh,Chittor,Palamaner APMC,Vegetables,Cabbage,01-11-2025,6.33,600,800,1000
Andhra Pradesh,Chittor,Palamaner APMC,Vegetables,Potato,01-11-2025,1.52,2000,2500,3000
Andhra Pradesh,Chittor,Palamaner APMC,Vegetables,Tomato,01-11-2025,10,1500,1700,1900
Andhra Pradesh,Chittor,Palamaner APMC,Vegetables,Cabbage,02-11-2025,6.12,600,800,1000
Andhra Pradesh,Chittor,Palamaner APMC,Vegetables,Potato,02-11-2025,0.66,2000,2500,3000
Andhra Pradesh,Chittor,Palamaner APMC,Vegetables,Tomato,02-11-2025,11.02,1500,1700,1900
Andhra Pradesh,Chittor,Palamaner APMC,Vegetables,Cabbage,03-11-2025,6.96,600,900,1200
Andhra Pradesh,Chittor,Palamaner APMC,Vegetables,Potato,03-11-2025,1.04,1000,1500,2500
Andhra Pradesh,Chittor,Palamaner APMC,Vegetables,Tomato,03-11-2025,8,3000,4000,5000
Andhra Pradesh,Chittor,Palamaner APMC,Vegetables,Cabbage,04-11-2025,2.85,600,900,1500
Andhra Pradesh,Chittor,Palamaner APMC,Vegetables,Potato,04-11-2025,0.9,1000,1500,2500
Andhra Pradesh,Chittor,Palamaner APMC,Vegetables,Tomato,04-11-2025,9,1700,1900,2100
Andhra Pradesh,Chittor,Palamaner APMC,Vegetables,Cabbage,05-11-2025,4.38,800,1200,1400
Andhra Pradesh,Chittor,Palamaner APMC,Vegetables,Potato,05-11-2025,1.1,1400,1800,2000
Andhra Pradesh,Chittor,Palamaner APMC,Vegetables,Tomato,05-11-2025,11,1500,1800,2000
Andhra Pradesh,Chittor,Palamaner APMC,Vegetables,Cabbage,06-11-2025,6.9,800,1200,1400
Andhra Pradesh,Chittor,Palamaner APMC,Vegetables,Potato,06-11-2025,1.94,1400,1800,2000
Andhra Pradesh,Chittor,Palamaner APMC,Vegetables,Tomato,06-11-2025,9,1500,1700,1900
Andhra Pradesh,Chittor,Palamaner APMC,Vegetables,Tomato,10-11-2025,10,1700,1900,2100
Andhra Pradesh,Chittor,Palamaner APMC,Vegetables,Potato,11-11-2025,1.52,2000,2200,2500
Andhra Pradesh,Chittor,Palamaner APMC,Vegetables,Tomato,11-11-2025,7,2300,2600,2800
Andhra Pradesh,Chittor,Palamaner APMC,Vegetables,Potato,12-11-2025,0.74,2000,2200,2500
Andhra Pradesh,Chittor,Palamaner APMC,Vegetables,Tomato,12-11-2025,7.5,2500,2700,3000
Andhra Pradesh,Chittor,Palamaner APMC,Vegetables,Potato,13-11-2025,1,2000,2200,2500
Andhra Pradesh,Chittor,Palamaner APMC,Vegetables,Tomato,13-11-2025,15,2500,2700,3000
Andhra Pradesh,Chittor,Palamaner APMC,Vegetables,Potato,14-11-2025,2.4,2000,2200,2500
Andhra Pradesh,Chittor,Palamaner APMC,Vegetables,Tomato,14-11-2025,17,2700,3000,3400
Andhra Pradesh,Chittor,Palamaner APMC,Vegetables,Potato,15-11-2025,2.22,2000,2200,2500
Andhra Pradesh,Chittor,Palamaner APMC,Vegetables,Tomato,15-11-2025,16,3400,3700,4100
Andhra Pradesh,Chittor,Palamaner APMC,Vegetables,Cabbage,17-11-2025,5.37,1200,1600,1800
Andhra Pradesh,Chittor,Palamaner APMC,Vegetables,Potato,17-11-2025,1.16,2000,2200,2500
Andhra Pradesh,Chittor,Palamaner APMC,Vegetables,Tomato,17-11-2025,25,2700,3000,3350
Andhra Pradesh,Chittor,Palamaner APMC,Vegetables,Cabbage,18-11-2025,3.45,1100,1400,1700
Andhra Pradesh,Chittor,Palamaner APMC,Vegetables,Potato,18-11-2025,1.8,2000,2200,2500
Andhra Pradesh,Chittor,Palamaner APMC,Vegetables,Tomato,18-11-2025,22,3000,3500,3900
Andhra Pradesh,Chittor,Palamaner APMC,Vegetables,Cabbage,19-11-2025,9.36,1000,1200,1600
Andhra Pradesh,Chittor,Palamaner APMC,Vegetables,Potato,19-11-2025,1.48,2000,2200,2500
Andhra Pradesh,Chittor,Palamaner APMC,Vegetables,Tomato,19-11-2025,20,3400,3700,4100
Andhra Pradesh,Chittor,Palamaner APMC,Vegetables,Cabbage,20-11-2025,6.12,1200,1400,1700
Andhra Pradesh,Chittor,Palamaner APMC,Vegetables,Potato,20-11-2025,1.56,3000,3500,4000
Andhra Pradesh,Chittor,Palamaner APMC,Vegetables,Tomato,20-11-2025,21,4000,4300,4500
Andhra Pradesh,Chittor,Palamaner APMC,Vegetables,Cabbage,21-11-2025,4.95,1500,2000,2500
Andhra Pradesh,Chittor,Palamaner APMC,Vegetables,Potato,21-11-2025,2.1,2000,2200,2500
Andhra Pradesh,Chittor,Palamaner APMC,Vegetables,Tomato,21-11-2025,18,4400,4700,5000
Andhra Pradesh,Chittor,Palamaner APMC,Vegetables,Cabbage,22-11-2025,8.28,1600,2100,2600
Andhra Pradesh,Chittor,Palamaner APMC,Vegetables,Potato,22-11-2025,1.6,2000,2200,2500
Andhra Pradesh,Chittor,Palamaner APMC,Vegetables,Tomato,22-11-2025,15,4000,4500,4900
Andhra Pradesh,Chittor,Palamaner APMC,Vegetables,Cabbage,23-11-2025,6.75,1600,2100,2600
Andhra Pradesh,Chittor,Palamaner APMC,Vegetables,Potato,23-11-2025,0.86,2000,2200,2500
Andhra Pradesh,Chittor,Palamaner APMC,Vegetables,Tomato,23-11-2025,20,5000,5500,5800
Andhra Pradesh,Chittor,Palamaner APMC,Vegetables,Cabbage,24-11-2025,4.95,1500,1900,2300
Andhra Pradesh,Chittor,Palamaner APMC,Vegetables,Potato,24-11-2025,2.02,1800,2200,2500
Andhra Pradesh,Chittor,Palamaner APMC,Vegetables,Tomato,24-11-2025,23,4300,4500,4800
Andhra Pradesh,Chittor,Palamaner APMC,Vegetables,Cabbage,25-11-2025,4.88,1600,2000,2400
Andhra Pradesh,Chittor,Palamaner APMC,Vegetables,Potato,25-11-2025,2.06,1800,2200,2500
Andhra Pradesh,Chittor,Palamaner APMC,Vegetables,Tomato,25-11-2025,28,4400,4700,4900
Andhra Pradesh,Chittor,Palamaner APMC,Vegetables,Cabbage,26-11-2025,3.05,1000,1500,2000
Andhra Pradesh,Chittor,Palamaner APMC,Vegetables,Potato,26-11-2025,1.5,1800,2200,2500
Andhra Pradesh,Chittor,Palamaner APMC,Vegetables,Tomato,26-11-2025,25,4400,4800,5200
Andhra Pradesh,Chittor,Palamaner APMC,Vegetables,Cabbage,27-11-2025,3.15,1200,1600,1900
Andhra Pradesh,Chittor,Palamaner APMC,Vegetables,Potato,27-11-2025,1,1800,2200,2500
Andhra Pradesh,Chittor,Palamaner APMC,Vegetables,Tomato,27-11-2025,23,4300,4700,5000
Andhra Pradesh,Chittor,Palamaner APMC,Vegetables,Cabbage,28-11-2025,3,900,1200,1500
Andhra Pradesh,Chittor,Palamaner APMC,Vegetables,Potato,28-11-2025,1.12,1800,2200,2500
Andhra Pradesh,Chittor,Palamaner APMC,Vegetables,Tomato,28-11-2025,25,3000,3300,3600
Andhra Pradesh,Chittor,Palamaner APMC,Vegetables,Cabbage,29-11-2025,4.08,900,1200,1500
Andhra Pradesh,Chittor,Palamaner APMC,Vegetables,Potato,29-11-2025,1.66,2000,2500,3000
Andhra Pradesh,Chittor,Palamaner APMC,Vegetables,Tomato,29-11-2025,22,2800,3100,3400
Andhra Pradesh,Chittor,Palamaner APMC,Vegetables,Cabbage,30-11-2025,5.37,900,1200,1500
Andhra Pradesh,Chittor,Palamaner APMC,Vegetables,Potato,30-11-2025,2.52,1500,2000,2500
Andhra Pradesh,Chittor,Palamaner APMC,Vegetables,Tomato,30-11-2025,25,2700,3000,3200
Andhra Pradesh,Chittor,Palamaner APMC,Vegetables,Cabbage,01-12-2025,5.79,1000,1300,1600
Andhra Pradesh,Chittor,Palamaner APMC,Vegetables,Potato,01-12-2025,1.92,1500,2000,2500
Andhra Pradesh,Chittor,Palamaner APMC,Vegetables,Tomato,01-12-2025,18,3300,3700,4000
Andhra Pradesh,Chittor,Palamaner APMC,Vegetables,Cabbage,02-12-2025,5.88,600,1000,1300
Andhra Pradesh,Chittor,Palamaner APMC,Vegetables,Potato,02-12-2025,1.7,2000,2500,3000
Andhra Pradesh,Chittor,Palamaner APMC,Vegetables,Tomato,02-12-2025,20,4300,4500,4800
Andhra Pradesh,Chittor,Palamaner APMC,Vegetables,Cabbage,03-12-2025,4.5,700,1100,1500
Andhra Pradesh,Chittor,Palamaner APMC,Vegetables,Potato,03-12-2025,1.6,1000,1500,2500
Andhra Pradesh,Chittor,Palamaner APMC,Vegetables,Tomato,03-12-2025,23,2900,3400,3800
Andhra Pradesh,Chittor,Palamaner APMC,Vegetables,Cabbage,04-12-2025,3.6,600,800,1000
Andhra Pradesh,Chittor,Palamaner APMC,Vegetables,Potato,04-12-2025,1.5,1000,1500,2500
Andhra Pradesh,Chittor,Palamaner APMC,Vegetables,Tomato,04-12-2025,28,3000,3300,3600
Andhra Pradesh,Chittor,Palamaner APMC,Vegetables,Cabbage,05-12-2025,5.82,700,900,1100
Andhra Pradesh,Chittor,Palamaner APMC,Vegetables,Potato,05-12-2025,2.36,1000,1500,2500
Andhra Pradesh,Chittor,Palamaner APMC,Vegetables,Tomato,05-12-2025,31,3100,3400,3700
Andhra Pradesh,Chittor,Palamaner APMC,Vegetables,Cabbage,06-12-2025,5.73,600,800,1000
Andhra Pradesh,Chittor,Palamaner APMC,Vegetables,Potato,06-12-2025,2.1,1100,1600,2200
Andhra Pradesh,Chittor,Palamaner APMC,Vegetables,Tomato,06-12-2025,25,3300,3600,3900
Andhra Pradesh,Chittor,Palamaner APMC,Vegetables,Cabbage,07-12-2025,5.85,600,800,1000
Andhra Pradesh,Chittor,Palamaner APMC,Vegetables,Tomato,07-12-2025,32,2800,3100,3400
Andhra Pradesh,Chittor,Palamaner APMC,Vegetables,Cabbage,08-12-2025,6.72,600,800,1100
Andhra Pradesh,Chittor,Palamaner APMC,Vegetables,Potato,08-12-2025,2.56,1200,1600,2500
Andhra Pradesh,Chittor,Palamaner APMC,Vegetables,Tomato,08-12-2025,35,2800,3000,3300
Andhra Pradesh,Chittor,Palamaner APMC,Vegetables,Cabbage,09-12-2025,5.76,1000,1200,1600
Andhra Pradesh,Chittor,Palamaner APMC,Vegetables,Potato,09-12-2025,2.6,2000,2500,3000
Andhra Pradesh,Chittor,Palamaner APMC,Vegetables,Tomato,09-12-2025,37,2700,2900,3200
Andhra Pradesh,Chittor,Palamaner APMC,Vegetables,Cabbage,10-12-2025,5.55,700,1000,1500
Andhra Pradesh,Chittor,Palamaner APMC,Vegetables,Potato,10-12-2025,3.2,2000,2500,3000
Andhra Pradesh,Chittor,Palamaner APMC,Vegetables,Tomato,10-12-2025,40,2400,2700,3000
Andhra Pradesh,Chittor,Palamaner APMC,Vegetables,Cabbage,11-12-2025,3.45,700,1000,1200
Andhra Pradesh,Chittor,Palamaner APMC,Vegetables,Potato,11-12-2025,1.94,2000,2500,3000
Andhra Pradesh,Chittor,Palamaner APMC,Vegetables,Tomato,11-12-2025,35,2700,3000,3300
Andhra Pradesh,Chittor,Palamaner APMC,Vegetables,Cabbage,12-12-2025,4.05,700,900,1500
Andhra Pradesh,Chittor,Palamaner APMC,Vegetables,Potato,12-12-2025,1.1,2000,2500,3000
Andhra Pradesh,Chittor,Palamaner APMC,Vegetables,Tomato,12-12-2025,38,2600,2800,3100
Andhra Pradesh,Chittor,Palamaner APMC,Vegetables,Tomato,14-12-2025,27,3300,3600,3850
Andhra Pradesh,Chittor,Palamaner APMC,Vegetables,Cabbage,15-12-2025,7.7,600,800,1000
Andhra Pradesh,Chittor,Palamaner APMC,Vegetables,Potato,15-12-2025,0.92,1500,2000,2500
Andhra Pradesh,Chittor,Palamaner APMC,Vegetables,Tomato,15-12-2025,21,3400,3700,4000
Andhra Pradesh,Chittor,Palamaner APMC,Vegetables,Cabbage,16-12-2025,3.75,1100,1400,1700
Andhra Pradesh,Chittor,Palamaner APMC,Vegetables,Potato,16-12-2025,1.4,1500,2000,2500
Andhra Pradesh,Chittor,Palamaner APMC,Vegetables,Tomato,16-12-2025,25,3400,3900,4200
Andhra Pradesh,Chittor,Palamaner APMC,Vegetables,Cabbage,17-12-2025,5.94,1000,1200,2000
Andhra Pradesh,Chittor,Palamaner APMC,Vegetables,Potato,17-12-2025,1.04,1500,2000,2200
Andhra Pradesh,Chittor,Palamaner APMC,Vegetables,Tomato,17-12-2025,22,3900,4200,4500
Andhra Pradesh,Chittor,Palamaner APMC,Vegetables,Cabbage,18-12-2025,5.49,1000,1200,1500
Andhra Pradesh,Chittor,Palamaner APMC,Vegetables,Potato,18-12-2025,1.94,1500,2000,2200
Andhra Pradesh,Chittor,Palamaner APMC,Vegetables,Tomato,18-12-2025,25,3500,3800,4100
Andhra Pradesh,Chittor,Palamaner APMC,Vegetables,Cabbage,19-12-2025,3.66,1200,1600,1800
Andhra Pradesh,Chittor,Palamaner APMC,Vegetables,Potato,19-12-2025,1.44,1200,1600,2000
Andhra Pradesh,Chittor,Palamaner APMC,Vegetables,Tomato,19-12-2025,21,4000,4400,4800
Andhra Pradesh,Chittor,Palamaner APMC,Vegetables,Cabbage,20-12-2025,5.07,1000,1200,1500
Andhra Pradesh,Chittor,Palamaner APMC,Vegetables,Potato,20-12-2025,0.78,1200,1600,2000
Andhra Pradesh,Chittor,Palamaner APMC,Vegetables,Cabbage,21-12-2025,4.77,1200,1600,1800
Andhra Pradesh,Chittor,Palamaner APMC,Vegetables,Tomato,21-12-2025,32,3700,4000,4300
Andhra Pradesh,Chittor,Palamaner APMC,Vegetables,Cabbage,22-12-2025,5.79,1000,1200,1600
Andhra Pradesh,Chittor,Palamaner APMC,Vegetables,Potato,22-12-2025,2.24,1000,1500,2000
Andhra Pradesh,Chittor,Palamaner APMC,Vegetables,Tomato,22-12-2025,28,4000,4300,4600
Andhra Pradesh,Chittor,Palamaner APMC,Vegetables,Cabbage,23-12-2025,5.4,1000,1200,1500
Andhra Pradesh,Chittor,Palamaner APMC,Vegetables,Tomato,23-12-2025,27,4000,4400,4700
Andhra Pradesh,Chittor,Palamaner APMC,Vegetables,Cabbage,24-12-2025,4.56,1000,1200,1600
Andhra Pradesh,Chittor,Palamaner APMC,Vegetables,Potato,24-12-2025,1.4,1200,1600,2500
Andhra Pradesh,Chittor,Palamaner APMC,Vegetables,Tomato,24-12-2025,22,4300,4700,5000
Andhra Pradesh,Chittor,Palamaner APMC,Vegetables,Cabbage,25-12-2025,5.52,1000,1200,1600
Andhra Pradesh,Chittor,Palamaner APMC,Vegetables,Potato,25-12-2025,1.1,1200,1600,2500
Andhra Pradesh,Chittor,Palamaner APMC,Vegetables,Tomato,25-12-2025,25,4300,4600,5000
Andhra Pradesh,Chittor,Palamaner APMC,Vegetables,Cabbage,26-12-2025,6.36,1000,1200,1600
Andhra Pradesh,Chittor,Palamaner APMC,Vegetables,Potato,26-12-2025,0.6,1200,1600,2500
Andhra Pradesh,Chittor,Palamaner APMC,Vegetables,Tomato,26-12-2025,30,4500,4800,5200
Andhra Pradesh,Chittor,Palamaner APMC,Vegetables,Cabbage,27-12-2025,3.54,800,1000,1400
Andhra Pradesh,Chittor,Palamaner APMC,Vegetables,Potato,27-12-2025,1.1,1000,1500,2500
Andhra Pradesh,Chittor,Palamaner APMC,Vegetables,Tomato,27-12-2025,32,4300,4500,4800
Andhra Pradesh,Chittor,Palamaner APMC,Vegetables,Cabbage,29-12-2025,6.63,800,1100,1300
Andhra Pradesh,Chittor,Palamaner APMC,Vegetables,Potato,29-12-2025,1.38,1000,1500,2500
Andhra Pradesh,Chittor,Palamaner APMC,Vegetables,Tomato,29-12-2025,30,4100,4400,4800
Andhra Pradesh,Chittor,Palamaner APMC,Vegetables,Cabbage,30-12-2025,3.9,800,1100,1300
Andhra Pradesh,Chittor,Palamaner APMC,Vegetables,Potato,30-12-2025,1.7,1500,2000,2500
Andhra Pradesh,Chittor,Palamaner APMC,Vegetables,Tomato,30-12-2025,35,4000,4300,4600
Andhra Pradesh,Chittor,Palamaner APMC,Vegetables,Cabbage,31-12-2025,5.73,800,1100,1300
Andhra Pradesh,Chittor,Palamaner APMC,Vegetables,Potato,31-12-2025,0.6,1500,2000,2500
Andhra Pradesh,Chittor,Palamaner APMC,Vegetables,Tomato,31-12-2025,37,4000,4300,4600
Andhra Pradesh,Chittor,Palamaner APMC,Vegetables,Cabbage,02-01-2026,5.1,800,1100,1300
Andhra Pradesh,Chittor,Palamaner APMC,Vegetables,Potato,02-01-2026,1.56,1500,2000,2500
Andhra Pradesh,Chittor,Palamaner APMC,Vegetables,Tomato,02-01-2026,39,3900,4100,4300
Andhra Pradesh,Chittor,Palamaner APMC,Vegetables,Cabbage,03-01-2026,4.35,800,1000,1200
Andhra Pradesh,Chittor,Palamaner APMC,Vegetables,Potato,03-01-2026,1.5,1500,2000,2500
Andhra Pradesh,Chittor,Palamaner APMC,Vegetables,Tomato,03-01-2026,28,4200,4500,4800
Andhra Pradesh,Chittor,Palamaner APMC,Vegetables,Cabbage,04-01-2026,5.04,800,1000,1200
Andhra Pradesh,Chittor,Palamaner APMC,Vegetables,Potato,04-01-2026,0.6,1500,2000,2500
Andhra Pradesh,Chittor,Palamaner APMC,Vegetables,Tomato,04-01-2026,34,3700,4100,4500
Andhra Pradesh,Chittor,Palamaner APMC,Vegetables,Cabbage,05-01-2026,5.34,700,900,1100
Andhra Pradesh,Chittor,Palamaner APMC,Vegetables,Potato,05-01-2026,0.86,1500,2000,2500
Andhra Pradesh,Chittor,Palamaner APMC,Vegetables,Tomato,05-01-2026,39,3500,3800,4100
Andhra Pradesh,Chittor,Palamaner APMC,Vegetables,Cabbage,06-01-2026,4.05,700,1000,1200
Andhra Pradesh,Chittor,Palamaner APMC,Vegetables,Potato,06-01-2026,1.3,1500,2000,2500
Andhra Pradesh,Chittor,Palamaner APMC,Vegetables,Tomato,06-01-2026,42,3000,3300,3600
Andhra Pradesh,Chittor,Palamaner APMC,Vegetables,Cabbage,07-01-2026,5.85,1000,1200,1500
Andhra Pradesh,Chittor,Palamaner APMC,Vegetables,Potato,07-01-2026,1.2,1600,2100,2600
Andhra Pradesh,Chittor,Palamaner APMC,Vegetables,Tomato,07-01-2026,45,2500,2800,3100
Andhra Pradesh,Chittor,Palamaner APMC,Vegetables,Cabbage,08-01-2026,4.05,1000,1200,1500
Andhra Pradesh,Chittor,Palamaner APMC,Vegetables,Potato,08-01-2026,1.2,1600,2000,2500
Andhra Pradesh,Chittor,Palamaner APMC,Vegetables,Tomato,08-01-2026,47,2300,2500,2700
Andhra Pradesh,Chittor,Palamaner APMC,Vegetables,Cabbage,09-01-2026,3.45,700,900,1100
Andhra Pradesh,Chittor,Palamaner APMC,Vegetables,Potato,09-01-2026,1.3,1600,2000,2400
Andhra Pradesh,Chittor,Palamaner APMC,Vegetables,Tomato,09-01-2026,49,2000,2300,2500
Andhra Pradesh,Chittor,Palamaner APMC,Vegetables,Cabbage,11-01-2026,7.35,800,1000,1200
Andhra Pradesh,Chittor,Palamaner APMC,Vegetables,Potato,11-01-2026,2.8,2000,2500,3500
Andhra Pradesh,Chittor,Palamaner APMC,Vegetables,Tomato,11-01-2026,45,2100,2300,2500
Andhra Pradesh,Chittor,Palamaner APMC,Vegetables,Cabbage,12-01-2026,3.9,700,900,1100
Andhra Pradesh,Chittor,Palamaner APMC,Vegetables,Potato,12-01-2026,1.16,1500,2000,2500
Andhra Pradesh,Chittor,Palamaner APMC,Vegetables,Tomato,12-01-2026,48,1800,2100,2350
Andhra Pradesh,Chittor,Palamaner APMC,Vegetables,Cabbage,13-01-2026,3.9,800,1000,1200
Andhra Pradesh,Chittor,Palamaner APMC,Vegetables,Potato,13-01-2026,1.62,1500,1800,2200
Andhra Pradesh,Chittor,Palamaner APMC,Vegetables,Tomato,13-01-2026,51,1700,1900,2200
Andhra Pradesh,Chittor,Palamaner APMC,Vegetables,Cabbage,16-01-2026,6.36,600,800,1000
Andhra Pradesh,Chittor,Palamaner APMC,Vegetables,Potato,16-01-2026,0.9,1000,1500,2000
Andhra Pradesh,Chittor,Palamaner APMC,Vegetables,Tomato,16-01-2026,22,1800,2200,2400
Andhra Pradesh,Chittor,Palamaner APMC,Vegetables,Cabbage,17-01-2026,6.39,600,800,1100
Andhra Pradesh,Chittor,Palamaner APMC,Vegetables,Potato,17-01-2026,1.16,1000,1500,2000
Andhra Pradesh,Chittor,Palamaner APMC,Vegetables,Tomato,17-01-2026,30,1700,2000,2200
Andhra Pradesh,Chittor,Palamaner APMC,Vegetables,Cabbage,18-01-2026,6.9,600,800,1000
Andhra Pradesh,Chittor,Palamaner APMC,Vegetables,Potato,18-01-2026,0.92,1000,1500,2000
Andhra Pradesh,Chittor,Palamaner APMC,Vegetables,Tomato,18-01-2026,40,1500,1700,2000
Andhra Pradesh,Chittor,Palamaner APMC,Vegetables,Cabbage,19-01-2026,8.55,700,900,1100
Andhra Pradesh,Chittor,Palamaner APMC,Vegetables,Potato,19-01-2026,0.96,1200,1400,1800
Andhra Pradesh,Chittor,Palamaner APMC,Vegetables,Tomato,19-01-2026,51,1400,1600,1800
Andhra Pradesh,Chittor,Palamaner APMC,Vegetables,Cabbage,20-01-2026,4.35,800,1200,1400
Andhra Pradesh,Chittor,Palamaner APMC,Vegetables,Potato,20-01-2026,1.66,2000,2500,3000
Andhra Pradesh,Chittor,Palamaner APMC,Vegetables,Tomato,20-01-2026,55,1500,1800,2100
Andhra Pradesh,Chittor,Palamaner APMC,Vegetables,Cabbage,21-01-2026,4.95,600,800,1200
Andhra Pradesh,Chittor,Palamaner APMC,Vegetables,Potato,21-01-2026,1.5,2000,2500,3000
Andhra Pradesh,Chittor,Palamaner APMC,Vegetables,Tomato,21-01-2026,53,1500,1800,2100
Andhra Pradesh,Chittor,Palamaner APMC,Vegetables,Cabbage,22-01-2026,2.7,600,800,1200
Andhra Pradesh,Chittor,Palamaner APMC,Vegetables,Potato,22-01-2026,1.62,2000,2500,3000
Andhra Pradesh,Chittor,Palamaner APMC,Vegetables,Tomato,22-01-2026,47,2000,2300,2500
Andhra Pradesh,Chittor,Palamaner APMC,Vegetables,Cabbage,23-01-2026,3.15,700,1000,1300
Andhra Pradesh,Chittor,Palamaner APMC,Vegetables,Potato,23-01-2026,1.56,2000,2500,3000
Andhra Pradesh,Chittor,Palamaner APMC,Vegetables,Tomato,23-01-2026,52,1700,1900,2200
Andhra Pradesh,Chittor,Palamaner APMC,Vegetables,Cabbage,24-01-2026,7.14,700,900,1100
Andhra Pradesh,Chittor,Palamaner APMC,Vegetables,Potato,24-01-2026,1.5,2000,2500,3000
Andhra Pradesh,Chittor,Palamaner APMC,Vegetables,Tomato,24-01-2026,55,1600,1800,2000
Andhra Pradesh,Chittor,Palamaner APMC,Vegetables,Cabbage,26-01-2026,4.3,600,800,1000
Andhra Pradesh,Chittor,Palamaner APMC,Vegetables,Potato,26-01-2026,1,2000,2500,3000
Andhra Pradesh,Chittor,Palamaner APMC,Vegetables,Tomato,26-01-2026,50.03,1600,1800,2000
Andhra Pradesh,Chittor,Palamaner APMC,Vegetables,Cabbage,27-01-2026,4.05,700,900,1100
Andhra Pradesh,Chittor,Palamaner APMC,Vegetables,Potato,27-01-2026,2.02,2000,2500,3000
Andhra Pradesh,Chittor,Palamaner APMC,Vegetables,Tomato,27-01-2026,56,1500,1700,1900
Andhra Pradesh,Chittor,Palamaner APMC,Vegetables,Cabbage,28-01-2026,3.9,700,900,1200
Andhra Pradesh,Chittor,Palamaner APMC,Vegetables,Potato,28-01-2026,0.9,2000,2500,3000
Andhra Pradesh,Chittor,Palamaner APMC,Vegetables,Tomato,28-01-2026,59,1300,1500,1700
Andhra Pradesh,Chittor,Palamaner APMC,Vegetables,Cabbage,29-01-2026,3.3,700,900,1200
Andhra Pradesh,Chittor,Palamaner APMC,Vegetables,Potato,29-01-2026,1.4,1500,2000,2500
Andhra Pradesh,Chittor,Palamaner APMC,Vegetables,Tomato,29-01-2026,62,1200,1400,1600
Andhra Pradesh,Chittor,Palamaner APMC,Vegetables,Cabbage,30-01-2026,4.5,700,900,1200
Andhra Pradesh,Chittor,Palamaner APMC,Vegetables,Potato,30-01-2026,1.58,1500,2000,2500
Andhra Pradesh,Chittor,Palamaner APMC,Vegetables,Tomato,30-01-2026,65,1000,1200,1400
Andhra Pradesh,Chittor,Palamaner APMC,Vegetables,Cabbage,31-01-2026,4.2,700,900,1200
Andhra Pradesh,Chittor,Palamaner APMC,Vegetables,Potato,31-01-2026,0.66,1500,2000,2500
Andhra Pradesh,Chittor,Palamaner APMC,Vegetables,Tomato,31-01-2026,67,900,1100,1300
Andhra Pradesh,Chittor,Palamaner APMC,Vegetables,Cabbage,02-02-2026,7.08,700,900,1100
Andhra Pradesh,Chittor,Palamaner APMC,Vegetables,Potato,02-02-2026,1.24,1500,2000,2500
Andhra Pradesh,Chittor,Palamaner APMC,Vegetables,Cabbage,03-02-2026,8.01,700,900,1100
Andhra Pradesh,Chittor,Palamaner APMC,Vegetables,Potato,03-02-2026,1.38,1500,2000,2500
Andhra Pradesh,Chittor,Palamaner APMC,Vegetables,Tomato,03-02-2026,62,1100,1300,1500
Andhra Pradesh,Chittor,Palamaner APMC,Vegetables,Cabbage,04-02-2026,8.97,700,900,1300
Andhra Pradesh,Chittor,Palamaner APMC,Vegetables,Tomato,04-02-2026,67,900,1100,1300
Andhra Pradesh,Chittor,Palamaner APMC,Vegetables,Tomato,05-02-2026,60,920,1100,1245
Andhra Pradesh,Chittor,Palamaner APMC,Vegetables,Cabbage,06-02-2026,8.34,500,600,700
Andhra Pradesh,Chittor,Palamaner APMC,Vegetables,Potato,06-02-2026,1.98,1200,1600,2000
Andhra Pradesh,Chittor,Palamaner APMC,Vegetables,Tomato,06-02-2026,55,900,1100,1300
Andhra Pradesh,Chittor,Palamaner APMC,Vegetables,Cabbage,07-02-2026,8.61,600,700,800
Andhra Pradesh,Chittor,Palamaner APMC,Vegetables,Potato,07-02-2026,2.3,1200,1600,2000
Andhra Pradesh,Chittor,Palamaner APMC,Vegetables,Tomato,07-02-2026,50,900,1100,1300
Andhra Pradesh,Chittor,Palamaner APMC,Vegetables,Cabbage,09-02-2026,7.17,600,800,1000
Andhra Pradesh,Chittor,Palamaner APMC,Vegetables,Potato,09-02-2026,1.6,1200,1600,2000
Andhra Pradesh,Chittor,Palamaner APMC,Vegetables,Tomato,09-02-2026,49,1300,1500,1700
Andhra Pradesh,Chittor,Palamaner APMC,Vegetables,Cabbage,10-02-2026,4.62,700,800,1100
Andhra Pradesh,Chittor,Palamaner APMC,Vegetables,Potato,10-02-2026,1.6,1500,2000,2500
Andhra Pradesh,Chittor,Palamaner APMC,Vegetables,Tomato,10-02-2026,47,1300,1500,1700
Andhra Pradesh,Chittor,Palamaner APMC,Vegetables,Cabbage,11-02-2026,4.05,500,700,900
Andhra Pradesh,Chittor,Palamaner APMC,Vegetables,Potato,11-02-2026,1.6,1400,1700,2000
Andhra Pradesh,Chittor,Palamaner APMC,Vegetables,Tomato,11-02-2026,50,1020,1240,1460
Andhra Pradesh,Chittor,Palamaner APMC,Vegetables,Cabbage,12-02-2026,4.5,600,800,1000
Andhra Pradesh,Chittor,Palamaner APMC,Vegetables,Potato,12-02-2026,1.6,1400,1700,2000
Andhra Pradesh,Chittor,Palamaner APMC,Vegetables,Tomato,12-02-2026,55,900,1100,1300
Andhra Pradesh,Chittor,Palamaner APMC,Vegetables,Cabbage,13-02-2026,4.35,630,730,830
Andhra Pradesh,Chittor,Palamaner APMC,Vegetables,Potato,13-02-2026,1.76,1400,1700,2000
Andhra Pradesh,Chittor,Palamaner APMC,Vegetables,Tomato,13-02-2026,57,900,1100,1300
Andhra Pradesh,Chittor,Palamaner APMC,Vegetables,Cabbage,16-02-2026,3.9,600,700,900
Andhra Pradesh,Chittor,Palamaner APMC,Vegetables,Potato,16-02-2026,1.7,1200,1400,2000
Andhra Pradesh,Chittor,Palamaner APMC,Vegetables,Tomato,16-02-2026,30,1200,1400,1600
Andhra Pradesh,Chittor,Palamaner APMC,Vegetables,Cabbage,17-02-2026,6.18,600,700,900
Andhra Pradesh,Chittor,Palamaner APMC,Vegetables,Potato,17-02-2026,1.92,1200,1400,2000
Andhra Pradesh,Chittor,Palamaner APMC,Vegetables,Tomato,17-02-2026,31,1200,1400,1600
Andhra Pradesh,Chittor,Palamaner APMC,Vegetables,Cabbage,18-02-2026,4.05,600,700,900
Andhra Pradesh,Chittor,Palamaner APMC,Vegetables,Potato,18-02-2026,1.5,1200,1400,2000
Andhra Pradesh,Chittor,Palamaner APMC,Vegetables,Tomato,18-02-2026,33,1000,1200,1400
Andhra Pradesh,Chittor,Palamaner APMC,Vegetables,Cabbage,19-02-2026,4.5,600,700,900
Andhra Pradesh,Chittor,Palamaner APMC,Vegetables,Potato,19-02-2026,1.76,1200,1400,2000
Andhra Pradesh,Chittor,Palamaner APMC,Vegetables,Tomato,19-02-2026,35,1100,1300,1500
Andhra Pradesh,Chittor,Palamaner APMC,Vegetables,Cabbage,20-02-2026,6.9,600,700,900
Andhra Pradesh,Chittor,Palamaner APMC,Vegetables,Potato,20-02-2026,1.3,1500,2000,2500
Andhra Pradesh,Chittor,Palamaner APMC,Vegetables,Tomato,20-02-2026,32,1100,1300,1500
Andhra Pradesh,Chittor,Palamaner APMC,Vegetables,Cabbage,21-02-2026,4.5,600,700,800
Andhra Pradesh,Chittor,Palamaner APMC,Vegetables,Potato,21-02-2026,1.96,1000,1200,1500
Andhra Pradesh,Chittor,Palamaner APMC,Vegetables,Tomato,21-02-2026,35,1000,1200,1400
Andhra Pradesh,Chittor,Palamaner APMC,Vegetables,Cabbage,23-02-2026,4.41,600,700,800
Andhra Pradesh,Chittor,Palamaner APMC,Vegetables,Potato,23-02-2026,1.5,1000,1200,1500
Andhra Pradesh,Chittor,Palamaner APMC,Vegetables,Tomato,23-02-2026,27,900,1000,1100
Andhra Pradesh,Chittor,Palamaner APMC,Vegetables,Cabbage,05-03-2026,6.24,500,600,700
Andhra Pradesh,Chittor,Palamaner APMC,Vegetables,Potato,05-03-2026,2.12,1000,1200,1500
Andhra Pradesh,Chittor,Palamaner APMC,Vegetables,Tomato,05-03-2026,17,900,1000,1100
Andhra Pradesh,Chittor,Palamaner APMC,Vegetables,Cabbage,09-03-2026,7.23,700,800,900
Andhra Pradesh,Chittor,Palamaner APMC,Vegetables,Potato,09-03-2026,1.34,1000,1200,1500
Andhra Pradesh,Chittor,Palamaner APMC,Vegetables,Tomato,09-03-2026,17,900,1150,1250
Andhra Pradesh,Chittor,Palamaner APMC,Vegetables,Potato,10-03-2026,1.5,1100,1300,1500
Andhra Pradesh,Chittor,Palamaner APMC,Vegetables,Tomato,10-03-2026,15,900,1000,1100
Andhra Pradesh,Chittor,Palamaner APMC,Vegetables,Potato,11-03-2026,2.8,1100,1300,1500
Andhra Pradesh,Chittor,Palamaner APMC,Vegetables,Potato,12-03-2026,1.82,1100,1300,1500
Andhra Pradesh,Chittor,Palamaner APMC,Vegetables,Tomato,12-03-2026,15,1000,1100,1250
Andhra Pradesh,Chittor,Palamaner APMC,Vegetables,Potato,13-03-2026,1.8,1100,1300,1500
Andhra Pradesh,Chittor,Palamaner APMC,Vegetables,Tomato,13-03-2026,18,1000,1100,1200
Andhra Pradesh,Chittor,Palamaner APMC,Vegetables,Tomato,18-03-2026,22,900,1000,1100
Andhra Pradesh,Chittor,Palamaner APMC,Vegetables,Potato,26-03-2026,1.92,1000,1200,1500
Andhra Pradesh,Chittor,Palamaner APMC,Vegetables,Tomato,26-03-2026,20,900,1000,1100
Andhra Pradesh,Chittor,Palamaner APMC,Vegetables,Tomato,28-03-2026,11,800,900,1100
Andhra Pradesh,Chittor,Palamaner APMC,Vegetables,Potato,30-03-2026,1.9,1000,1200,1500
Andhra Pradesh,Chittor,Palamaner APMC,Vegetables,Tomato,30-03-2026,20,1000,1100,1200
Andhra Pradesh,Chittor,Palamaner APMC,Vegetables,Cabbage,01-04-2026,8.3,600,700,800
Andhra Pradesh,Chittor,Palamaner APMC,Vegetables,Potato,01-04-2026,2.4,900,1200,1500
Andhra Pradesh,Chittor,Palamaner APMC,Vegetables,Tomato,01-04-2026,25,900,1000,1100
Andhra Pradesh,Chittor,Palamaner APMC,Vegetables,Cabbage,02-04-2026,5.7,600,700,800
Andhra Pradesh,Chittor,Palamaner APMC,Vegetables,Potato,02-04-2026,4.7,1100,1200,1300
Andhra Pradesh,Chittor,Palamaner APMC,Vegetables,Tomato,02-04-2026,22,800,1000,1200
Andhra Pradesh,Chittor,Palamaner APMC,Vegetables,Cabbage,03-04-2026,4.6,600,700,800
Andhra Pradesh,Chittor,Palamaner APMC,Vegetables,Potato,03-04-2026,1.6,1100,1300,1500
Andhra Pradesh,Chittor,Palamaner APMC,Vegetables,Tomato,03-04-2026,21,900,1100,1250
Andhra Pradesh,Chittor,Palamaner APMC,Vegetables,Cabbage,04-04-2026,5.6,800,900,1000
Andhra Pradesh,Chittor,Palamaner APMC,Vegetables,Potato,04-04-2026,2.6,1000,1200,1400
Andhra Pradesh,Chittor,Palamaner APMC,Vegetables,Tomato,04-04-2026,25,900,1000,1150
Andhra Pradesh,Chittor,Palamaner APMC,Vegetables,Cabbage,06-04-2026,4.5,800,900,1000
Andhra Pradesh,Chittor,Palamaner APMC,Vegetables,Potato,06-04-2026,2.8,1000,1200,1400
Andhra Pradesh,Chittor,Palamaner APMC,Vegetables,Tomato,06-04-2026,35,900,1100,1266
Andhra Pradesh,Chittor,Palamaner APMC,Vegetables,Cabbage,07-04-2026,6,700,800,900
Andhra Pradesh,Chittor,Palamaner APMC,Vegetables,Potato,07-04-2026,1.1,900,1100,1300
Andhra Pradesh,Chittor,Palamaner APMC,Vegetables,Tomato,07-04-2026,40,900,1100,1200
Andhra Pradesh,Chittor,Palamaner APMC,Vegetables,Cabbage,08-04-2026,4.7,800,900,1000
Andhra Pradesh,Chittor,Palamaner APMC,Vegetables,Potato,08-04-2026,2.2,1000,1200,1400
Andhra Pradesh,Chittor,Palamaner APMC,Vegetables,Tomato,08-04-2026,45,900,1100,1250
Andhra Pradesh,Chittor,Palamaner APMC,Vegetables,Cabbage,09-04-2026,4.1,800,1000,1200
Andhra Pradesh,Chittor,Palamaner APMC,Vegetables,Potato,09-04-2026,2.5,1000,1200,1300
Andhra Pradesh,Chittor,Palamaner APMC,Vegetables,Tomato,09-04-2026,50,900,1100,1300
Andhra Pradesh,Chittor,Palamaner APMC,Vegetables,Cabbage,10-04-2026,4.4,800,1000,1200
Andhra Pradesh,Chittor,Palamaner APMC,Vegetables,Potato,10-04-2026,1.7,1000,1200,1400
Andhra Pradesh,Chittor,Palamaner APMC,Vegetables,Tomato,10-04-2026,56,1300,1500,1700
Andhra Pradesh,Chittor,Palamaner APMC,Vegetables,Cabbage,12-04-2026,5.3,800,900,1100
Andhra Pradesh,Chittor,Palamaner APMC,Vegetables,Potato,12-04-2026,1.6,1000,1200,1300
Andhra Pradesh,Chittor,Palamaner APMC,Vegetables,Tomato,12-04-2026,73,1400,1700,2000
Andhra Pradesh,Chittor,Palamaner APMC,Vegetables,Cabbage,13-04-2026,5,800,900,1100
Andhra Pradesh,Chittor,Palamaner APMC,Vegetables,Potato,13-04-2026,2.4,1000,1100,1200
Andhra Pradesh,Chittor,Palamaner APMC,Vegetables,Tomato,13-04-2026,79,2000,2200,2500
Andhra Pradesh,Chittor,Palamaner APMC,Vegetables,Cabbage,15-04-2026,5,1000,1100,1200
Andhra Pradesh,Chittor,Palamaner APMC,Vegetables,Potato,15-04-2026,4.9,1100,1300,1400
Andhra Pradesh,Chittor,Palamaner APMC,Vegetables,Tomato,15-04-2026,115,1800,2000,2300
Andhra Pradesh,Chittor,Palamaner APMC,Vegetables,Cabbage,16-04-2026,5.9,600,800,1000
Andhra Pradesh,Chittor,Palamaner APMC,Vegetables,Potato,16-04-2026,2,1100,1200,1300
Andhra Pradesh,Chittor,Palamaner APMC,Vegetables,Tomato,16-04-2026,130,1500,1700,2000
Andhra Pradesh,Chittor,Palamaner APMC,Vegetables,Cabbage,17-04-2026,5.6,800,900,1000
Andhra Pradesh,Chittor,Palamaner APMC,Vegetables,Potato,17-04-2026,1.7,1100,1200,1300
Andhra Pradesh,Chittor,Palamaner APMC,Vegetables,Tomato,17-04-2026,150,1500,1800,2100
Andhra Pradesh,Chittor,Palamaner APMC,Vegetables,Cabbage,18-04-2026,7.2,800,900,1100
Andhra Pradesh,Chittor,Palamaner APMC,Vegetables,Potato,18-04-2026,2.3,1000,1100,1200
Andhra Pradesh,Chittor,Palamaner APMC,Vegetables,Tomato,18-04-2026,180,1500,1800,2300
Andhra Pradesh,Chittor,Palamaner APMC,Vegetables,Cabbage,19-04-2026,5.9,800,900,1100
Andhra Pradesh,Chittor,Palamaner APMC,Vegetables,Potato,19-04-2026,2.1,1000,1100,1200
Andhra Pradesh,Chittor,Palamaner APMC,Vegetables,Tomato,19-04-2026,210,1900,2200,2500
Andhra Pradesh,Chittor,Palamaner APMC,Vegetables,Cabbage,20-04-2026,5.7,800,900,1100
Andhra Pradesh,Chittor,Palamaner APMC,Vegetables,Potato,20-04-2026,2.1,1000,1100,1200
Andhra Pradesh,Chittor,Palamaner APMC,Vegetables,Tomato,20-04-2026,230,1800,2000,2400
Andhra Pradesh,Chittor,Palamaner APMC,Vegetables,Cabbage,21-04-2026,5.3,800,1000,1200
Andhra Pradesh,Chittor,Palamaner APMC,Vegetables,Potato,21-04-2026,1.9,1000,1100,1200
Andhra Pradesh,Chittor,Palamaner APMC,Vegetables,Tomato,21-04-2026,250,1800,2000,2400
Andhra Pradesh,Chittor,Palamaner APMC,Vegetables,Cabbage,23-04-2026,3.75,800,900,1000
Andhra Pradesh,Chittor,Palamaner APMC,Vegetables,Potato,23-04-2026,1.3,1500,1750,2000
Andhra Pradesh,Chittor,Palamaner APMC,Vegetables,Tomato,23-04-2026,280,2000,2500,2933
Andhra Pradesh,Chittor,Palamaner APMC,Vegetables,Cabbage,24-04-2026,4.65,800,900,1000
Andhra Pradesh,Chittor,Palamaner APMC,Vegetables,Potato,24-04-2026,2,1400,1600,1800
Andhra Pradesh,Chittor,Palamaner APMC,Vegetables,Tomato,24-04-2026,300,2500,2700,3000
Andhra Pradesh,Chittor,Palamaner APMC,Vegetables,Cabbage,26-04-2026,4.4,900,1000,1100
Andhra Pradesh,Chittor,Palamaner APMC,Vegetables,Potato,26-04-2026,2.3,1300,1600,2000
Andhra Pradesh,Chittor,Palamaner APMC,Vegetables,Tomato,26-04-2026,285,2500,2900,3200
Andhra Pradesh,Chittor,Palamaner APMC,Vegetables,Cabbage,27-04-2026,5.7,800,900,1000
Andhra Pradesh,Chittor,Palamaner APMC,Vegetables,Potato,27-04-2026,1.4,1300,1600,1800
Andhra Pradesh,Chittor,Palamaner APMC,Vegetables,Tomato,27-04-2026,300,2900,3300,3500
Andhra Pradesh,Chittor,Palamaner APMC,Vegetables,Cabbage,28-04-2026,3.45,900,1100,1300
Andhra Pradesh,Chittor,Palamaner APMC,Vegetables,Potato,28-04-2026,1.7,1200,1400,1600
Andhra Pradesh,Chittor,Palamaner APMC,Vegetables,Tomato,28-04-2026,310,2400,2700,3000
Andhra Pradesh,Chittor,Palamaner APMC,Vegetables,Cabbage,29-04-2026,7.47,950,1150,1330
Andhra Pradesh,Chittor,Palamaner APMC,Vegetables,Potato,29-04-2026,5.02,1100,1300,1500
Andhra Pradesh,Chittor,Palamaner APMC,Vegetables,Tomato,29-04-2026,320,2300,2500,2700
Andhra Pradesh,Chittor,Palamaner APMC,Vegetables,Cabbage,30-04-2026,11.85,960,1060,1160
Andhra Pradesh,Chittor,Palamaner APMC,Vegetables,Potato,30-04-2026,3.22,1700,2000,2300
Andhra Pradesh,Chittor,Palamaner APMC,Vegetables,Tomato,30-04-2026,300,2000,2300,2600
Andhra Pradesh,Chittor,Palamaner APMC,Vegetables,Cabbage,01-05-2026,9.84,930,1130,1330
Andhra Pradesh,Chittor,Palamaner APMC,Vegetables,Potato,01-05-2026,2.44,1600,1800,2000
Andhra Pradesh,Chittor,Palamaner APMC,Vegetables,Tomato,01-05-2026,315,1800,2100,2466
Andhra Pradesh,Chittor,Palamaner APMC,Vegetables,Cabbage,02-05-2026,8.4,1260,1460,1600
Andhra Pradesh,Chittor,Palamaner APMC,Vegetables,Potato,02-05-2026,4.5,1900,2200,2500
Andhra Pradesh,Chittor,Palamaner APMC,Vegetables,Tomato,02-05-2026,325,1900,2200,2500
Andhra Pradesh,Chittor,Palamaner APMC,Vegetables,Cabbage,04-05-2026,4.5,1600,1800,2000
Andhra Pradesh,Chittor,Palamaner APMC,Vegetables,Tomato,04-05-2026,350,1900,2130,2460
Andhra Pradesh,Chittor,Palamaner APMC,Vegetables,Cabbage,05-05-2026,7.5,1260,1460,1660
Andhra Pradesh,Chittor,Palamaner APMC,Vegetables,Potato,05-05-2026,2.7,1600,1800,2000
Andhra Pradesh,Chittor,Palamaner APMC,Vegetables,Tomato,05-05-2026,360,1900,2130,2466
Andhra Pradesh,Chittor,Palamaner APMC,Vegetables,Cabbage,06-05-2026,9.9,1600,1800,2000
Andhra Pradesh,Chittor,Palamaner APMC,Vegetables,Potato,06-05-2026,1.9,1600,1800,2000
Andhra Pradesh,Chittor,Palamaner APMC,Vegetables,Tomato,06-05-2026,340,2000,2300,2500
Andhra Pradesh,Chittor,Palamaner APMC,Vegetables,Cabbage,07-05-2026,9.3,1600,1800,2000
Andhra Pradesh,Chittor,Palamaner APMC,Vegetables,Potato,07-05-2026,2.8,1600,1800,2000
Andhra Pradesh,Chittor,Palamaner APMC,Vegetables,Tomato,07-05-2026,355,2000,2300,2500
Andhra Pradesh,Chittor,Palamaner APMC,Vegetables,Cabbage,08-05-2026,8.3,1200,1400,1700
Andhra Pradesh,Chittor,Palamaner APMC,Vegetables,Potato,08-05-2026,3.1,1300,1500,1700
Andhra Pradesh,Chittor,Palamaner APMC,Vegetables,Tomato,08-05-2026,370,1800,2100,2400
Andhra Pradesh,Chittor,Palamaner APMC,Vegetables,Cabbage,10-05-2026,10.1,1000,1200,1400
Andhra Pradesh,Chittor,Palamaner APMC,Vegetables,Potato,10-05-2026,1.4,1200,1500,1700
Andhra Pradesh,Chittor,Palamaner APMC,Vegetables,Tomato,10-05-2026,400,1800,2100,2300
Andhra Pradesh,Chittor,Palamaner APMC,Vegetables,Cabbage,11-05-2026,11.5,1100,1200,1300
Andhra Pradesh,Chittor,Palamaner APMC,Vegetables,Potato,11-05-2026,1.2,1100,1400,1600
Andhra Pradesh,Chittor,Palamaner APMC,Vegetables,Tomato,11-05-2026,420,1800,2100,2300
Andhra Pradesh,Chittor,Palamaner APMC,Vegetables,Cabbage,12-05-2026,11.2,1200,1400,1600
Andhra Pradesh,Chittor,Palamaner APMC,Vegetables,Potato,12-05-2026,0.6,1100,1400,1600
Andhra Pradesh,Chittor,Palamaner APMC,Vegetables,Tomato,12-05-2026,380,1800,2000,2500
Andhra Pradesh,Chittor,Palamaner APMC,Vegetables,Cabbage,13-05-2026,11.2,1200,1400,1600
Andhra Pradesh,Chittor,Palamaner APMC,Vegetables,Potato,13-05-2026,0.6,1100,1400,1600
Andhra Pradesh,Chittor,Palamaner APMC,Vegetables,Tomato,13-05-2026,400,1800,2000,2500
Andhra Pradesh,Chittor,Palamaner APMC,Vegetables,Cabbage,15-05-2026,7,1200,1400,1600
Andhra Pradesh,Chittor,Palamaner APMC,Vegetables,Potato,15-05-2026,3.4,1000,1200,1500
Andhra Pradesh,Chittor,Palamaner APMC,Vegetables,Tomato,15-05-2026,440,2300,2500,2800
Andhra Pradesh,Chittor,Palamaner APMC,Vegetables,Cabbage,16-05-2026,6.5,1200,1400,1600
Andhra Pradesh,Chittor,Palamaner APMC,Vegetables,Potato,16-05-2026,1.1,1000,1200,1500
Andhra Pradesh,Chittor,Palamaner APMC,Vegetables,Tomato,16-05-2026,430,2500,2800,3200
Andhra Pradesh,Chittor,Palamaner APMC,Vegetables,Cabbage,18-05-2026,5.5,1200,1400,1700
Andhra Pradesh,Chittor,Palamaner APMC,Vegetables,Potato,18-05-2026,1.8,1000,1300,1600
Andhra Pradesh,Chittor,Palamaner APMC,Vegetables,Tomato,18-05-2026,470,2500,2700,3000
Andhra Pradesh,Chittor,Palamaner APMC,Vegetables,Cabbage,19-05-2026,4.8,1200,1400,1600
Andhra Pradesh,Chittor,Palamaner APMC,Vegetables,Potato,19-05-2026,2.7,1000,1300,1600
Andhra Pradesh,Chittor,Palamaner APMC,Vegetables,Tomato,19-05-2026,460,2600,2800,3100
Andhra Pradesh,Chittor,Palamaner APMC,Vegetables,Cabbage,20-05-2026,3.3,1000,1200,1500
Andhra Pradesh,Chittor,Palamaner APMC,Vegetables,Potato,20-05-2026,1.6,1200,1400,1600
Andhra Pradesh,Chittor,Palamaner APMC,Vegetables,Tomato,20-05-2026,480,2600,2800,3100
Andhra Pradesh,Chittor,Palamaner APMC,Vegetables,Cabbage,21-05-2026,6.5,1200,1400,2000
Andhra Pradesh,Chittor,Palamaner APMC,Vegetables,Potato,21-05-2026,2.9,1200,1600,2000
Andhra Pradesh,Chittor,Palamaner APMC,Vegetables,Tomato,21-05-2026,500,2500,2700,2900
Andhra Pradesh,Chittor,Palamaner APMC,Vegetables,Cabbage,22-05-2026,4.8,1200,1400,2000
Andhra Pradesh,Chittor,Palamaner APMC,Vegetables,Potato,22-05-2026,2.3,1200,1600,2000
Andhra Pradesh,Chittor,Palamaner APMC,Vegetables,Tomato,22-05-2026,520,2200,2500,2800
Andhra Pradesh,Chittor,Palamaner APMC,Vegetables,Cabbage,23-05-2026,6.5,1200,1400,1600
Andhra Pradesh,Chittor,Palamaner APMC,Vegetables,Potato,23-05-2026,1.4,1200,1600,2000
Andhra Pradesh,Chittor,Palamaner APMC,Vegetables,Tomato,23-05-2026,500,2200,2600,2800
Andhra Pradesh,Chittor,Palamaner APMC,Vegetables,Cabbage,24-05-2026,7.7,1200,1400,2000
Andhra Pradesh,Chittor,Palamaner APMC,Vegetables,Potato,24-05-2026,1.3,1200,1600,2000
Andhra Pradesh,Chittor,Palamaner APMC,Vegetables,Tomato,24-05-2026,541.6,2400,2700,3000
Andhra Pradesh,Chittor,Palamaner APMC,Vegetables,Cabbage,25-05-2026,8.2,2200,2600,3000
Andhra Pradesh,Chittor,Palamaner APMC,Vegetables,Potato,25-05-2026,1.5,1200,1600,2000
Andhra Pradesh,Chittor,Palamaner APMC,Vegetables,Tomato,25-05-2026,560,2300,2600,2900
Andhra Pradesh,Chittor,Palamaner APMC,Vegetables,Cabbage,26-05-2026,10.2,1100,1300,1600
Andhra Pradesh,Chittor,Palamaner APMC,Vegetables,Potato,26-05-2026,2.7,1200,1600,1800
Andhra Pradesh,Chittor,Palamaner APMC,Vegetables,Tomato,26-05-2026,600,2300,2500,2700
Andhra Pradesh,Chittor,Palamaner APMC,Vegetables,Cabbage,27-05-2026,5.5,1800,2100,2500
Andhra Pradesh,Chittor,Palamaner APMC,Vegetables,Potato,27-05-2026,1.8,1200,1400,1600
Andhra Pradesh,Chittor,Palamaner APMC,Vegetables,Tomato,27-05-2026,620,2000,2300,2500
Andhra Pradesh,Chittor,Palamaner APMC,Vegetables,Cabbage,28-05-2026,4.6,1800,2000,2200
Andhra Pradesh,Chittor,Palamaner APMC,Vegetables,Potato,28-05-2026,2.1,1200,1400,1600
Andhra Pradesh,Chittor,Palamaner APMC,Vegetables,Tomato,28-05-2026,590,2000,2300,2500
Andhra Pradesh,Chittor,Palamaner APMC,Vegetables,Cabbage,29-05-2026,5.6,1200,1600,2000
Andhra Pradesh,Chittor,Palamaner APMC,Vegetables,Potato,29-05-2026,2.3,1200,1400,1700
Andhra Pradesh,Chittor,Palamaner APMC,Vegetables,Tomato,29-05-2026,550,2300,2600,2900
Andhra Pradesh,Chittor,Palamaner APMC,Vegetables,Cabbage,30-05-2026,5.6,1200,1600,1800
Andhra Pradesh,Chittor,Palamaner APMC,Vegetables,Potato,30-05-2026,2,1200,1400,1600
Andhra Pradesh,Chittor,Palamaner APMC,Vegetables,Tomato,30-05-2026,560,2200,2500,2700
Andhra Pradesh,Chittor,Palamaner APMC,Vegetables,Cabbage,31-05-2026,7.1,1200,1600,1800
Andhra Pradesh,Chittor,Palamaner APMC,Vegetables,Potato,31-05-2026,2.4,1200,1400,1600
Andhra Pradesh,Chittor,Palamaner APMC,Vegetables,Tomato,31-05-2026,585,2200,2500,2700
Andhra Pradesh,Chittor,Palamaner APMC,Vegetables,Cabbage,01-06-2026,5,1800,2200,2500
Andhra Pradesh,Chittor,Palamaner APMC,Vegetables,Potato,01-06-2026,1.9,1200,1400,1600
Andhra Pradesh,Chittor,Palamaner APMC,Vegetables,Tomato,01-06-2026,600,2100,2400,2650
Andhra Pradesh,Chittor,Palamaner APMC,Vegetables,Cabbage,02-06-2026,6.5,1400,1600,2000
Andhra Pradesh,Chittor,Palamaner APMC,Vegetables,Potato,02-06-2026,1.9,1200,1400,1600
Andhra Pradesh,Chittor,Palamaner APMC,Vegetables,Tomato,02-06-2026,550,2200,2500,2800
Andhra Pradesh,Chittor,Palamaner APMC,Vegetables,Cabbage,03-06-2026,4.7,1400,1600,2000
Andhra Pradesh,Chittor,Palamaner APMC,Vegetables,Potato,03-06-2026,2,1400,1700,2000
Andhra Pradesh,Chittor,Palamaner APMC,Vegetables,Tomato,03-06-2026,530,2700,3000,3300
Andhra Pradesh,Chittor,Palamaner APMC,Vegetables,Cabbage,04-06-2026,9.8,1100,1400,1800
Andhra Pradesh,Chittor,Palamaner APMC,Vegetables,Potato,04-06-2026,3.1,1000,1200,1600
Andhra Pradesh,Chittor,Palamaner APMC,Vegetables,Tomato,04-06-2026,500,2900,3300,3700
Andhra Pradesh,Chittor,Palamaner APMC,Vegetables,Cabbage,05-06-2026,10.5,1400,1800,2000
Andhra Pradesh,Chittor,Palamaner APMC,Vegetables,Potato,05-06-2026,4.8,1200,1400,1600
Andhra Pradesh,Chittor,Palamaner APMC,Vegetables,Tomato,05-06-2026,530,2800,3100,3400
Andhra Pradesh,Chittor,Palamaner APMC,Vegetables,Cabbage,06-06-2026,6.8,1000,1500,2000
Andhra Pradesh,Chittor,Palamaner APMC,Vegetables,Potato,06-06-2026,3.2,1200,1600,2000
Andhra Pradesh,Chittor,Palamaner APMC,Vegetables,Tomato,06-06-2026,510,2700,3200,3500
Andhra Pradesh,Chittor,Palamaner APMC,Vegetables,Cabbage,07-06-2026,4.9,1100,1800,2500
Andhra Pradesh,Chittor,Palamaner APMC,Vegetables,Potato,07-06-2026,2.2,1400,1800,2000
Andhra Pradesh,Chittor,Palamaner APMC,Vegetables,Tomato,07-06-2026,520,2900,3200,3500
Andhra Pradesh,Chittor,Palamaner APMC,Vegetables,Cabbage,08-06-2026,6.5,2000,2500,3000
Andhra Pradesh,Chittor,Palamaner APMC,Vegetables,Potato,08-06-2026,2.3,1400,1800,2000
Andhra Pradesh,Chittor,Palamaner APMC,Vegetables,Tomato,08-06-2026,490,3500,3800,4200
Andhra Pradesh,Chittor,Palamaner APMC,Vegetables,Cabbage,09-06-2026,5.1,1800,2000,2500
Andhra Pradesh,Chittor,Palamaner APMC,Vegetables,Potato,09-06-2026,3.1,1400,1800,2000
Andhra Pradesh,Chittor,Palamaner APMC,Vegetables,Tomato,09-06-2026,510,3200,3600,4000
Andhra Pradesh,Chittor,Palamaner APMC,Vegetables,Cabbage,10-06-2026,5.3,2000,2500,3000
Andhra Pradesh,Chittor,Palamaner APMC,Vegetables,Potato,10-06-2026,3.1,1400,1800,2000
Andhra Pradesh,Chittor,Palamaner APMC,Vegetables,Tomato,10-06-2026,530,3300,3500,3800
Andhra Pradesh,Chittor,Palamaner APMC,Vegetables,Cabbage,11-06-2026,6.5,2000,2500,3000
Andhra Pradesh,Chittor,Palamaner APMC,Vegetables,Potato,11-06-2026,3,1400,1800,2000
Andhra Pradesh,Chittor,Palamaner APMC,Vegetables,Tomato,11-06-2026,550,3000,3300,3500
Andhra Pradesh,Chittor,Palamaner APMC,Vegetables,Cabbage,12-06-2026,6.1,1100,1800,2500
Andhra Pradesh,Chittor,Palamaner APMC,Vegetables,Potato,12-06-2026,2,1400,1800,2000
Andhra Pradesh,Chittor,Palamaner APMC,Vegetables,Tomato,12-06-2026,600,3000,3300,3500
Andhra Pradesh,Chittor,Palamaner APMC,Vegetables,Cabbage,13-06-2026,5.6,1400,1800,2200
Andhra Pradesh,Chittor,Palamaner APMC,Vegetables,Potato,13-06-2026,2.6,1200,1500,1800
Andhra Pradesh,Chittor,Palamaner APMC,Vegetables,Tomato,13-06-2026,520,2700,3000,3300
Andhra Pradesh,Chittor,Palamaner APMC,Vegetables,Cabbage,14-06-2026,8.8,1500,1900,2300
Andhra Pradesh,Chittor,Palamaner APMC,Vegetables,Potato,14-06-2026,5.1,1600,1800,2000
Andhra Pradesh,Chittor,Palamaner APMC,Vegetables,Tomato,14-06-2026,600,2500,2700,3000
Andhra Pradesh,Chittor,Palamaner APMC,Vegetables,Cabbage,15-06-2026,5.7,1500,2000,2500
Andhra Pradesh,Chittor,Palamaner APMC,Vegetables,Potato,15-06-2026,2.5,1400,1700,2000
Andhra Pradesh,Chittor,Palamaner APMC,Vegetables,Tomato,15-06-2026,800,2300,2500,2700
Andhra Pradesh,Chittor,Palamaner APMC,Vegetables,Cabbage,16-06-2026,7.2,2000,2500,3000
Andhra Pradesh,Chittor,Palamaner APMC,Vegetables,Potato,16-06-2026,3.1,1600,1800,2000
Andhra Pradesh,Chittor,Palamaner APMC,Vegetables,Tomato,16-06-2026,720,2300,2500,2700
Andhra Pradesh,Chittor,Palamaner APMC,Vegetables,Cabbage,17-06-2026,9.1,2000,2500,3000
Andhra Pradesh,Chittor,Palamaner APMC,Vegetables,Potato,17-06-2026,2.9,1600,1800,2000
Andhra Pradesh,Chittor,Palamaner APMC,Vegetables,Tomato,17-06-2026,710,2300,2500,2700
Andhra Pradesh,Chittor,Palamaner APMC,Vegetables,Tomato,18-06-2026,750,2000,2300,2500
Andhra Pradesh,Chittor,Palamaner APMC,Vegetables,Cabbage,19-06-2026,7.8,2000,2500,3000
Andhra Pradesh,Chittor,Palamaner APMC,Vegetables,Potato,19-06-2026,8.5,1600,1800,2000
Andhra Pradesh,Chittor,Palamaner APMC,Vegetables,Tomato,19-06-2026,800,1600,1800,2100
Andhra Pradesh,Chittor,Palamaner APMC,Vegetables,Cabbage,20-06-2026,9.2,2200,2500,3000
Andhra Pradesh,Chittor,Palamaner APMC,Vegetables,Potato,20-06-2026,3.8,1500,1800,2000
Andhra Pradesh,Chittor,Palamaner APMC,Vegetables,Tomato,20-06-2026,820,1600,1800,2100
Andhra Pradesh,Chittor,Palamaner APMC,Vegetables,Cabbage,21-06-2026,6.9,2200,2500,3000
Andhra Pradesh,Chittor,Palamaner APMC,Vegetables,Potato,21-06-2026,1.9,1500,1800,2000
Andhra Pradesh,Chittor,Palamaner APMC,Vegetables,Tomato,21-06-2026,850,1500,1700,1950
Andhra Pradesh,Chittor,Palamaner APMC,Vegetables,Cabbage,22-06-2026,4.8,2200,2500,3000
Andhra Pradesh,Chittor,Palamaner APMC,Vegetables,Potato,22-06-2026,3.1,1500,1800,2000
Andhra Pradesh,Chittor,Palamaner APMC,Vegetables,Tomato,22-06-2026,870,1500,1700,1900
Andhra Pradesh,Chittor,Palamaner APMC,Vegetables,Cabbage,23-06-2026,9.2,2000,2500,3000
Andhra Pradesh,Chittor,Palamaner APMC,Vegetables,Potato,23-06-2026,4.6,1500,1800,2000
Andhra Pradesh,Chittor,Palamaner APMC,Vegetables,Tomato,23-06-2026,830,1500,1700,1800
Andhra Pradesh,Chittor,Palamaner APMC,Vegetables,Cabbage,24-06-2026,9.2,2000,2500,3000
Andhra Pradesh,Chittor,Palamaner APMC,Vegetables,Potato,24-06-2026,3.6,1500,1800,2000
Andhra Pradesh,Chittor,Palamaner APMC,Vegetables,Tomato,24-06-2026,840,1400,1600,1800
Andhra Pradesh,Chittor,Palamaner APMC,Vegetables,Cabbage,25-06-2026,6.3,1600,1800,2000
Andhra Pradesh,Chittor,Palamaner APMC,Vegetables,Potato,25-06-2026,3.3,1600,1800,2000
Andhra Pradesh,Chittor,Palamaner APMC,Vegetables,Tomato,25-06-2026,900,1300,1500,1700
Andhra Pradesh,Chittor,Palamaner APMC,Vegetables,Cabbage,26-06-2026,4.9,1600,1800,2000
Andhra Pradesh,Chittor,Palamaner APMC,Vegetables,Potato,26-06-2026,2.1,1600,1800,2000
Andhra Pradesh,Chittor,Palamaner APMC,Vegetables,Tomato,26-06-2026,970,1170,1300,1550
Andhra Pradesh,Chittor,Palamaner APMC,Vegetables,Cabbage,27-06-2026,10.4,1100,1300,1500
Andhra Pradesh,Chittor,Palamaner APMC,Vegetables,Potato,27-06-2026,5.1,1000,1300,1500
Andhra Pradesh,Chittor,Palamaner APMC,Vegetables,Tomato,27-06-2026,875,1220,1300,1470
Andhra Pradesh,Chittor,Palamaner APMC,Vegetables,Cabbage,28-06-2026,5.9,1200,1600,2000
Andhra Pradesh,Chittor,Palamaner APMC,Vegetables,Potato,28-06-2026,2.1,1600,1800,2000
Andhra Pradesh,Chittor,Palamaner APMC,Vegetables,Tomato,28-06-2026,892,1100,1200,1300
Andhra Pradesh,Chittor,Palamaner APMC,Vegetables,Cabbage,29-06-2026,8.3,1600,1800,2200
Andhra Pradesh,Chittor,Palamaner APMC,Vegetables,Potato,29-06-2026,1.7,1600,1800,2000
Andhra Pradesh,Chittor,Palamaner APMC,Vegetables,Tomato,29-06-2026,750,1100,1200,1300
Andhra Pradesh,Chittor,Palamaner APMC,Vegetables,Cabbage,30-06-2026,7.2,1600,1800,2200
Andhra Pradesh,Chittor,Palamaner APMC,Vegetables,Potato,30-06-2026,2.3,1600,1800,2000
Andhra Pradesh,Chittor,Palamaner APMC,Vegetables,Tomato,30-06-2026,620,1500,1700,2000
Andhra Pradesh,Chittor,Palamaner APMC,Vegetables,Cabbage,01-07-2026,6.1,1600,2200,2500
Andhra Pradesh,Chittor,Palamaner APMC,Vegetables,Potato,01-07-2026,5.2,1100,1300,1500
Andhra Pradesh,Chittor,Palamaner APMC,Vegetables,Tomato,01-07-2026,750,1400,1600,1850
Andhra Pradesh,Chittor,Palamaner APMC,Vegetables,Cabbage,02-07-2026,8.2,1600,2200,2500
Andhra Pradesh,Chittor,Palamaner APMC,Vegetables,Potato,02-07-2026,2,1600,1800,2000
Andhra Pradesh,Chittor,Palamaner APMC,Vegetables,Tomato,02-07-2026,810,1200,1400,1600
Andhra Pradesh,Chittor,Palamaner APMC,Vegetables,Tomato,03-07-2026,920,1100,1200,1400
Andhra Pradesh,Chittor,Palamaner APMC,Vegetables,Cabbage,04-07-2026,8.7,1500,1800,2200
Andhra Pradesh,Chittor,Palamaner APMC,Vegetables,Potato,04-07-2026,1.9,1400,1800,2000
Andhra Pradesh,Chittor,Palamaner APMC,Vegetables,Tomato,04-07-2026,1010,1000,1100,1200
Andhra Pradesh,Chittor,Palamaner APMC,Vegetables,Cabbage,05-07-2026,7.2,1400,1800,2000
Andhra Pradesh,Chittor,Palamaner APMC,Vegetables,Potato,05-07-2026,2.2,1400,1600,2000
Andhra Pradesh,Chittor,Palamaner APMC,Vegetables,Tomato,05-07-2026,1065,860,920,1070
Andhra Pradesh,Chittor,Palamaner APMC,Vegetables,Cabbage,06-07-2026,5.3,1000,1200,1500
Andhra Pradesh,Chittor,Palamaner APMC,Vegetables,Potato,06-07-2026,7.6,1400,1600,2000
Andhra Pradesh,Chittor,Palamaner APMC,Vegetables,Tomato,06-07-2026,980,850,1000,1200
Andhra Pradesh,Chittor,Palamaner APMC,Vegetables,Cabbage,07-07-2026,5.3,1000,1200,1500
Andhra Pradesh,Chittor,Palamaner APMC,Vegetables,Potato,07-07-2026,2.1,1400,1600,2000
Andhra Pradesh,Chittor,Palamaner APMC,Vegetables,Tomato,07-07-2026,950,920,1170,1330
Andhra Pradesh,Chittor,Palamaner APMC,Vegetables,Cabbage,08-07-2026,6.4,1000,1200,1500
Andhra Pradesh,Chittor,Palamaner APMC,Vegetables,Potato,08-07-2026,2.3,1400,1600,2000
Andhra Pradesh,Chittor,Palamaner APMC,Vegetables,Tomato,08-07-2026,910,950,1200,1450
Andhra Pradesh,Chittor,Palamaner APMC,Vegetables,Cabbage,09-07-2026,5.1,1000,1400,1600
Andhra Pradesh,Chittor,Palamaner APMC,Vegetables,Potato,09-07-2026,4.7,1400,1600,2000
Andhra Pradesh,Chittor,Palamaner APMC,Vegetables,Tomato,09-07-2026,1020,920,1050,1290
Andhra Pradesh,Chittor,Palamaner APMC,Vegetables,Cabbage,10-07-2026,7.7,1000,1400,1600
Andhra Pradesh,Chittor,Palamaner APMC,Vegetables,Potato,10-07-2026,4.4,1400,1600,2000
Andhra Pradesh,Chittor,Palamaner APMC,Vegetables,Tomato,10-07-2026,830,1200,1600,1800
Andhra Pradesh,Chittor,Palamaner APMC,Vegetables,Cabbage,11-07-2026,5.7,1100,1300,1500
Andhra Pradesh,Chittor,Palamaner APMC,Vegetables,Potato,11-07-2026,2.1,1400,1600,1800
Andhra Pradesh,Chittor,Palamaner APMC,Vegetables,Tomato,11-07-2026,750,1200,1400,1600
Andhra Pradesh,Chittor,Palamaner APMC,Vegetables,Cabbage,12-07-2026,6.42,1400,1800,2000
Andhra Pradesh,Chittor,Palamaner APMC,Vegetables,Potato,12-07-2026,2.66,1400,1600,2000
Andhra Pradesh,Chittor,Palamaner APMC,Vegetables,Tomato,12-07-2026,760,1200,1400,1600
Andhra Pradesh,Chittor,Palamaner APMC,Vegetables,Cabbage,13-07-2026,3.9,1400,1800,2000
Andhra Pradesh,Chittor,Palamaner APMC,Vegetables,Potato,13-07-2026,3.8,1000,1300,1500
Andhra Pradesh,Chittor,Palamaner APMC,Vegetables,Tomato,13-07-2026,780,1100,1300,1530
Andhra Pradesh,Chittor,Palamaner APMC,Vegetables,Cabbage,14-07-2026,8.3,1100,1300,1600
Andhra Pradesh,Chittor,Palamaner APMC,Vegetables,Potato,14-07-2026,4.5,1000,1500,2000
Andhra Pradesh,Chittor,Palamaner APMC,Vegetables,Tomato,14-07-2026,720,1300,1500,1860
Andhra Pradesh,Chittor,Palamaner APMC,Vegetables,Cabbage,15-07-2026,7.8,1300,1600,2000
Andhra Pradesh,Chittor,Palamaner APMC,Vegetables,Potato,15-07-2026,1.9,1000,1500,2000
Andhra Pradesh,Chittor,Palamaner APMC,Vegetables,Tomato,15-07-2026,700,1500,1700,1900
Andhra Pradesh,Chittor,Palamaner APMC,Vegetables,Cabbage,16-07-2026,6.2,1300,1600,2000
Andhra Pradesh,Chittor,Palamaner APMC,Vegetables,Potato,16-07-2026,2,1000,1500,2000
Andhra Pradesh,Chittor,Palamaner APMC,Vegetables,Tomato,16-07-2026,720,1100,1500,1800
Andhra Pradesh,Chittor,Palamaner APMC,Vegetables,Cabbage,17-07-2026,4.7,1000,1200,1500
Andhra Pradesh,Chittor,Palamaner APMC,Vegetables,Potato,17-07-2026,3.2,1200,1400,1600
Andhra Pradesh,Chittor,Palamaner APMC,Vegetables,Tomato,17-07-2026,730,1300,1500,1750
Andhra Pradesh,Chittor,Palamaner APMC,Vegetables,Cabbage,18-07-2026,5.9,1300,1600,2000
Andhra Pradesh,Chittor,Palamaner APMC,Vegetables,Potato,18-07-2026,2.3,1000,1500,2000
Andhra Pradesh,Chittor,Palamaner APMC,Vegetables,Tomato,18-07-2026,690,1200,1400,1800
Andhra Pradesh,Chittor,Palamaner APMC,Vegetables,Tomato,19-07-2026,734,1100,1400,1650
Andhra Pradesh,Chittor,Palamaner APMC,Vegetables,Cabbage,20-07-2026,6.1,1400,1800,2000
Andhra Pradesh,Chittor,Palamaner APMC,Vegetables,Potato,20-07-2026,2.7,1600,1800,2000
Andhra Pradesh,Chittor,Palamaner APMC,Vegetables,Tomato,20-07-2026,810,900,1100,1400
Andhra Pradesh,Chittor,Palamaner APMC,Vegetables,Cabbage,21-07-2026,3.6,1400,1800,2000
Andhra Pradesh,Chittor,Palamaner APMC,Vegetables,Potato,21-07-2026,2.5,1600,1800,2000
Andhra Pradesh,Chittor,Palamaner APMC,Vegetables,Tomato,21-07-2026,830,900,1200,1460
Andhra Pradesh,Chittor,Palamaner APMC,Vegetables,Cabbage,22-07-2026,6.7,1400,1800,2000
Andhra Pradesh,Chittor,Palamaner APMC,Vegetables,Potato,22-07-2026,3.4,1600,1800,2000
Andhra Pradesh,Chittor,Palamaner APMC,Vegetables,Tomato,22-07-2026,860,900,1100,1200
Andhra Pradesh,Chittor,Palamaner APMC,Vegetables,Cabbage,23-07-2026,8.3,1600,2000,2300
Andhra Pradesh,Chittor,Palamaner APMC,Vegetables,Potato,23-07-2026,4.4,1600,1800,2000
Andhra Pradesh,Chittor,Palamaner APMC,Vegetables,Tomato,23-07-2026,820,800,1050,1200
Andhra Pradesh,Chittor,Palamaner APMC,Vegetables,Cabbage,24-07-2026,5.7,1400,1800,2000
Andhra Pradesh,Chittor,Palamaner APMC,Vegetables,Potato,24-07-2026,2,1600,1800,2000
Andhra Pradesh,Chittor,Palamaner APMC,Vegetables,Tomato,24-07-2026,520,1100,1300,1600
Andhra Pradesh,Chittor,Palamaner APMC,Vegetables,Cabbage,25-07-2026,6.3,1400,1600,1800
Andhra Pradesh,Chittor,Palamaner APMC,Vegetables,Potato,25-07-2026,1.9,1800,2000,2200
Andhra Pradesh,Chittor,Palamaner APMC,Vegetables,Tomato,25-07-2026,600,1100,1200,1530
Andhra Pradesh,Chittor,Palamaner APMC,Vegetables,Cabbage,26-07-2026,12.7,1400,1800,2000
Andhra Pradesh,Chittor,Palamaner APMC,Vegetables,Potato,26-07-2026,3.5,1600,1800,2000
Andhra Pradesh,Chittor,Palamaner APMC,Vegetables,Tomato,26-07-2026,550,1100,1300,1500
Andhra Pradesh,Chittor,Palamaner APMC,Vegetables,Cabbage,27-07-2026,11.9,1400,1800,2000
Andhra Pradesh,Chittor,Palamaner APMC,Vegetables,Potato,27-07-2026,6.4,1600,1800,2000
Andhra Pradesh,Chittor,Palamaner APMC,Vegetables,Tomato,27-07-2026,490,1000,1200,1400
Andhra Pradesh,Chittor,Palamaner APMC,Vegetables,Tomato,28-07-2026,450,1100,1300,1500
Andhra Pradesh,Chittor,Palamaner APMC,Vegetables,Cabbage,29-07-2026,8.1,1200,1600,1800
Andhra Pradesh,Chittor,Palamaner APMC,Vegetables,Potato,29-07-2026,3.1,1600,1800,2000
Andhra Pradesh,Chittor,Palamaner APMC,Vegetables,Tomato,29-07-2026,520,1000,1200,1400
Andhra Pradesh,Chittor,Palamaner APMC,Vegetables,Cabbage,30-07-2026,9.2,1400,1800,2000
Andhra Pradesh,Chittor,Palamaner APMC,Vegetables,Potato,30-07-2026,5.9,1600,1800,2000
Andhra Pradesh,Chittor,Palamaner APMC,Vegetables,Tomato,30-07-2026,500,900,1100,1250
Andhra Pradesh,Chittor,Palamaner APMC,Vegetables,Cabbage,31-07-2026,9.1,1400,1800,2000
Andhra Pradesh,Chittor,Palamaner APMC,Vegetables,Potato,31-07-2026,4,1600,1800,2000
Andhra Pradesh,Chittor,Palamaner APMC,Vegetables,Tomato,31-07-2026,470,900,1100,1300
Andhra Pradesh,Chittor,Palamaner APMC,Vegetables,Cabbage,01-08-2026,4.7,1400,1800,2000
Andhra Pradesh,Chittor,Palamaner APMC,Vegetables,Potato,01-08-2026,1.6,1600,1800,2000
Andhra Pradesh,Chittor,Palamaner APMC,Vegetables,Tomato,01-08-2026,450,950,1120,1250
Andhra Pradesh,Chittor,Palamaner APMC,Vegetables,Cabbage,02-08-2026,6.2,900,1200,1500
Andhra Pradesh,Chittor,Palamaner APMC,Vegetables,Potato,02-08-2026,3.6,1500,1700,2000
Andhra Pradesh,Chittor,Palamaner APMC,Vegetables,Tomato,02-08-2026,467.3,950,1125,1250
Andhra Pradesh,Chittor,Palamaner APMC,Vegetables,Cabbage,03-08-2026,4.7,900,1200,1500
Andhra Pradesh,Chittor,Palamaner APMC,Vegetables,Potato,03-08-2026,3.9,1500,1700,2000
Andhra Pradesh,Chittor,Palamaner APMC,Vegetables,Tomato,03-08-2026,420,1100,1350,1550
Andhra Pradesh,Chittor,Palamaner APMC,Vegetables,Cabbage,04-08-2026,6.9,900,1200,1500
Andhra Pradesh,Chittor,Palamaner APMC,Vegetables,Potato,04-08-2026,4.1,1500,1700,2000
Andhra Pradesh,Chittor,Palamaner APMC,Vegetables,Tomato,04-08-2026,352,1400,1600,1860
Andhra Pradesh,Chittor,Palamaner APMC,Vegetables,Cabbage,05-08-2026,6,1200,1600,1800
Andhra Pradesh,Chittor,Palamaner APMC,Vegetables,Potato,05-08-2026,2,1500,1700,2000
Andhra Pradesh,Chittor,Palamaner APMC,Vegetables,Tomato,05-08-2026,320,1300,1500,1700
Andhra Pradesh,Chittor,Palamaner APMC,Vegetables,Cabbage,06-08-2026,5.9,1200,1600,1800
Andhra Pradesh,Chittor,Palamaner APMC,Vegetables,Potato,06-08-2026,2,1400,1600,1800
Andhra Pradesh,Chittor,Palamaner APMC,Vegetables,Tomato,06-08-2026,290,900,1100,1300
Andhra Pradesh,Chittor,Palamaner APMC,Vegetables,Cabbage,07-08-2026,4.7,1200,1400,1600
Andhra Pradesh,Chittor,Palamaner APMC,Vegetables,Potato,07-08-2026,2.6,1400,1600,1800
Andhra Pradesh,Chittor,Palamaner APMC,Vegetables,Tomato,07-08-2026,250,1000,1200,1400
Andhra Pradesh,Chittor,Palamaner APMC,Vegetables,Cabbage,08-08-2026,5.5,1200,1400,1600
Andhra Pradesh,Chittor,Palamaner APMC,Vegetables,Potato,08-08-2026,1.6,1400,1600,1800
Andhra Pradesh,Chittor,Palamaner APMC,Vegetables,Tomato,08-08-2026,220,900,1100,1300
Andhra Pradesh,Chittor,Palamaner APMC,Vegetables,Cabbage,09-08-2026,4.6,1200,1400,1600
Andhra Pradesh,Chittor,Palamaner APMC,Vegetables,Potato,09-08-2026,2.1,1400,1600,2000
Andhra Pradesh,Chittor,Palamaner APMC,Vegetables,Tomato,09-08-2026,200,1000,1200,1400
Andhra Pradesh,Chittor,Palamaner APMC,Vegetables,Cabbage,10-08-2026,8.2,1100,1300,1500
Andhra Pradesh,Chittor,Palamaner APMC,Vegetables,Potato,10-08-2026,2.8,1500,1800,2200
Andhra Pradesh,Chittor,Palamaner APMC,Vegetables,Tomato,10-08-2026,220,900,1100,1300
Andhra Pradesh,Chittor,V. Kota Sub-yard of AMC Palamaneru,Vegetables,Tomato,30-05-2026,60,2100,2400,2900
Andhra Pradesh,Chittor,V. Kota Sub-yard of AMC Palamaneru,Vegetables,Tomato,31-05-2026,68,2000,2400,2800
Andhra Pradesh,Chittor,V. Kota Sub-yard of AMC Palamaneru,Vegetables,Tomato,01-06-2026,78,2000,2100,2733
Andhra Pradesh,Chittor,V. Kota Sub-yard of AMC Palamaneru,Vegetables,Tomato,03-06-2026,79,2800,3100,3400
Andhra Pradesh,Chittor,V. Kota Sub-yard of AMC Palamaneru,Vegetables,Tomato,04-06-2026,75,2800,3200,4000
Andhra Pradesh,Chittor,V. Kota Sub-yard of AMC Palamaneru,Vegetables,Tomato,05-06-2026,82,2800,3000,3660
Andhra Pradesh,Chittor,V. Kota Sub-yard of AMC Palamaneru,Vegetables,Tomato,06-06-2026,82,2600,3100,3660
Andhra Pradesh,Chittor,V. Kota Sub-yard of AMC Palamaneru,Vegetables,Tomato,07-06-2026,77,2600,3100,3660
Andhra Pradesh,Chittor,V. Kota Sub-yard of AMC Palamaneru,Vegetables,Tomato,08-06-2026,75,3200,3700,4000
Andhra Pradesh,Chittor,V. Kota Sub-yard of AMC Palamaneru,Vegetables,Tomato,09-06-2026,92,3100,3500,3900
Andhra Pradesh,Chittor,V. Kota Sub-yard of AMC Palamaneru,Vegetables,Tomato,10-06-2026,9,2900,3300,3660
Andhra Pradesh,Chittor,V. Kota Sub-yard of AMC Palamaneru,Vegetables,Tomato,11-06-2026,95,2700,3000,3300
Andhra Pradesh,Chittor,V. Kota Sub-yard of AMC Palamaneru,Vegetables,Tomato,12-06-2026,110,2600,2900,3200
Andhra Pradesh,Chittor,V. Kota Sub-yard of AMC Palamaneru,Vegetables,Tomato,13-06-2026,82,2300,2600,3000
Andhra Pradesh,Chittor,V. Kota Sub-yard of AMC Palamaneru,Vegetables,Tomato,14-06-2026,110,2300,2500,2800
Andhra Pradesh,Chittor,V. Kota Sub-yard of AMC Palamaneru,Vegetables,Tomato,15-06-2026,114,2000,2300,2600
Andhra Pradesh,Chittor,V. Kota Sub-yard of AMC Palamaneru,Vegetables,Tomato,16-06-2026,122,1900,2200,2500
Andhra Pradesh,Chittor,V. Kota Sub-yard of AMC Palamaneru,Vegetables,Tomato,17-06-2026,135,1900,2200,2600
Andhra Pradesh,Chittor,V. Kota Sub-yard of AMC Palamaneru,Vegetables,Tomato,18-06-2026,148,1800,2200,2400
Andhra Pradesh,Chittor,V. Kota Sub-yard of AMC Palamaneru,Vegetables,Tomato,19-06-2026,152,1400,1600,2000
Andhra Pradesh,Chittor,V. Kota Sub-yard of AMC Palamaneru,Vegetables,Tomato,20-06-2026,157,1400,1700,1930
Andhra Pradesh,Chittor,V. Kota Sub-yard of AMC Palamaneru,Vegetables,Tomato,21-06-2026,161,1300,1600,1866
Andhra Pradesh,Chittor,V. Kota Sub-yard of AMC Palamaneru,Vegetables,Tomato,22-06-2026,160,1400,1700,1930
Andhra Pradesh,Chittor,V. Kota Sub-yard of AMC Palamaneru,Vegetables,Tomato,23-06-2026,162,1300,1600,1800
Andhra Pradesh,Chittor,V. Kota Sub-yard of AMC Palamaneru,Vegetables,Tomato,24-06-2026,155,1200,1400,1730
Andhra Pradesh,Chittor,V. Kota Sub-yard of AMC Palamaneru,Vegetables,Tomato,25-06-2026,160,1200,1400,1600
Andhra Pradesh,Chittor,V. Kota Sub-yard of AMC Palamaneru,Vegetables,Tomato,26-06-2026,167,1000,1200,1400
Andhra Pradesh,Chittor,V. Kota Sub-yard of AMC Palamaneru,Vegetables,Tomato,27-06-2026,172,900,1100,1330
Andhra Pradesh,Chittor,V. Kota Sub-yard of AMC Palamaneru,Vegetables,Tomato,28-06-2026,170,900,1000,1200
Andhra Pradesh,Chittor,V. Kota Sub-yard of AMC Palamaneru,Vegetables,Tomato,29-06-2026,175,1000,1200,1400
Andhra Pradesh,Chittor,V. Kota Sub-yard of AMC Palamaneru,Vegetables,Tomato,30-06-2026,160,1400,1600,1930
Andhra Pradesh,Chittor,V. Kota Sub-yard of AMC Palamaneru,Vegetables,Tomato,01-07-2026,155,1100,1400,1730
Andhra Pradesh,Chittor,V. Kota Sub-yard of AMC Palamaneru,Vegetables,Tomato,02-07-2026,161,1100,1300,1530
Andhra Pradesh,Chittor,V. Kota Sub-yard of AMC Palamaneru,Vegetables,Tomato,03-07-2026,170,900,1100,1260
Andhra Pradesh,Chittor,V. Kota Sub-yard of AMC Palamaneru,Vegetables,Tomato,04-07-2026,173,800,1000,1130
Andhra Pradesh,Chittor,V. Kota Sub-yard of AMC Palamaneru,Vegetables,Tomato,05-07-2026,161,800,1000,1130
Andhra Pradesh,Chittor,V. Kota Sub-yard of AMC Palamaneru,Vegetables,Tomato,06-07-2026,165,800,1000,1130
Andhra Pradesh,Chittor,V. Kota Sub-yard of AMC Palamaneru,Vegetables,Tomato,07-07-2026,172,900,1000,1200
Andhra Pradesh,Chittor,V. Kota Sub-yard of AMC Palamaneru,Vegetables,Tomato,08-07-2026,165,900,1100,1300
Andhra Pradesh,Chittor,V. Kota Sub-yard of AMC Palamaneru,Vegetables,Tomato,09-07-2026,175,800,1000,1130
Andhra Pradesh,Chittor,V. Kota Sub-yard of AMC Palamaneru,Vegetables,Tomato,10-07-2026,160,1200,1400,1600
Andhra Pradesh,Chittor,V. Kota Sub-yard of AMC Palamaneru,Vegetables,Tomato,11-07-2026,155,1000,1200,1466
Andhra Pradesh,Chittor,V. Kota Sub-yard of AMC Palamaneru,Vegetables,Tomato,12-07-2026,159,900,1100,1333
Andhra Pradesh,Chittor,V. Kota Sub-yard of AMC Palamaneru,Vegetables,Tomato,13-07-2026,152,1200,1400,1660
Andhra Pradesh,Chittor,V. Kota Sub-yard of AMC Palamaneru,Vegetables,Tomato,14-07-2026,1450,1200,1400,1660
Andhra Pradesh,Chittor,V. Kota Sub-yard of AMC Palamaneru,Vegetables,Tomato,15-07-2026,141,1400,1600,1800
Andhra Pradesh,Chittor,V. Kota Sub-yard of AMC Palamaneru,Vegetables,Tomato,16-07-2026,159,1200,1400,1600
Andhra Pradesh,Chittor,V. Kota Sub-yard of AMC Palamaneru,Vegetables,Tomato,17-07-2026,164,1200,1400,1600
Andhra Pradesh,Chittor,V. Kota Sub-yard of AMC Palamaneru,Vegetables,Tomato,18-07-2026,147,1200,1300,1660
Andhra Pradesh,Chittor,V. Kota Sub-yard of AMC Palamaneru,Vegetables,Tomato,19-07-2026,142,1100,1400,1530
Andhra Pradesh,Chittor,V. Kota Sub-yard of AMC Palamaneru,Vegetables,Tomato,20-07-2026,147,1100,1300,1530
Andhra Pradesh,Chittor,V. Kota Sub-yard of AMC Palamaneru,Vegetables,Tomato,21-07-2026,152,1000,1200,1400
Andhra Pradesh,Chittor,V. Kota Sub-yard of AMC Palamaneru,Vegetables,Tomato,22-07-2026,162,700,900,1060
Andhra Pradesh,Chittor,V. Kota Sub-yard of AMC Palamaneru,Vegetables,Tomato,23-07-2026,157,800,1000,1130
Andhra Pradesh,Chittor,V. Kota Sub-yard of AMC Palamaneru,Vegetables,Tomato,24-07-2026,145,1100,1200,1460
Andhra Pradesh,Chittor,V. Kota Sub-yard of AMC Palamaneru,Vegetables,Tomato,25-07-2026,150,1100,1200,1460
Andhra Pradesh,Chittor,V. Kota Sub-yard of AMC Palamaneru,Vegetables,Tomato,26-07-2026,142,1000,1200,1400
Andhra Pradesh,Chittor,V. Kota Sub-yard of AMC Palamaneru,Vegetables,Tomato,27-07-2026,137,1000,1100,1330
Andhra Pradesh,Chittor,V. Kota Sub-yard of AMC Palamaneru,Vegetables,Tomato,28-07-2026,131,1000,1100,1300
Andhra Pradesh,Chittor,V. Kota Sub-yard of AMC Palamaneru,Vegetables,Tomato,29-07-2026,139,900,1100,1330
Andhra Pradesh,Chittor,V. Kota Sub-yard of AMC Palamaneru,Vegetables,Tomato,30-07-2026,132,800,1000,1130
Andhra Pradesh,Chittor,V. Kota Sub-yard of AMC Palamaneru,Vegetables,Tomato,31-07-2026,135,800,1000,1130
Andhra Pradesh,Chittor,V. Kota Sub-yard of AMC Palamaneru,Vegetables,Tomato,01-08-2026,124,800,1000,1130
Andhra Pradesh,Chittor,V. Kota Sub-yard of AMC Palamaneru,Vegetables,Tomato,02-08-2026,130,800,1000,1130
Andhra Pradesh,Chittor,V. Kota Sub-yard of AMC Palamaneru,Vegetables,Tomato,03-08-2026,110,900,1100,1330
Andhra Pradesh,Chittor,V. Kota Sub-yard of AMC Palamaneru,Vegetables,Tomato,04-08-2026,122,1100,1300,1460
Andhra Pradesh,Chittor,V. Kota Sub-yard of AMC Palamaneru,Vegetables,Tomato,05-08-2026,117,1100,1300,1530
Andhra Pradesh,Chittor,V. Kota Sub-yard of AMC Palamaneru,Vegetables,Tomato,06-08-2026,133,800,1000,1200
Andhra Pradesh,Chittor,V. Kota Sub-yard of AMC Palamaneru,Vegetables,Tomato,07-08-2026,127,900,1100,1330
Andhra Pradesh,Chittor,V. Kota Sub-yard of AMC Palamaneru,Vegetables,Tomato,08-08-2026,110,800,1000,1200
Andhra Pradesh,Chittor,V. Kota Sub-yard of AMC Palamaneru,Vegetables,Tomato,10-08-2026,87,900,1000,1200
Andhra Pradesh,Chittor,Vayalapadu APMC,Vegetables,Tomato,02-01-2023,5.7,640,840,1040
Andhra Pradesh,Chittor,Vayalapadu APMC,Vegetables,Tomato,04-01-2023,8.25,640,800,1000
Andhra Pradesh,Chittor,Vayalapadu APMC,Vegetables,Tomato,05-01-2023,7.38,600,840,1120
Andhra Pradesh,Chittor,Vayalapadu APMC,Vegetables,Tomato,06-01-2023,6.75,680,1040,1440
Andhra Pradesh,Chittor,Vayalapadu APMC,Vegetables,Tomato,09-01-2023,6.88,640,960,1280
Andhra Pradesh,Chittor,Vayalapadu APMC,Vegetables,Tomato,10-01-2023,5.7,600,880,1200
Andhra Pradesh,Chittor,Vayalapadu APMC,Vegetables,Tomato,11-01-2023,2.85,600,800,1000
Andhra Pradesh,Chittor,Vayalapadu APMC,Vegetables,Tomato,12-01-2023,4.05,680,1080,1520
Andhra Pradesh,Chittor,Vayalapadu APMC,Vegetables,Tomato,13-01-2023,4.88,760,1160,1600
Andhra Pradesh,Chittor,Vayalapadu APMC,Vegetables,Tomato,18-01-2023,2.77,1200,2080,2800
Andhra Pradesh,Chittor,Vayalapadu APMC,Vegetables,Tomato,19-01-2023,2.92,1000,2200,3600
Andhra Pradesh,Chittor,Vayalapadu APMC,Vegetables,Tomato,20-01-2023,3.67,880,2120,3400
Andhra Pradesh,Chittor,Vayalapadu APMC,Vegetables,Tomato,21-01-2023,4.42,760,1800,2800
Andhra Pradesh,Chittor,Vayalapadu APMC,Vegetables,Tomato,23-01-2023,3.83,720,1080,2200
Andhra Pradesh,Chittor,Vayalapadu APMC,Vegetables,Tomato,24-01-2023,3.63,760,1360,2000
Andhra Pradesh,Chittor,Vayalapadu APMC,Vegetables,Tomato,25-01-2023,4.95,720,1160,1760
Andhra Pradesh,Chittor,Vayalapadu APMC,Vegetables,Tomato,26-01-2023,5.08,800,1400,2000
Andhra Pradesh,Chittor,Vayalapadu APMC,Vegetables,Tomato,01-02-2023,7.25,760,1400,2120
Andhra Pradesh,Chittor,Vayalapadu APMC,Vegetables,Tomato,02-02-2023,6.25,720,1400,2080
Andhra Pradesh,Chittor,Vayalapadu APMC,Vegetables,Tomato,03-02-2023,3.88,760,1400,2080
Andhra Pradesh,Chittor,Vayalapadu APMC,Vegetables,Tomato,04-02-2023,4.3,720,1360,2000
Andhra Pradesh,Chittor,Vayalapadu APMC,Vegetables,Tomato,06-02-2023,4.7,680,1360,1880
Andhra Pradesh,Chittor,Vayalapadu APMC,Vegetables,Tomato,07-02-2023,5.1,760,1440,2120
Andhra Pradesh,Chittor,Vayalapadu APMC,Vegetables,Tomato,08-02-2023,4.78,720,1360,2000
Andhra Pradesh,Chittor,Vayalapadu APMC,Vegetables,Tomato,09-02-2023,3.67,760,1480,2400
Andhra Pradesh,Chittor,Vayalapadu APMC,Vegetables,Tomato,11-02-2023,3.67,720,1400,2200
Andhra Pradesh,Chittor,Vayalapadu APMC,Vegetables,Tomato,13-02-2023,4.92,760,1520,2400
Andhra Pradesh,Chittor,Vayalapadu APMC,Vegetables,Tomato,14-02-2023,6.45,720,1720,2720
Andhra Pradesh,Chittor,Vayalapadu APMC,Vegetables,Tomato,15-02-2023,5.72,760,1760,2800
Andhra Pradesh,Chittor,Vayalapadu APMC,Vegetables,Tomato,16-02-2023,4.75,720,1640,2600
Andhra Pradesh,Chittor,Vayalapadu APMC,Vegetables,Tomato,17-02-2023,4.05,680,1600,2560
Andhra Pradesh,Chittor,Vayalapadu APMC,Vegetables,Tomato,18-02-2023,4.2,640,1560,2520
Andhra Pradesh,Chittor,Vayalapadu APMC,Vegetables,Tomato,20-02-2023,2.52,680,1600,2800
Andhra Pradesh,Chittor,Vayalapadu APMC,Vegetables,Tomato,21-02-2023,7.25,800,2200,3600
Andhra Pradesh,Chittor,Vayalapadu APMC,Vegetables,Tomato,23-02-2023,3.3,640,1600,2600
Andhra Pradesh,Chittor,Vayalapadu APMC,Vegetables,Tomato,24-02-2023,3.55,640,1400,2160
Andhra Pradesh,Chittor,Vayalapadu APMC,Vegetables,Tomato,25-02-2023,5.97,720,1560,2400
Andhra Pradesh,Chittor,Vayalapadu APMC,Vegetables,Tomato,27-02-2023,5.35,680,1520,2400
Andhra Pradesh,Chittor,Vayalapadu APMC,Vegetables,Tomato,28-02-2023,4.92,640,1480,2400
Andhra Pradesh,Chittor,Vayalapadu APMC,Vegetables,Tomato,01-03-2023,5.35,680,1560,2480
Andhra Pradesh,Chittor,Vayalapadu APMC,Vegetables,Tomato,02-03-2023,5.55,640,1520,2400
Andhra Pradesh,Chittor,Vayalapadu APMC,Vegetables,Tomato,03-03-2023,3.35,720,1720,2720
Andhra Pradesh,Chittor,Vayalapadu APMC,Vegetables,Tomato,04-03-2023,5.47,680,1600,2520
Andhra Pradesh,Chittor,Vayalapadu APMC,Vegetables,Tomato,06-03-2023,2.48,640,1520,2320
Andhra Pradesh,Chittor,Vayalapadu APMC,Vegetables,Tomato,07-03-2023,5.88,640,1360,2120
Andhra Pradesh,Chittor,Vayalapadu APMC,Vegetables,Tomato,08-03-2023,4.05,640,1400,2200
Andhra Pradesh,Chittor,Vayalapadu APMC,Vegetables,Tomato,09-03-2023,5.7,680,1520,2400
Andhra Pradesh,Chittor,Vayalapadu APMC,Vegetables,Tomato,10-03-2023,7.33,640,1400,2200
Andhra Pradesh,Chittor,Vayalapadu APMC,Vegetables,Tomato,30-04-2023,97.5,600,640,680
Andhra Pradesh,Chittor,Vayalapadu APMC,Vegetables,Tomato,01-05-2023,152,600,640,680
Andhra Pradesh,Chittor,Vayalapadu APMC,Vegetables,Tomato,02-05-2023,84.67,720,840,1000
Andhra Pradesh,Chittor,Vayalapadu APMC,Vegetables,Tomato,03-05-2023,184.1,600,720,800
Andhra Pradesh,Chittor,Vayalapadu APMC,Vegetables,Tomato,04-05-2023,187.7,600,680,760
Andhra Pradesh,Chittor,Vayalapadu APMC,Vegetables,Tomato,05-05-2023,183.15,640,680,720
Andhra Pradesh,Chittor,Vayalapadu APMC,Vegetables,Tomato,06-05-2023,168.78,600,640,720
Andhra Pradesh,Chittor,Vayalapadu APMC,Vegetables,Tomato,07-05-2023,113.72,600,640,680
Andhra Pradesh,Chittor,Vayalapadu APMC,Vegetables,Tomato,08-05-2023,170.22,680,760,840
Andhra Pradesh,Chittor,Vayalapadu APMC,Vegetables,Tomato,09-05-2023,181.75,680,880,1120
Andhra Pradesh,Chittor,Vayalapadu APMC,Vegetables,Tomato,10-05-2023,207.7,640,720,840
Andhra Pradesh,Chittor,Vayalapadu APMC,Vegetables,Tomato,13-05-2023,168.43,680,920,1200
Andhra Pradesh,Chittor,Vayalapadu APMC,Vegetables,Tomato,14-05-2023,119.63,640,960,1240
Andhra Pradesh,Chittor,Vayalapadu APMC,Vegetables,Tomato,15-05-2023,163.55,640,880,1240
Andhra Pradesh,Chittor,Vayalapadu APMC,Vegetables,Tomato,16-05-2023,162.88,680,1000,1280
Andhra Pradesh,Chittor,Vayalapadu APMC,Vegetables,Tomato,17-05-2023,181.1,720,1040,1400
Andhra Pradesh,Chittor,Vayalapadu APMC,Vegetables,Tomato,18-05-2023,185.35,680,920,1200
Andhra Pradesh,Chittor,Vayalapadu APMC,Vegetables,Tomato,19-05-2023,186.45,680,880,1120
Andhra Pradesh,Chittor,Vayalapadu APMC,Vegetables,Tomato,20-05-2023,183.07,680,920,1200
Andhra Pradesh,Chittor,Vayalapadu APMC,Vegetables,Tomato,21-05-2023,120.85,640,880,1160
Andhra Pradesh,Chittor,Vayalapadu APMC,Vegetables,Tomato,22-05-2023,160.82,600,960,1200
Andhra Pradesh,Chittor,Vayalapadu APMC,Vegetables,Tomato,23-05-2023,161.95,640,920,1200
Andhra Pradesh,Chittor,Vayalapadu APMC,Vegetables,Tomato,24-05-2023,163.93,680,960,1320
Andhra Pradesh,Chittor,Vayalapadu APMC,Vegetables,Tomato,25-05-2023,168.8,680,960,1240
Andhra Pradesh,Chittor,Vayalapadu APMC,Vegetables,Tomato,26-05-2023,163.4,680,880,1200
Andhra Pradesh,Chittor,Vayalapadu APMC,Vegetables,Tomato,27-05-2023,155,720,940,1280
Andhra Pradesh,Chittor,Vayalapadu APMC,Vegetables,Tomato,28-05-2023,91.1,720,1040,1400
Andhra Pradesh,Chittor,Vayalapadu APMC,Vegetables,Tomato,29-05-2023,115.97,720,1200,1680
Andhra Pradesh,Chittor,Vayalapadu APMC,Vegetables,Tomato,30-05-2023,117.78,760,1520,2800
Andhra Pradesh,Chittor,Vayalapadu APMC,Vegetables,Tomato,31-05-2023,105.78,760,2160,3600
Andhra Pradesh,Chittor,Vayalapadu APMC,Vegetables,Tomato,01-06-2023,92.7,760,1920,3200
Andhra Pradesh,Chittor,Vayalapadu APMC,Vegetables,Tomato,02-06-2023,98.72,760,1800,2600
Andhra Pradesh,Chittor,Vayalapadu APMC,Vegetables,Tomato,03-06-2023,104.92,720,1400,2080
Andhra Pradesh,Chittor,Vayalapadu APMC,Vegetables,Tomato,04-06-2023,70.65,760,1560,2400
Andhra Pradesh,Chittor,Vayalapadu APMC,Vegetables,Tomato,05-06-2023,91.78,800,1920,2800
Andhra Pradesh,Chittor,Vayalapadu APMC,Vegetables,Tomato,06-06-2023,85.92,720,1800,2800
Andhra Pradesh,Chittor,Vayalapadu APMC,Vegetables,Tomato,08-06-2023,72.85,680,1600,2520
Andhra Pradesh,Chittor,Vayalapadu APMC,Vegetables,Tomato,09-06-2023,67.92,720,1640,2800
Andhra Pradesh,Chittor,Vayalapadu APMC,Vegetables,Tomato,10-06-2023,67.28,720,1920,3200
Andhra Pradesh,Chittor,Vayalapadu APMC,Vegetables,Tomato,11-06-2023,47.6,720,2000,3200
Andhra Pradesh,Chittor,Vayalapadu APMC,Vegetables,Tomato,12-06-2023,69.15,680,1920,3200
Andhra Pradesh,Chittor,Vayalapadu APMC,Vegetables,Tomato,13-06-2023,66.85,760,2280,3800
Andhra Pradesh,Chittor,Vayalapadu APMC,Vegetables,Tomato,14-06-2023,61.85,800,2600,4400
Andhra Pradesh,Chittor,Vayalapadu APMC,Vegetables,Tomato,15-06-2023,60.88,800,2600,4400
Andhra Pradesh,Chittor,Vayalapadu APMC,Vegetables,Tomato,16-06-2023,68.75,760,2160,3760
Andhra Pradesh,Chittor,Vayalapadu APMC,Vegetables,Tomato,17-06-2023,71.88,760,2080,3400
Andhra Pradesh,Chittor,Vayalapadu APMC,Vegetables,Tomato,18-06-2023,42.45,720,2040,3400
Andhra Pradesh,Chittor,Vayalapadu APMC,Vegetables,Tomato,19-06-2023,67.45,800,2480,4200
Andhra Pradesh,Chittor,Vayalapadu APMC,Vegetables,Tomato,20-06-2023,65.67,720,2240,3800
Andhra Pradesh,Chittor,Vayalapadu APMC,Vegetables,Tomato,21-06-2023,64.92,680,2120,3600
Andhra Pradesh,Chittor,Vayalapadu APMC,Vegetables,Tomato,22-06-2023,55.9,760,2360,4000
Andhra Pradesh,Chittor,Vayalapadu APMC,Vegetables,Tomato,27-06-2023,66.28,880,4000,7600
Andhra Pradesh,Chittor,Vayalapadu APMC,Vegetables,Tomato,28-06-2023,50.5,840,3800,7200
Andhra Pradesh,Chittor,Vayalapadu APMC,Vegetables,Tomato,29-06-2023,49.27,880,4600,7600
Andhra Pradesh,Chittor,Vayalapadu APMC,Vegetables,Tomato,30-06-2023,15.05,1800,4400,7200
Andhra Pradesh,Chittor,Vayalapadu APMC,Vegetables,Tomato,12-08-2023,40.05,4000,4800,5600
Andhra Pradesh,Chittor,Vayalapadu APMC,Vegetables,Tomato,13-08-2023,23.65,4000,4600,5600
Andhra Pradesh,Chittor,Vayalapadu APMC,Vegetables,Tomato,17-08-2023,37.98,3800,4600,5400
Andhra Pradesh,Chittor,Vayalapadu APMC,Vegetables,Tomato,21-08-2023,37.1,2400,3400,4000
Andhra Pradesh,Chittor,Vayalapadu APMC,Vegetables,Tomato,22-08-2023,41.33,2200,3000,3600
Andhra Pradesh,Chittor,Vayalapadu APMC,Vegetables,Tomato,23-08-2023,40.65,2000,2800,3400
Andhra Pradesh,Chittor,Vayalapadu APMC,Vegetables,Tomato,24-08-2023,43,1600,2080,2600
Andhra Pradesh,Chittor,Vayalapadu APMC,Vegetables,Tomato,25-08-2023,43.33,1520,2000,2480
Andhra Pradesh,Chittor,Vayalapadu APMC,Vegetables,Tomato,07-09-2023,64.28,760,960,1160
Andhra Pradesh,Chittor,Vayalapadu APMC,Vegetables,Tomato,08-09-2023,67.42,720,840,920
Andhra Pradesh,Chittor,Vayalapadu APMC,Vegetables,Tomato,09-09-2023,64.9,720,880,1120
Andhra Pradesh,Chittor,Vayalapadu APMC,Vegetables,Tomato,10-09-2023,43.88,800,1160,1520
Andhra Pradesh,Chittor,Vayalapadu APMC,Vegetables,Tomato,11-09-2023,68.4,760,1120,1440
Andhra Pradesh,Chittor,Vayalapadu APMC,Vegetables,Tomato,12-09-2023,67.97,720,880,1120
Andhra Pradesh,Chittor,Vayalapadu APMC,Vegetables,Tomato,13-09-2023,68.4,760,840,1120
Andhra Pradesh,Chittor,Vayalapadu APMC,Vegetables,Tomato,19-09-2023,45.85,760,1000,1240
Andhra Pradesh,Chittor,Vayalapadu APMC,Vegetables,Tomato,20-09-2023,61.73,880,1160,1400
Andhra Pradesh,Chittor,Vayalapadu APMC,Vegetables,Tomato,21-09-2023,60.42,720,880,1120
Andhra Pradesh,Chittor,Vayalapadu APMC,Vegetables,Tomato,22-09-2023,61.42,760,840,1120
Andhra Pradesh,Chittor,Vayalapadu APMC,Vegetables,Tomato,23-09-2023,63.7,720,800,1080
Andhra Pradesh,Chittor,Vayalapadu APMC,Vegetables,Tomato,24-09-2023,40.27,760,920,1080
Andhra Pradesh,Chittor,Vayalapadu APMC,Vegetables,Tomato,25-09-2023,60.25,760,960,1120
Andhra Pradesh,Chittor,Vayalapadu APMC,Vegetables,Tomato,26-09-2023,61.2,760,1000,1240
Andhra Pradesh,Chittor,Vayalapadu APMC,Vegetables,Tomato,27-09-2023,62.58,720,960,1160
Andhra Pradesh,Chittor,Vayalapadu APMC,Vegetables,Tomato,28-09-2023,67.83,760,1000,1200
Andhra Pradesh,Chittor,Vayalapadu APMC,Vegetables,Tomato,29-09-2023,68.28,760,1040,1200
Andhra Pradesh,Chittor,Vayalapadu APMC,Vegetables,Tomato,30-09-2023,69.9,760,920,1080
Andhra Pradesh,Chittor,Vayalapadu APMC,Vegetables,Tomato,02-10-2023,68.08,680,800,920
Andhra Pradesh,Chittor,Vayalapadu APMC,Vegetables,Tomato,03-10-2023,74.3,600,680,800
Andhra Pradesh,Chittor,Vayalapadu APMC,Vegetables,Tomato,04-10-2023,76.72,560,680,800
Andhra Pradesh,Chittor,Vayalapadu APMC,Vegetables,Tomato,05-10-2023,79.63,560,640,800
Andhra Pradesh,Chittor,Vayalapadu APMC,Vegetables,Tomato,09-10-2023,77.25,760,1040,1200
Andhra Pradesh,Chittor,Vayalapadu APMC,Vegetables,Tomato,10-10-2023,76.88,720,1000,1280
Andhra Pradesh,Chittor,Vayalapadu APMC,Vegetables,Tomato,11-10-2023,66.17,760,880,1280
Andhra Pradesh,Chittor,Vayalapadu APMC,Vegetables,Tomato,12-10-2023,71.53,760,920,1280
Andhra Pradesh,Chittor,Vayalapadu APMC,Vegetables,Tomato,13-10-2023,69.8,760,1000,1320
Andhra Pradesh,Chittor,Vayalapadu APMC,Vegetables,Tomato,14-10-2023,68.65,760,1040,1200
Andhra Pradesh,Chittor,Vayalapadu APMC,Vegetables,Tomato,15-10-2023,51.7,760,1000,1280
Andhra Pradesh,Chittor,Vayalapadu APMC,Vegetables,Tomato,16-10-2023,70.65,720,960,1240
Andhra Pradesh,Chittor,Vayalapadu APMC,Vegetables,Tomato,17-10-2023,71.53,720,960,1200
Andhra Pradesh,Chittor,Vayalapadu APMC,Vegetables,Tomato,18-10-2023,73.7,760,1160,1320
Andhra Pradesh,Chittor,Vayalapadu APMC,Vegetables,Tomato,20-10-2023,76.38,720,960,1320
Andhra Pradesh,Chittor,Vayalapadu APMC,Vegetables,Tomato,21-10-2023,78.95,760,1000,1440
Andhra Pradesh,Chittor,Vayalapadu APMC,Vegetables,Tomato,24-10-2023,77.55,760,1120,1600
Andhra Pradesh,Chittor,Vayalapadu APMC,Vegetables,Tomato,25-10-2023,59.13,800,1280,2000
Andhra Pradesh,Chittor,Vayalapadu APMC,Vegetables,Tomato,26-10-2023,64.95,800,1640,2480
Andhra Pradesh,Chittor,Vayalapadu APMC,Vegetables,Tomato,27-10-2023,68.13,760,1800,2800
Andhra Pradesh,Chittor,Vayalapadu APMC,Vegetables,Tomato,28-10-2023,69.2,840,1880,2920
Andhra Pradesh,Chittor,Vayalapadu APMC,Vegetables,Tomato,29-10-2023,47.1,880,1920,2920
Andhra Pradesh,Chittor,Vayalapadu APMC,Vegetables,Tomato,30-10-2023,59.33,960,1960,3000
Andhra Pradesh,Chittor,Vayalapadu APMC,Vegetables,Tomato,01-11-2023,60.92,800,1880,2960
Andhra Pradesh,Chittor,Vayalapadu APMC,Vegetables,Tomato,02-11-2023,61.42,880,1160,2920
Andhra Pradesh,Chittor,Vayalapadu APMC,Vegetables,Tomato,03-11-2023,61.8,920,1920,2960
Andhra Pradesh,Chittor,Vayalapadu APMC,Vegetables,Tomato,04-11-2023,61.27,880,1800,2960
Andhra Pradesh,Chittor,Vayalapadu APMC,Vegetables,Tomato,06-11-2023,61.48,960,2000,3040
Andhra Pradesh,Chittor,Vayalapadu APMC,Vegetables,Tomato,07-11-2023,53.25,880,2040,3200
Andhra Pradesh,Chittor,Vayalapadu APMC,Vegetables,Tomato,09-11-2023,59.05,920,2000,3200
Andhra Pradesh,Chittor,Vayalapadu APMC,Vegetables,Tomato,10-11-2023,59.38,800,2000,3200
Andhra Pradesh,Chittor,Vayalapadu APMC,Vegetables,Tomato,12-11-2023,38.98,800,1640,2520
Andhra Pradesh,Chittor,Vayalapadu APMC,Vegetables,Tomato,13-11-2023,12.63,840,1720,2640
Andhra Pradesh,Chittor,Vayalapadu APMC,Vegetables,Tomato,15-11-2023,59.6,880,2080,3320
Andhra Pradesh,Chittor,Vayalapadu APMC,Vegetables,Tomato,16-11-2023,59.35,760,1600,2400
Andhra Pradesh,Chittor,Vayalapadu APMC,Vegetables,Tomato,17-11-2023,68.2,760,1400,2200
Andhra Pradesh,Chittor,Vayalapadu APMC,Vegetables,Tomato,18-11-2023,69.63,800,2000,3200
Andhra Pradesh,Chittor,Vayalapadu APMC,Vegetables,Tomato,19-11-2023,43.42,880,2240,3600
Andhra Pradesh,Chittor,Vayalapadu APMC,Vegetables,Tomato,20-11-2023,69.08,840,2200,3600
Andhra Pradesh,Chittor,Vayalapadu APMC,Vegetables,Tomato,22-11-2023,68.22,1000,2280,3600
Andhra Pradesh,Chittor,Vayalapadu APMC,Vegetables,Tomato,23-11-2023,60.6,880,2160,3400
Andhra Pradesh,Chittor,Vayalapadu APMC,Vegetables,Tomato,24-11-2023,53.88,960,2600,4200
Andhra Pradesh,Chittor,Vayalapadu APMC,Vegetables,Tomato,25-11-2023,54.17,920,2400,4000
Andhra Pradesh,Chittor,Vayalapadu APMC,Vegetables,Tomato,29-11-2023,51.7,1000,2320,3600
Andhra Pradesh,Chittor,Vayalapadu APMC,Vegetables,Tomato,30-11-2023,51,800,2000,3200
Andhra Pradesh,Chittor,Vayalapadu APMC,Vegetables,Tomato,01-12-2023,52.38,760,1680,2560
Andhra Pradesh,Chittor,Vayalapadu APMC,Vegetables,Tomato,02-12-2023,51.27,800,1720,2680
Andhra Pradesh,Chittor,Vayalapadu APMC,Vegetables,Tomato,03-12-2023,39.38,800,1880,2960
Andhra Pradesh,Chittor,Vayalapadu APMC,Vegetables,Tomato,04-12-2023,44.7,760,1800,2800
Andhra Pradesh,Chittor,Vayalapadu APMC,Vegetables,Tomato,06-12-2023,13.68,800,1800,2800
Andhra Pradesh,Chittor,Vayalapadu APMC,Vegetables,Tomato,07-12-2023,44,880,1920,3000
Andhra Pradesh,Chittor,Vayalapadu APMC,Vegetables,Tomato,08-12-2023,42.55,760,1600,2400
Andhra Pradesh,Chittor,Vayalapadu APMC,Vegetables,Tomato,09-12-2023,42.55,760,1600,2400
Andhra Pradesh,Chittor,Vayalapadu APMC,Vegetables,Tomato,10-12-2023,49.13,800,1680,2600
Andhra Pradesh,Chittor,Vayalapadu APMC,Vegetables,Tomato,11-12-2023,32.83,760,1640,2520
Andhra Pradesh,Chittor,Vayalapadu APMC,Vegetables,Tomato,14-12-2023,53.2,720,1160,1600
Andhra Pradesh,Chittor,Vayalapadu APMC,Vegetables,Tomato,15-12-2023,55.27,720,1120,1520
Andhra Pradesh,Chittor,Vayalapadu APMC,Vegetables,Tomato,16-12-2023,52.92,720,1360,2000
Andhra Pradesh,Chittor,Vayalapadu APMC,Vegetables,Tomato,17-12-2023,20.23,720,1280,1920
Andhra Pradesh,Chittor,Vayalapadu APMC,Vegetables,Tomato,18-12-2023,52.3,760,1520,2320
Andhra Pradesh,Chittor,Vayalapadu APMC,Vegetables,Tomato,26-12-2023,34.9,760,1920,2400
Andhra Pradesh,Chittor,Vayalapadu APMC,Vegetables,Tomato,27-12-2023,33.9,800,1600,2400
Andhra Pradesh,Chittor,Vayalapadu APMC,Vegetables,Tomato,03-01-2024,31.65,840,2040,3200
Andhra Pradesh,Chittor,Vayalapadu APMC,Vegetables,Tomato,04-01-2024,31.2,800,1600,2400
Andhra Pradesh,Chittor,Vayalapadu APMC,Vegetables,Tomato,05-01-2024,32.05,720,1440,2200
Andhra Pradesh,Chittor,Vayalapadu APMC,Vegetables,Tomato,06-01-2024,32.48,760,1480,2200
Andhra Pradesh,Chittor,Vayalapadu APMC,Vegetables,Tomato,07-01-2024,18.25,760,1560,2400
Andhra Pradesh,Chittor,Vayalapadu APMC,Vegetables,Tomato,08-01-2024,31.93,800,1600,2400
Andhra Pradesh,Chittor,Vayalapadu APMC,Vegetables,Tomato,09-01-2024,29.4,760,1520,2400
Andhra Pradesh,Chittor,Vayalapadu APMC,Vegetables,Tomato,10-01-2024,29.88,800,1720,2600
Andhra Pradesh,Chittor,Vayalapadu APMC,Vegetables,Tomato,11-01-2024,29.6,800,1600,2400
Andhra Pradesh,Chittor,Vayalapadu APMC,Vegetables,Tomato,12-01-2024,29.73,880,1680,2400
Andhra Pradesh,Chittor,Vayalapadu APMC,Vegetables,Tomato,23-02-2024,13.43,640,1200,1800
Andhra Pradesh,Chittor,Vayalapadu APMC,Vegetables,Tomato,24-02-2024,17.38,640,1080,1520
Andhra Pradesh,Chittor,Vayalapadu APMC,Vegetables,Tomato,25-02-2024,6.83,760,1080,1400
Andhra Pradesh,Chittor,Vayalapadu APMC,Vegetables,Tomato,26-02-2024,15.15,720,1000,1480
Andhra Pradesh,Chittor,Vayalapadu APMC,Vegetables,Tomato,27-02-2024,14.5,760,1120,1520
Andhra Pradesh,Chittor,Vayalapadu APMC,Vegetables,Tomato,28-02-2024,14.75,720,1120,1520
Andhra Pradesh,Chittor,Vayalapadu APMC,Vegetables,Tomato,01-03-2024,14.65,680,960,1200
Andhra Pradesh,Chittor,Vayalapadu APMC,Vegetables,Tomato,02-03-2024,14.2,640,920,1200
Andhra Pradesh,Chittor,Vayalapadu APMC,Vegetables,Tomato,03-03-2024,7.58,760,1160,1600
Andhra Pradesh,Chittor,Vayalapadu APMC,Vegetables,Tomato,29-05-2024,54.17,1600,2600,3600
Andhra Pradesh,Chittor,Vayalapadu APMC,Vegetables,Tomato,30-05-2024,59.4,160,2400,3200
Andhra Pradesh,Chittor,Vayalapadu APMC,Vegetables,Tomato,31-05-2024,61.15,1640,2440,3200
Andhra Pradesh,Chittor,Vayalapadu APMC,Vegetables,Tomato,01-06-2024,64.28,1600,2480,3400
Andhra Pradesh,Chittor,Vayalapadu APMC,Vegetables,Tomato,05-06-2024,31.23,2000,4000,6000
Andhra Pradesh,Chittor,Vayalapadu APMC,Vegetables,Tomato,06-06-2024,65.83,1800,3080,4400
Andhra Pradesh,Chittor,Vayalapadu APMC,Vegetables,Tomato,07-06-2024,65.5,1800,3200,4600
Andhra Pradesh,Chittor,Vayalapadu APMC,Vegetables,Tomato,08-06-2024,57.9,1920,3360,4400
Andhra Pradesh,Chittor,Vayalapadu APMC,Vegetables,Tomato,09-06-2024,23.73,1840,3320,4800
Andhra Pradesh,Chittor,Vayalapadu APMC,Vegetables,Tomato,10-06-2024,42.48,1920,3760,5600
Andhra Pradesh,Chittor,Vayalapadu APMC,Vegetables,Tomato,11-06-2024,35.23,2000,4000,6400
Andhra Pradesh,Chittor,Vayalapadu APMC,Vegetables,Tomato,12-06-2024,36.25,1800,3960,6000
Andhra Pradesh,Chittor,Vayalapadu APMC,Vegetables,Tomato,13-06-2024,38.65,1800,3480,5300
Andhra Pradesh,Chittor,Vayalapadu APMC,Vegetables,Tomato,14-06-2024,40.95,1800,3280,4800
Andhra Pradesh,Chittor,Vayalapadu APMC,Vegetables,Tomato,15-06-2024,43.58,1920,3960,6000
Andhra Pradesh,Chittor,Vayalapadu APMC,Vegetables,Tomato,17-06-2024,44.7,2040,4000,6000
Andhra Pradesh,Chittor,Vayalapadu APMC,Vegetables,Tomato,18-06-2024,20.63,2200,4800,7600
Andhra Pradesh,Chittor,Vayalapadu APMC,Vegetables,Tomato,19-06-2024,20.82,2240,4920,7600
Andhra Pradesh,Chittor,Vayalapadu APMC,Vegetables,Tomato,20-06-2024,20.07,2280,5120,8000
Andhra Pradesh,Chittor,Vayalapadu APMC,Vegetables,Tomato,21-06-2024,24.95,6500,6800,7200
Andhra Pradesh,Chittor,Vayalapadu APMC,Vegetables,Tomato,22-06-2024,26.05,6520,6800,7200
Andhra Pradesh,Chittor,Vayalapadu APMC,Vegetables,Tomato,23-06-2024,20.1,6600,6720,7200
Andhra Pradesh,Chittor,Vayalapadu APMC,Vegetables,Tomato,24-06-2024,27.1,6000,6400,6800
Andhra Pradesh,Chittor,Vayalapadu APMC,Vegetables,Tomato,25-06-2024,30.02,5200,5600,6000
Andhra Pradesh,Chittor,Vayalapadu APMC,Vegetables,Tomato,26-06-2024,30.98,4000,4400,4800
Andhra Pradesh,Chittor,Vayalapadu APMC,Vegetables,Tomato,27-06-2024,31.45,4200,4400,4800
Andhra Pradesh,Chittor,Vayalapadu APMC,Vegetables,Tomato,28-06-2024,32.05,4100,4400,4800
Andhra Pradesh,Chittor,Vayalapadu APMC,Vegetables,Tomato,02-07-2024,40.4,3800,4200,4600
Andhra Pradesh,Chittor,Vayalapadu APMC,Vegetables,Tomato,03-07-2024,51.17,3600,4000,4400
Andhra Pradesh,Chittor,Vayalapadu APMC,Vegetables,Tomato,04-07-2024,54.55,3800,4500,4600
Andhra Pradesh,Chittor,Vayalapadu APMC,Vegetables,Tomato,05-07-2024,58.92,3800,4320,4600
Andhra Pradesh,Chittor,Vayalapadu APMC,Vegetables,Tomato,06-07-2024,68.75,3600,4000,4400
Andhra Pradesh,Chittor,Vayalapadu APMC,Vegetables,Tomato,07-07-2024,34.67,3800,4200,4600
Andhra Pradesh,Chittor,Vayalapadu APMC,Vegetables,Tomato,08-07-2024,66.03,3800,4320,4600
Andhra Pradesh,Chittor,Vayalapadu APMC,Vegetables,Tomato,10-07-2024,68.7,4800,5200,5600
Andhra Pradesh,Chittor,Vayalapadu APMC,Vegetables,Tomato,11-07-2024,69.5,5200,5600,6000
Andhra Pradesh,Chittor,Vayalapadu APMC,Vegetables,Tomato,12-07-2024,67.88,5400,5800,6200
Andhra Pradesh,Chittor,Vayalapadu APMC,Vegetables,Tomato,15-07-2024,63.8,6000,6400,6800
Andhra Pradesh,Chittor,Vayalapadu APMC,Vegetables,Tomato,16-07-2024,52.13,6400,6800,7200
Andhra Pradesh,Chittor,Vayalapadu APMC,Vegetables,Tomato,18-07-2024,45.42,7200,7600,8000
Andhra Pradesh,Chittor,Vayalapadu APMC,Vegetables,Tomato,19-07-2024,44.27,6000,6400,6800
Andhra Pradesh,Chittor,Vayalapadu APMC,Vegetables,Tomato,20-07-2024,41.85,6200,6600,6800
Andhra Pradesh,Chittor,Vayalapadu APMC,Vegetables,Tomato,21-07-2024,20.27,6000,6200,6400
Andhra Pradesh,Chittor,Vayalapadu APMC,Vegetables,Tomato,22-07-2024,42.98,5600,6000,6400
Andhra Pradesh,Chittor,Vayalapadu APMC,Vegetables,Tomato,23-07-2024,47.8,5200,5600,6000
Andhra Pradesh,Chittor,Vayalapadu APMC,Vegetables,Tomato,24-07-2024,58.7,4400,4800,5200
Andhra Pradesh,Chittor,Vayalapadu APMC,Vegetables,Tomato,02-08-2024,83.38,2400,2800,3000
Andhra Pradesh,Chittor,Vayalapadu APMC,Vegetables,Tomato,03-08-2024,88.3,2600,2800,3000
Andhra Pradesh,Chittor,Vayalapadu APMC,Vegetables,Tomato,04-08-2024,47.33,2200,2400,2600
Andhra Pradesh,Chittor,Vayalapadu APMC,Vegetables,Tomato,05-08-2024,84.33,2600,2800,3000
Andhra Pradesh,Chittor,Vayalapadu APMC,Vegetables,Tomato,06-08-2024,85.78,2400,2800,3000
Andhra Pradesh,Chittor,Vayalapadu APMC,Vegetables,Tomato,12-08-2024,60.33,2400,2800,3000
Andhra Pradesh,Chittor,Vayalapadu APMC,Vegetables,Tomato,13-08-2024,59.7,2200,2400,2600
Andhra Pradesh,Chittor,Vayalapadu APMC,Vegetables,Tomato,14-08-2024,62.17,2280,2400,2680
Andhra Pradesh,Chittor,Vayalapadu APMC,Vegetables,Tomato,16-08-2024,61.27,2800,3000,3200
Andhra Pradesh,Chittor,Vayalapadu APMC,Vegetables,Tomato,17-08-2024,62.02,2600,2800,3000
Andhra Pradesh,Chittor,Vayalapadu APMC,Vegetables,Tomato,18-08-2024,39.15,2600,2800,3000
Andhra Pradesh,Chittor,Vayalapadu APMC,Vegetables,Tomato,19-08-2024,61.6,2200,2400,2600
Andhra Pradesh,Chittor,Vayalapadu APMC,Vegetables,Tomato,20-08-2024,71.22,2240,2400,2640
Andhra Pradesh,Chittor,Vayalapadu APMC,Vegetables,Tomato,21-08-2024,73.22,2200,2400,2600
Andhra Pradesh,Chittor,Vayalapadu APMC,Vegetables,Tomato,22-08-2024,74.03,2240,2400,2640
Andhra Pradesh,Chittor,Vayalapadu APMC,Vegetables,Tomato,23-08-2024,72.38,2600,2800,3000
Andhra Pradesh,Chittor,Vayalapadu APMC,Vegetables,Tomato,27-08-2024,82.3,1800,2000,2200
Andhra Pradesh,Chittor,Vayalapadu APMC,Vegetables,Tomato,28-08-2024,85.45,1840,2000,2240
Andhra Pradesh,Chittor,Vayalapadu APMC,Vegetables,Tomato,29-08-2024,81.72,1800,2120,2320
Andhra Pradesh,Chittor,Vayalapadu APMC,Vegetables,Tomato,30-08-2024,86.38,1800,2000,2200
Andhra Pradesh,Chittor,Vayalapadu APMC,Vegetables,Tomato,31-08-2024,81.85,1600,1800,2000
Andhra Pradesh,Chittor,Vayalapadu APMC,Vegetables,Tomato,01-09-2024,39.1,1800,2000,2200
Andhra Pradesh,Chittor,Vayalapadu APMC,Vegetables,Tomato,02-09-2024,81.6,2200,2400,2600
Andhra Pradesh,Chittor,Vayalapadu APMC,Vegetables,Tomato,03-09-2024,84.28,2600,2800,3000
Andhra Pradesh,Chittor,Vayalapadu APMC,Vegetables,Tomato,04-09-2024,82.08,2720,2800,3120
Andhra Pradesh,Chittor,Vayalapadu APMC,Vegetables,Tomato,09-09-2024,88.28,2600,2800,3000
Andhra Pradesh,Chittor,Vayalapadu APMC,Vegetables,Tomato,10-09-2024,78.25,2200,2400,2600
Andhra Pradesh,Chittor,Vayalapadu APMC,Vegetables,Tomato,11-09-2024,85.7,2400,2600,2800
Andhra Pradesh,Chittor,Vayalapadu APMC,Vegetables,Tomato,12-09-2024,80.35,2600,2800,3000
Andhra Pradesh,Chittor,Vayalapadu APMC,Vegetables,Tomato,16-09-2024,86.1,3400,3600,3800
Andhra Pradesh,Chittor,Vayalapadu APMC,Vegetables,Tomato,17-09-2024,82.92,3200,3500,3800
Andhra Pradesh,Chittor,Vayalapadu APMC,Vegetables,Tomato,18-09-2024,83.65,3600,3800,4200
Andhra Pradesh,Chittor,Vayalapadu APMC,Vegetables,Tomato,19-09-2024,82.35,3800,4000,4400
Andhra Pradesh,Chittor,Vayalapadu APMC,Vegetables,Tomato,20-09-2024,81.97,4600,4800,5000
Andhra Pradesh,Chittor,Vayalapadu APMC,Vegetables,Tomato,21-09-2024,83.28,4000,4400,4600
Andhra Pradesh,Chittor,Vayalapadu APMC,Vegetables,Tomato,22-09-2024,38.77,4600,4800,5000
Andhra Pradesh,Chittor,Vayalapadu APMC,Vegetables,Tomato,23-09-2024,83.3,4400,4600,4800
Andhra Pradesh,Chittor,Vayalapadu APMC,Vegetables,Tomato,24-09-2024,82.35,4600,4800,5000
Andhra Pradesh,Chittor,Vayalapadu APMC,Vegetables,Tomato,26-09-2024,87.45,4200,4400,4600
Andhra Pradesh,Chittor,Vayalapadu APMC,Vegetables,Tomato,27-09-2024,86,4400,4600,4800
Andhra Pradesh,Chittor,Vayalapadu APMC,Vegetables,Tomato,28-09-2024,88.47,4600,4800,5000
Andhra Pradesh,Chittor,Vayalapadu APMC,Vegetables,Tomato,29-09-2024,45.98,5000,5200,5400
Andhra Pradesh,Chittor,Vayalapadu APMC,Vegetables,Tomato,30-09-2024,86.15,5600,5800,6000
Andhra Pradesh,Chittor,Vayalapadu APMC,Vegetables,Tomato,02-10-2024,99.78,6000,6200,6400
Andhra Pradesh,Chittor,Vayalapadu APMC,Vegetables,Tomato,03-10-2024,100.65,7600,7800,8000
Andhra Pradesh,Chittor,Vayalapadu APMC,Vegetables,Tomato,04-10-2024,102.1,8000,8200,8400
Andhra Pradesh,Chittor,Vayalapadu APMC,Vegetables,Tomato,26-11-2024,99.85,4800,5000,5200
Andhra Pradesh,Chittor,Vayalapadu APMC,Vegetables,Tomato,27-11-2024,62.4,4800,5000,5200
Andhra Pradesh,Chittor,Vayalapadu APMC,Vegetables,Tomato,28-11-2024,65.35,4600,4800,5000
Andhra Pradesh,Chittor,Vayalapadu APMC,Vegetables,Tomato,29-11-2024,63.8,4400,4600,4800
Andhra Pradesh,Chittor,Vayalapadu APMC,Vegetables,Tomato,03-12-2024,26.57,5600,5800,6000
Andhra Pradesh,Chittor,Vayalapadu APMC,Vegetables,Tomato,04-12-2024,50.4,4000,4200,4400
Andhra Pradesh,Chittor,Vayalapadu APMC,Vegetables,Tomato,06-12-2024,49.7,4800,5000,5200
Andhra Pradesh,Chittor,Vayalapadu APMC,Vegetables,Tomato,07-12-2024,33.5,5000,5200,5400
Andhra Pradesh,Chittor,Vayalapadu APMC,Vegetables,Tomato,08-12-2024,20.98,3600,3800,4000
Andhra Pradesh,Chittor,Vayalapadu APMC,Vegetables,Tomato,09-12-2024,23.8,1800,2000,2200
Andhra Pradesh,Chittor,Vayalapadu APMC,Vegetables,Tomato,10-12-2024,24.27,1200,1400,1600
Andhra Pradesh,Chittor,Vayalapadu APMC,Vegetables,Tomato,11-12-2024,28.75,1600,1800,2000
Andhra Pradesh,Chittor,Vayalapadu APMC,Vegetables,Tomato,12-12-2024,27.65,2200,2400,2600
Andhra Pradesh,Chittor,Vayalapadu APMC,Vegetables,Tomato,14-12-2024,29.9,1080,1280,1480
Andhra Pradesh,Chittor,Vayalapadu APMC,Vegetables,Tomato,15-12-2024,10.25,1000,1200,1400
Andhra Pradesh,Chittor,Vayalapadu APMC,Vegetables,Tomato,17-12-2024,13.3,1200,1400,1680
Andhra Pradesh,Chittor,Vayalapadu APMC,Vegetables,Tomato,18-12-2024,25.63,1800,2000,2120
Andhra Pradesh,Chittor,Vayalapadu APMC,Vegetables,Tomato,19-12-2024,26.77,1600,1800,2000
Andhra Pradesh,Chittor,Vayalapadu APMC,Vegetables,Tomato,20-12-2024,25.45,1400,1600,1840
Andhra Pradesh,Chittor,Vayalapadu APMC,Vegetables,Tomato,21-12-2024,11.95,1600,1800,2000
Andhra Pradesh,Chittor,Vayalapadu APMC,Vegetables,Tomato,22-12-2024,8.45,2400,2600,2800
Andhra Pradesh,Chittor,Vayalapadu APMC,Vegetables,Tomato,23-12-2024,9.75,1600,1800,2000
Andhra Pradesh,Chittor,Vayalapadu APMC,Vegetables,Tomato,24-12-2024,12.72,1600,1800,2120
Andhra Pradesh,Chittor,Vayalapadu APMC,Vegetables,Tomato,25-12-2024,12.15,1400,1600,1800
Andhra Pradesh,Chittor,Vayalapadu APMC,Vegetables,Tomato,27-12-2024,11.85,1400,1600,1680
Andhra Pradesh,Chittor,Vayalapadu APMC,Vegetables,Tomato,28-12-2024,9.4,2000,2200,2400
Andhra Pradesh,Chittor,Vayalapadu APMC,Vegetables,Tomato,29-12-2024,8.2,1600,1680,1800
Andhra Pradesh,Chittor,Vayalapadu APMC,Vegetables,Tomato,30-12-2024,12.05,600,800,1000
Andhra Pradesh,Chittor,Vayalapadu APMC,Vegetables,Tomato,31-12-2024,12.53,400,600,800
Andhra Pradesh,Chittor,Vayalapadu APMC,Vegetables,Tomato,01-01-2025,13.05,800,1000,1200
Andhra Pradesh,Chittor,Vayalapadu APMC,Vegetables,Tomato,02-01-2025,7.28,1000,1200,1400
Andhra Pradesh,Chittor,Vayalapadu APMC,Vegetables,Tomato,03-01-2025,12.57,800,1000,1200
Andhra Pradesh,Chittor,Vayalapadu APMC,Vegetables,Tomato,04-01-2025,22.43,800,1000,1100
Andhra Pradesh,Chittor,Vayalapadu APMC,Vegetables,Tomato,06-01-2025,24.65,840,1000,1160
Andhra Pradesh,Chittor,Vayalapadu APMC,Vegetables,Tomato,07-01-2025,26.02,880,1000,1120
Andhra Pradesh,Chittor,Vayalapadu APMC,Vegetables,Tomato,08-01-2025,28.05,840,1000,1120
Andhra Pradesh,Chittor,Vayalapadu APMC,Vegetables,Tomato,09-01-2025,27.23,880,1000,1080
Andhra Pradesh,Chittor,Vayalapadu APMC,Vegetables,Tomato,10-01-2025,27.77,880,1000,1200
Andhra Pradesh,Chittor,Vayalapadu APMC,Vegetables,Tomato,17-01-2025,7.8,1400,1600,1800
Andhra Pradesh,Chittor,Vayalapadu APMC,Vegetables,Tomato,18-01-2025,12.03,1440,1600,1800
Andhra Pradesh,Chittor,Vayalapadu APMC,Vegetables,Tomato,19-01-2025,8.82,1000,1120,1200
Andhra Pradesh,Chittor,Vayalapadu APMC,Vegetables,Tomato,20-01-2025,14.47,1000,1200,1400
Andhra Pradesh,Chittor,Vayalapadu APMC,Vegetables,Tomato,21-01-2025,16.02,1040,1200,1400
Andhra Pradesh,Chittor,Vayalapadu APMC,Vegetables,Tomato,22-01-2025,14.35,1200,1400,1680
Andhra Pradesh,Chittor,Vayalapadu APMC,Vegetables,Tomato,23-01-2025,16.2,1300,1500,1700
Andhra Pradesh,Chittor,Vayalapadu APMC,Vegetables,Tomato,24-01-2025,17.02,1150,1350,1550
Andhra Pradesh,Chittor,Vayalapadu APMC,Vegetables,Tomato,25-01-2025,15.25,1150,1350,1590
Andhra Pradesh,Chittor,Vayalapadu APMC,Vegetables,Tomato,26-01-2025,6.85,1100,1300,1500
Andhra Pradesh,Chittor,Vayalapadu APMC,Vegetables,Tomato,27-01-2025,14.5,1500,1700,1900
Andhra Pradesh,Chittor,Vayalapadu APMC,Vegetables,Tomato,28-01-2025,11.6,1500,1700,1940
Andhra Pradesh,Chittor,Vayalapadu APMC,Vegetables,Tomato,29-01-2025,12.1,1500,1700,1900
Andhra Pradesh,Chittor,Vayalapadu APMC,Vegetables,Tomato,30-01-2025,4.58,1500,1700,1900
Andhra Pradesh,Chittor,Vayalapadu APMC,Vegetables,Tomato,31-01-2025,5.67,1600,1800,2000
Andhra Pradesh,Chittor,Vayalapadu APMC,Vegetables,Tomato,01-02-2025,5.83,1500,1700,1900
Andhra Pradesh,Chittor,Vayalapadu APMC,Vegetables,Tomato,02-02-2025,3.15,1600,1800,2000
Andhra Pradesh,Chittor,Vayalapadu APMC,Vegetables,Tomato,03-02-2025,5.88,1600,1800,2000
Andhra Pradesh,Chittor,Vayalapadu APMC,Vegetables,Tomato,04-02-2025,6.2,1720,1920,2120
Andhra Pradesh,Chittor,Vayalapadu APMC,Vegetables,Tomato,05-02-2025,5.72,1600,1800,2000
Andhra Pradesh,Chittor,Vayalapadu APMC,Vegetables,Tomato,06-02-2025,5.5,1700,1900,1990
Andhra Pradesh,Chittor,Vayalapadu APMC,Vegetables,Tomato,07-02-2025,5.6,1800,2000,2200
Andhra Pradesh,Chittor,Vayalapadu APMC,Vegetables,Tomato,08-02-2025,5.53,1550,1750,1950
Andhra Pradesh,Chittor,Vayalapadu APMC,Vegetables,Tomato,09-02-2025,3.6,1750,1950,2150
Andhra Pradesh,Chittor,Vayalapadu APMC,Vegetables,Tomato,10-02-2025,5.92,1700,1900,2080
Andhra Pradesh,Chittor,Vayalapadu APMC,Vegetables,Tomato,11-02-2025,5.65,1800,2000,2160
Andhra Pradesh,Chittor,Vayalapadu APMC,Vegetables,Tomato,12-02-2025,5.97,1100,1300,1500
Andhra Pradesh,Chittor,Vayalapadu APMC,Vegetables,Tomato,13-02-2025,5.67,900,1100,1300
Andhra Pradesh,Chittor,Vayalapadu APMC,Vegetables,Tomato,14-02-2025,6.08,1100,1300,1480
Andhra Pradesh,Chittor,Vayalapadu APMC,Vegetables,Tomato,15-02-2025,9.45,1000,1200,1400
Andhra Pradesh,Chittor,Vayalapadu APMC,Vegetables,Tomato,16-02-2025,4.03,1300,1500,1590
Andhra Pradesh,Chittor,Vayalapadu APMC,Vegetables,Tomato,17-02-2025,8.75,1400,1600,1720
Andhra Pradesh,Chittor,Vayalapadu APMC,Vegetables,Tomato,18-02-2025,9.4,1400,1600,1800
Andhra Pradesh,Chittor,Vayalapadu APMC,Vegetables,Tomato,19-02-2025,8.6,1000,1200,1400
Andhra Pradesh,Chittor,Vayalapadu APMC,Vegetables,Tomato,20-02-2025,12.32,800,1000,1100
Andhra Pradesh,Chittor,Vayalapadu APMC,Vegetables,Tomato,21-02-2025,10.38,800,920,1000
Andhra Pradesh,Chittor,Vayalapadu APMC,Vegetables,Tomato,22-02-2025,12.53,840,960,1040
Andhra Pradesh,Chittor,Vayalapadu APMC,Vegetables,Tomato,23-02-2025,7.03,960,1160,1360
Andhra Pradesh,Chittor,Vayalapadu APMC,Vegetables,Tomato,24-02-2025,12.7,950,1100,1300
Andhra Pradesh,Chittor,Vayalapadu APMC,Vegetables,Tomato,25-02-2025,12.97,840,960,1040
Andhra Pradesh,Chittor,Vayalapadu APMC,Vegetables,Tomato,26-02-2025,13.55,840,920,1000
Andhra Pradesh,Chittor,Vayalapadu APMC,Vegetables,Tomato,27-02-2025,5.45,620,780,900
Andhra Pradesh,Chittor,Vayalapadu APMC,Vegetables,Tomato,28-02-2025,6.53,790,900,1100
Andhra Pradesh,Chittor,Vayalapadu APMC,Vegetables,Tomato,01-03-2025,10.5,840,1000,1200
Andhra Pradesh,Chittor,Vayalapadu APMC,Vegetables,Tomato,02-03-2025,8.4,800,1000,1120
Andhra Pradesh,Chittor,Vayalapadu APMC,Vegetables,Tomato,03-03-2025,12.97,840,960,1120
Andhra Pradesh,Chittor,Vayalapadu APMC,Vegetables,Tomato,04-03-2025,13.85,770,860,970
Andhra Pradesh,Chittor,Vayalapadu APMC,Vegetables,Tomato,05-03-2025,13.32,800,920,1000
Andhra Pradesh,Chittor,Vayalapadu APMC,Vegetables,Tomato,07-03-2025,13.43,620,760,900
Andhra Pradesh,Chittor,Vayalapadu APMC,Vegetables,Tomato,08-03-2025,15.97,840,920,1000
Andhra Pradesh,Chittor,Vayalapadu APMC,Vegetables,Tomato,09-03-2025,11.25,880,960,1000
Andhra Pradesh,Chittor,Vayalapadu APMC,Vegetables,Tomato,10-03-2025,15.22,840,920,1000
Andhra Pradesh,Chittor,Vayalapadu APMC,Vegetables,Tomato,11-03-2025,19.35,840,920,1000
Andhra Pradesh,Chittor,Vayalapadu APMC,Vegetables,Tomato,12-03-2025,21.32,880,960,1040
Andhra Pradesh,Chittor,Vayalapadu APMC,Vegetables,Tomato,13-03-2025,19.27,800,840,920
Andhra Pradesh,Chittor,Vayalapadu APMC,Vegetables,Tomato,14-03-2025,25.8,800,840,880
Andhra Pradesh,Chittor,Vayalapadu APMC,Vegetables,Tomato,15-03-2025,24.18,760,800,840
Andhra Pradesh,Chittor,Vayalapadu APMC,Vegetables,Tomato,16-03-2025,19.65,800,840,880
Andhra Pradesh,Chittor,Vayalapadu APMC,Vegetables,Tomato,17-03-2025,25.85,880,960,1040
Andhra Pradesh,Chittor,Vayalapadu APMC,Vegetables,Tomato,18-03-2025,29.68,840,880,920
Andhra Pradesh,Chittor,Vayalapadu APMC,Vegetables,Tomato,19-03-2025,31.3,800,840,880
Andhra Pradesh,Chittor,Vayalapadu APMC,Vegetables,Tomato,20-03-2025,29.02,840,880,960
Andhra Pradesh,Chittor,Vayalapadu APMC,Vegetables,Tomato,21-03-2025,28.52,800,840,880
Andhra Pradesh,Chittor,Vayalapadu APMC,Vegetables,Tomato,23-03-2025,21.35,880,920,960
Andhra Pradesh,Chittor,Vayalapadu APMC,Vegetables,Tomato,24-03-2025,36.38,800,840,880
Andhra Pradesh,Chittor,Vayalapadu APMC,Vegetables,Tomato,25-03-2025,36.98,800,840,880
Andhra Pradesh,Chittor,Vayalapadu APMC,Vegetables,Tomato,26-03-2025,38,800,840,880
Andhra Pradesh,Chittor,Vayalapadu APMC,Vegetables,Tomato,27-03-2025,39.48,840,880,920
Andhra Pradesh,Chittor,Vayalapadu APMC,Vegetables,Tomato,28-03-2025,39.48,840,880,920
Andhra Pradesh,Chittor,Vayalapadu APMC,Vegetables,Tomato,29-03-2025,39.27,800,840,880
Andhra Pradesh,Chittor,Vayalapadu APMC,Vegetables,Tomato,31-03-2025,9.82,1200,1400,1600
Andhra Pradesh,Chittor,Vayalapadu APMC,Vegetables,Tomato,01-04-2025,9.72,1600,1800,2000
Andhra Pradesh,Chittor,Vayalapadu APMC,Vegetables,Tomato,02-04-2025,38.05,880,960,1040
Andhra Pradesh,Chittor,Vayalapadu APMC,Vegetables,Tomato,03-04-2025,39.58,849,920,1000
Andhra Pradesh,Chittor,Vayalapadu APMC,Vegetables,Tomato,04-04-2025,40.63,840,880,960
Andhra Pradesh,Chittor,Vayalapadu APMC,Vegetables,Tomato,05-04-2025,37.52,840,920,1000
Andhra Pradesh,Chittor,Vayalapadu APMC,Vegetables,Tomato,06-04-2025,28.93,800,880,1000
Andhra Pradesh,Chittor,Vayalapadu APMC,Vegetables,Tomato,07-04-2025,39.08,880,960,1040
Andhra Pradesh,Chittor,Vayalapadu APMC,Vegetables,Tomato,08-04-2025,38.92,840,920,1000
Andhra Pradesh,Chittor,Vayalapadu APMC,Vegetables,Tomato,09-04-2025,38.88,880,960,1040
Andhra Pradesh,Chittor,Vayalapadu APMC,Vegetables,Tomato,10-04-2025,40.27,880,920,1000
Andhra Pradesh,Chittor,Vayalapadu APMC,Vegetables,Tomato,11-04-2025,39.88,960,1080,1200
Andhra Pradesh,Chittor,Vayalapadu APMC,Vegetables,Tomato,14-04-2025,41.08,920,1000,1200
Andhra Pradesh,Chittor,Vayalapadu APMC,Vegetables,Tomato,15-04-2025,43.17,840,920,1000
Andhra Pradesh,Chittor,Vayalapadu APMC,Vegetables,Tomato,16-04-2025,44.23,880,960,1000
Andhra Pradesh,Chittor,Vayalapadu APMC,Vegetables,Tomato,17-04-2025,46.05,800,840,880
Andhra Pradesh,Chittor,Vayalapadu APMC,Vegetables,Tomato,18-04-2025,47.48,840,880,960
Andhra Pradesh,Chittor,Vayalapadu APMC,Vegetables,Tomato,19-04-2025,48.65,800,880,960
Andhra Pradesh,Chittor,Vayalapadu APMC,Vegetables,Tomato,20-04-2025,31.18,1000,1040,1080
Andhra Pradesh,Chittor,Vayalapadu APMC,Vegetables,Tomato,21-04-2025,50.52,1000,1100,1200
Andhra Pradesh,Chittor,Vayalapadu APMC,Vegetables,Tomato,22-04-2025,51.55,1000,1100,1280
Andhra Pradesh,Chittor,Vayalapadu APMC,Vegetables,Tomato,23-04-2025,53.67,1000,1100,1200
Andhra Pradesh,Chittor,Vayalapadu APMC,Vegetables,Tomato,24-04-2025,55.35,920,1040,1120
Andhra Pradesh,Chittor,Vayalapadu APMC,Vegetables,Tomato,25-04-2025,58.7,960,1080,1160
Andhra Pradesh,Chittor,Vayalapadu APMC,Vegetables,Tomato,26-04-2025,60.83,1000,1100,1200
Andhra Pradesh,Chittor,Vayalapadu APMC,Vegetables,Tomato,27-04-2025,41.85,960,1080,1160
Andhra Pradesh,Chittor,Vayalapadu APMC,Vegetables,Tomato,28-04-2025,61.02,1000,1100,1200
Andhra Pradesh,Chittor,Vayalapadu APMC,Vegetables,Tomato,29-04-2025,62.67,960,1080,1260
Andhra Pradesh,Chittor,Vayalapadu APMC,Vegetables,Tomato,30-04-2025,67.55,1000,1120,1200
Andhra Pradesh,Chittor,Vayalapadu APMC,Vegetables,Tomato,01-05-2025,69.67,960,1080,1160
Andhra Pradesh,Chittor,Vayalapadu APMC,Vegetables,Tomato,02-05-2025,72.63,1000,1100,1200
Andhra Pradesh,Chittor,Vayalapadu APMC,Vegetables,Tomato,03-05-2025,76.1,960,1080,1160
Andhra Pradesh,Chittor,Vayalapadu APMC,Vegetables,Tomato,04-05-2025,49.58,1000,1100,1200
Andhra Pradesh,Chittor,Vayalapadu APMC,Vegetables,Tomato,05-05-2025,79.78,960,1040,1120
Andhra Pradesh,Chittor,Vayalapadu APMC,Vegetables,Tomato,06-05-2025,81.85,960,1080,1160
Andhra Pradesh,Chittor,Vayalapadu APMC,Vegetables,Tomato,07-05-2025,83.2,1000,1100,1200
Andhra Pradesh,Chittor,Vayalapadu APMC,Vegetables,Tomato,08-05-2025,85.8,800,880,1000
Andhra Pradesh,Chittor,Vayalapadu APMC,Vegetables,Tomato,09-05-2025,87.88,880,960,1000
Andhra Pradesh,Chittor,Vayalapadu APMC,Vegetables,Tomato,10-05-2025,89.63,800,920,1000
Andhra Pradesh,Chittor,Vayalapadu APMC,Vegetables,Tomato,11-05-2025,57.55,840,960,1000
Andhra Pradesh,Chittor,Vayalapadu APMC,Vegetables,Tomato,12-05-2025,86.03,880,960,1040
Andhra Pradesh,Chittor,Vayalapadu APMC,Vegetables,Tomato,13-05-2025,86.47,800,920,1000
Andhra Pradesh,Chittor,Vayalapadu APMC,Vegetables,Tomato,14-05-2025,87.67,840,960,1000
Andhra Pradesh,Chittor,Vayalapadu APMC,Vegetables,Tomato,15-05-2025,89.33,880,960,1040
Andhra Pradesh,Chittor,Vayalapadu APMC,Vegetables,Tomato,16-05-2025,89.05,800,920,1000
Andhra Pradesh,Chittor,Vayalapadu APMC,Vegetables,Tomato,17-05-2025,91.83,840,920,1000
Andhra Pradesh,Chittor,Vayalapadu APMC,Vegetables,Tomato,18-05-2025,60.05,800,880,960
Andhra Pradesh,Chittor,Vayalapadu APMC,Vegetables,Tomato,19-05-2025,91.72,880,960,1040
Andhra Pradesh,Chittor,Vayalapadu APMC,Vegetables,Tomato,20-05-2025,92.7,800,920,1000
Andhra Pradesh,Chittor,Vayalapadu APMC,Vegetables,Tomato,21-05-2025,91.92,840,960,1000
Andhra Pradesh,Chittor,Vayalapadu APMC,Vegetables,Tomato,22-05-2025,91.72,800,920,1000
Andhra Pradesh,Chittor,Vayalapadu APMC,Vegetables,Tomato,23-05-2025,92.35,800,960,1000
Andhra Pradesh,Chittor,Vayalapadu APMC,Vegetables,Tomato,24-05-2025,94.08,800,880,1000
Andhra Pradesh,Chittor,Vayalapadu APMC,Vegetables,Tomato,25-05-2025,54.38,800,920,1000
Andhra Pradesh,Chittor,Vayalapadu APMC,Vegetables,Tomato,26-05-2025,93.13,880,960,1040
Andhra Pradesh,Chittor,Vayalapadu APMC,Vegetables,Tomato,27-05-2025,92.17,800,880,960
Andhra Pradesh,Chittor,Vayalapadu APMC,Vegetables,Tomato,28-05-2025,92.22,800,920,1000
Andhra Pradesh,Chittor,Vayalapadu APMC,Vegetables,Tomato,29-05-2025,92.03,840,920,1000
Andhra Pradesh,Chittor,Vayalapadu APMC,Vegetables,Tomato,30-05-2025,92.4,800,960,1000
Andhra Pradesh,Chittor,Vayalapadu APMC,Vegetables,Tomato,31-05-2025,88.4,800,880,1000
Andhra Pradesh,Chittor,Vayalapadu APMC,Vegetables,Tomato,01-06-2025,57.73,800,920,1000
Andhra Pradesh,Chittor,Vayalapadu APMC,Vegetables,Tomato,02-06-2025,90.58,880,960,1040
Andhra Pradesh,Chittor,Vayalapadu APMC,Vegetables,Tomato,03-06-2025,92.45,800,920,1480
Andhra Pradesh,Chittor,Vayalapadu APMC,Vegetables,Tomato,04-06-2025,84.28,1400,1600,1800
Andhra Pradesh,Chittor,Vayalapadu APMC,Vegetables,Tomato,05-06-2025,86.28,440,1600,1800
Andhra Pradesh,Chittor,Vayalapadu APMC,Vegetables,Tomato,06-06-2025,100.03,1400,1600,1800
Andhra Pradesh,Chittor,Vayalapadu APMC,Vegetables,Tomato,07-06-2025,101.5,1000,1200,1400
Andhra Pradesh,Chittor,Vayalapadu APMC,Vegetables,Tomato,08-06-2025,45.13,1000,1240,1460
Andhra Pradesh,Chittor,Vayalapadu APMC,Vegetables,Tomato,09-06-2025,66.47,1400,1600,1800
Andhra Pradesh,Chittor,Vayalapadu APMC,Vegetables,Tomato,11-06-2025,102.53,2200,2400,2600
Andhra Pradesh,Chittor,Vayalapadu APMC,Vegetables,Tomato,12-06-2025,101.7,2000,2200,2400
Andhra Pradesh,Chittor,Vayalapadu APMC,Vegetables,Tomato,13-06-2025,102.5,1800,2000,2200
Andhra Pradesh,Chittor,Vayalapadu APMC,Vegetables,Tomato,14-06-2025,88.28,1800,2000,2200
Andhra Pradesh,Chittor,Vayalapadu APMC,Vegetables,Tomato,15-06-2025,41.73,1800,1920,2120
Andhra Pradesh,Chittor,Vayalapadu APMC,Vegetables,Tomato,16-06-2025,89.25,1400,1600,1880
Andhra Pradesh,Chittor,Vayalapadu APMC,Vegetables,Tomato,17-06-2025,91.15,1600,1800,2000
Andhra Pradesh,Chittor,Vayalapadu APMC,Vegetables,Tomato,18-06-2025,90.88,1600,1800,2000
Andhra Pradesh,Chittor,Vayalapadu APMC,Vegetables,Tomato,19-06-2025,90.9,1400,1600,1800
Andhra Pradesh,Chittor,Vayalapadu APMC,Vegetables,Tomato,20-06-2025,89.4,1200,1400,1600
Andhra Pradesh,Chittor,Vayalapadu APMC,Vegetables,Tomato,21-06-2025,89.08,1200,1400,1520
Andhra Pradesh,Chittor,Vayalapadu APMC,Vegetables,Tomato,22-06-2025,40.15,1400,1600,1720
Andhra Pradesh,Chittor,Vayalapadu APMC,Vegetables,Tomato,23-06-2025,89.42,1400,1600,1800
Andhra Pradesh,Chittor,Vayalapadu APMC,Vegetables,Tomato,24-06-2025,89.28,1400,1600,1720
Andhra Pradesh,Chittor,Vayalapadu APMC,Vegetables,Tomato,25-06-2025,92.35,2000,2200,2400
Andhra Pradesh,Chittor,Vayalapadu APMC,Vegetables,Tomato,26-06-2025,87.95,2000,2200,2400
Andhra Pradesh,Chittor,Vayalapadu APMC,Vegetables,Tomato,27-06-2025,88.83,2040,2200,2400
Andhra Pradesh,Chittor,Vayalapadu APMC,Vegetables,Tomato,28-06-2025,89.08,1800,2000,2200
Andhra Pradesh,Chittor,Vayalapadu APMC,Vegetables,Tomato,01-07-2025,89.1,2600,2800,3000
Andhra Pradesh,Chittor,Vayalapadu APMC,Vegetables,Tomato,02-07-2025,89.33,3600,3800,4000
Andhra Pradesh,Chittor,Vayalapadu APMC,Vegetables,Tomato,03-07-2025,89.15,3200,3400,3600
Andhra Pradesh,Chittor,Vayalapadu APMC,Vegetables,Tomato,04-07-2025,89.3,2800,3000,3200
Andhra Pradesh,Chittor,Vayalapadu APMC,Vegetables,Tomato,05-07-2025,89.6,2600,2800,3000
Andhra Pradesh,Chittor,Vayalapadu APMC,Vegetables,Tomato,06-07-2025,42.55,2400,2600,2800
Andhra Pradesh,Chittor,Vayalapadu APMC,Vegetables,Tomato,07-07-2025,89.5,2600,2800,3000
Andhra Pradesh,Chittor,Vayalapadu APMC,Vegetables,Tomato,08-07-2025,88.65,2800,3000,3200
Andhra Pradesh,Chittor,Vayalapadu APMC,Vegetables,Tomato,09-07-2025,89.15,2600,2800,3000
Andhra Pradesh,Chittor,Vayalapadu APMC,Vegetables,Tomato,10-07-2025,89.88,2400,2600,2920
Andhra Pradesh,Chittor,Vayalapadu APMC,Vegetables,Tomato,11-07-2025,89.9,2400,2600,2800
Andhra Pradesh,Chittor,Vayalapadu APMC,Vegetables,Tomato,12-07-2025,88.78,2600,2800,3000
Andhra Pradesh,Chittor,Vayalapadu APMC,Vegetables,Tomato,13-07-2025,42.05,2400,2600,2800
Andhra Pradesh,Chittor,Vayalapadu APMC,Vegetables,Tomato,14-07-2025,89.38,2200,2400,2680
Andhra Pradesh,Chittor,Vayalapadu APMC,Vegetables,Tomato,15-07-2025,88.85,2240,2400,2640
Andhra Pradesh,Chittor,Vayalapadu APMC,Vegetables,Tomato,16-07-2025,89.33,2400,2600,2720
Andhra Pradesh,Chittor,Vayalapadu APMC,Vegetables,Tomato,17-07-2025,89.63,2600,2800,3000
Andhra Pradesh,Chittor,Vayalapadu APMC,Vegetables,Tomato,18-07-2025,89.28,2600,2800,2880
Andhra Pradesh,Chittor,Vayalapadu APMC,Vegetables,Tomato,19-07-2025,87.05,2600,2800,2960
Andhra Pradesh,Chittor,Vayalapadu APMC,Vegetables,Tomato,20-07-2025,32.85,2800,3000,3200
Andhra Pradesh,Chittor,Vayalapadu APMC,Vegetables,Tomato,21-07-2025,69.35,3000,3200,3400
Andhra Pradesh,Chittor,Vayalapadu APMC,Vegetables,Tomato,22-07-2025,64.05,3800,4000,4400
Andhra Pradesh,Chittor,Vayalapadu APMC,Vegetables,Tomato,23-07-2025,66.05,4600,4800,5000
Andhra Pradesh,Chittor,Vayalapadu APMC,Vegetables,Tomato,24-07-2025,66.95,3600,3800,4200
Andhra Pradesh,Chittor,Vayalapadu APMC,Vegetables,Tomato,25-07-2025,67.38,3600,3800,4000
Andhra Pradesh,Chittor,Vayalapadu APMC,Vegetables,Tomato,26-07-2025,66.92,3600,3800,4200
Andhra Pradesh,Chittor,Vayalapadu APMC,Vegetables,Tomato,27-07-2025,33.4,3600,3800,4200
Andhra Pradesh,Chittor,Vayalapadu APMC,Vegetables,Tomato,28-07-2025,67.45,4000,4200,4400
Andhra Pradesh,Chittor,Vayalapadu APMC,Vegetables,Tomato,29-07-2025,69.03,4600,4800,5000
Andhra Pradesh,Chittor,Vayalapadu APMC,Vegetables,Tomato,30-07-2025,66.15,4800,5000,5200
Andhra Pradesh,Chittor,Vayalapadu APMC,Vegetables,Tomato,31-07-2025,67.6,4400,4600,4800
Andhra Pradesh,Chittor,Vayalapadu APMC,Vegetables,Tomato,01-08-2025,68.7,3800,4000,4200
Andhra Pradesh,Chittor,Vayalapadu APMC,Vegetables,Tomato,02-08-2025,68.17,3600,3800,4000
Andhra Pradesh,Chittor,Vayalapadu APMC,Vegetables,Tomato,03-08-2025,35.4,3800,4000,4200
Andhra Pradesh,Chittor,Vayalapadu APMC,Vegetables,Tomato,04-08-2025,66.83,4000,4200,4400
Andhra Pradesh,Chittor,Vayalapadu APMC,Vegetables,Tomato,05-08-2025,66.05,4200,4400,4600
Andhra Pradesh,Chittor,Vayalapadu APMC,Vegetables,Tomato,06-08-2025,65.35,4800,5000,5200
Andhra Pradesh,Chittor,Vayalapadu APMC,Vegetables,Tomato,07-08-2025,64.6,4800,5000,5200
Andhra Pradesh,Chittor,Vayalapadu APMC,Vegetables,Tomato,08-08-2025,62.17,3800,4000,4400
Andhra Pradesh,Chittor,Vayalapadu APMC,Vegetables,Tomato,09-08-2025,61.08,4000,4200,4400
Andhra Pradesh,Chittor,Vayalapadu APMC,Vegetables,Tomato,10-08-2025,34.45,4400,4800,5000
Andhra Pradesh,Chittor,Vayalapadu APMC,Vegetables,Tomato,11-08-2025,60.92,4400,4600,4800
Andhra Pradesh,Chittor,Vayalapadu APMC,Vegetables,Tomato,12-08-2025,59.02,4400,4600,4800
Andhra Pradesh,Chittor,Vayalapadu APMC,Vegetables,Tomato,13-08-2025,60.55,5000,5200,5400
Andhra Pradesh,Chittor,Vayalapadu APMC,Vegetables,Tomato,14-08-2025,53.5,4800,5000,5200
Andhra Pradesh,Chittor,Vayalapadu APMC,Vegetables,Tomato,15-08-2025,55.55,4800,5000,5200
Andhra Pradesh,Chittor,Vayalapadu APMC,Vegetables,Tomato,16-08-2025,58.33,4400,4600,4800
Andhra Pradesh,Chittor,Vayalapadu APMC,Vegetables,Tomato,17-08-2025,37.65,4400,4600,4800
Andhra Pradesh,Chittor,Vayalapadu APMC,Vegetables,Tomato,18-08-2025,57.73,4200,4400,4600
Andhra Pradesh,Chittor,Vayalapadu APMC,Vegetables,Tomato,19-08-2025,57.2,4000,4200,4600
Andhra Pradesh,Chittor,Vayalapadu APMC,Vegetables,Tomato,20-08-2025,56.55,4800,5000,5200
Andhra Pradesh,Chittor,Vayalapadu APMC,Vegetables,Tomato,21-08-2025,58,4400,4600,4800
Andhra Pradesh,Chittor,Vayalapadu APMC,Vegetables,Tomato,22-08-2025,57,4200,4400,4600
Andhra Pradesh,Chittor,Vayalapadu APMC,Vegetables,Tomato,23-08-2025,59.13,4400,4600,4800
Andhra Pradesh,Chittor,Vayalapadu APMC,Vegetables,Tomato,24-08-2025,38.38,3600,3800,4000
Andhra Pradesh,Chittor,Vayalapadu APMC,Vegetables,Tomato,25-08-2025,61.75,3600,3800,4000
Andhra Pradesh,Chittor,Vayalapadu APMC,Vegetables,Tomato,26-08-2025,71.25,3200,3400,3600
Andhra Pradesh,Chittor,Vayalapadu APMC,Vegetables,Tomato,27-08-2025,73.83,2800,3000,3200
Andhra Pradesh,Chittor,Vayalapadu APMC,Vegetables,Tomato,28-08-2025,38.45,3200,3400,3600
Andhra Pradesh,Chittor,Vayalapadu APMC,Vegetables,Tomato,29-08-2025,68.42,2600,2800,3000
Andhra Pradesh,Chittor,Vayalapadu APMC,Vegetables,Tomato,30-08-2025,71.83,2000,2200,2400
Andhra Pradesh,Chittor,Vayalapadu APMC,Vegetables,Tomato,31-08-2025,46.55,1800,2000,2200
Andhra Pradesh,Chittor,Vayalapadu APMC,Vegetables,Tomato,01-09-2025,70.92,2200,2400,2600
Andhra Pradesh,Chittor,Vayalapadu APMC,Vegetables,Tomato,02-09-2025,72.35,2400,2600,2800
Andhra Pradesh,Chittor,Vayalapadu APMC,Vegetables,Tomato,03-09-2025,74.1,2200,2400,2520
Andhra Pradesh,Chittor,Vayalapadu APMC,Vegetables,Tomato,04-09-2025,75.05,1800,2000,2200
Andhra Pradesh,Chittor,Vayalapadu APMC,Vegetables,Tomato,05-09-2025,76.3,1600,1800,1880
Andhra Pradesh,Chittor,Vayalapadu APMC,Vegetables,Tomato,06-09-2025,69.05,1000,1200,1400
Andhra Pradesh,Chittor,Vayalapadu APMC,Vegetables,Tomato,07-09-2025,41.7,1200,1400,1600
Andhra Pradesh,Chittor,Vayalapadu APMC,Vegetables,Tomato,08-09-2025,76.6,1600,1800,2000
Andhra Pradesh,Chittor,Vayalapadu APMC,Vegetables,Tomato,10-09-2025,79,1400,1600,1680
Andhra Pradesh,Chittor,Vayalapadu APMC,Vegetables,Tomato,11-09-2025,78.58,1200,1400,1600
Andhra Pradesh,Chittor,Vayalapadu APMC,Vegetables,Tomato,12-09-2025,79.9,1400,1600,1800
Andhra Pradesh,Chittor,Vayalapadu APMC,Vegetables,Tomato,13-09-2025,80.75,1400,1600,1800
Andhra Pradesh,Chittor,Vayalapadu APMC,Vegetables,Tomato,14-09-2025,45.27,1200,1400,1600
Andhra Pradesh,Chittor,Vayalapadu APMC,Vegetables,Tomato,15-09-2025,79.92,1200,1400,1600
Andhra Pradesh,Chittor,Vayalapadu APMC,Vegetables,Tomato,16-09-2025,83.85,1200,1400,1600
Andhra Pradesh,Chittor,Vayalapadu APMC,Vegetables,Tomato,17-09-2025,84.5,1400,1600,1800
Andhra Pradesh,Chittor,Vayalapadu APMC,Vegetables,Tomato,18-09-2025,28.57,1800,2000,2200
Andhra Pradesh,Chittor,Vayalapadu APMC,Vegetables,Tomato,19-09-2025,49.92,2000,2200,2400
Andhra Pradesh,Chittor,Vayalapadu APMC,Vegetables,Tomato,20-09-2025,59.92,1800,2000,2200
Andhra Pradesh,Chittor,Vayalapadu APMC,Vegetables,Tomato,21-09-2025,42.4,2200,2400,2600
Andhra Pradesh,Chittor,Vayalapadu APMC,Vegetables,Tomato,22-09-2025,76.03,2400,2600,2800
Andhra Pradesh,Chittor,Vayalapadu APMC,Vegetables,Tomato,23-09-2025,77.05,3000,3200,3400
Andhra Pradesh,Chittor,Vayalapadu APMC,Vegetables,Tomato,24-09-2025,79.05,2200,2400,2600
Andhra Pradesh,Chittor,Vayalapadu APMC,Vegetables,Tomato,25-09-2025,76.55,1400,1600,1800
Andhra Pradesh,Chittor,Vayalapadu APMC,Vegetables,Tomato,26-09-2025,74.03,1800,2000,2200
Andhra Pradesh,Chittor,Vayalapadu APMC,Vegetables,Tomato,27-09-2025,85.97,1600,1800,2000
Andhra Pradesh,Chittor,Vayalapadu APMC,Vegetables,Tomato,28-09-2025,52.98,1600,1800,2000
Andhra Pradesh,Chittor,Vayalapadu APMC,Vegetables,Tomato,29-09-2025,85.05,1800,2000,2200
Andhra Pradesh,Chittor,Vayalapadu APMC,Vegetables,Tomato,30-09-2025,121.08,1200,1400,1600
Andhra Pradesh,Chittor,Vayalapadu APMC,Vegetables,Tomato,01-10-2025,113.83,1200,1400,1600
Andhra Pradesh,Chittor,Vayalapadu APMC,Vegetables,Tomato,02-10-2025,113.83,1200,1400,1600
Andhra Pradesh,Chittor,Vayalapadu APMC,Vegetables,Tomato,03-10-2025,117.33,1000,1200,1600
Andhra Pradesh,Chittor,Vayalapadu APMC,Vegetables,Tomato,04-10-2025,119.6,1600,1800,2000
Andhra Pradesh,Chittor,Vayalapadu APMC,Vegetables,Tomato,06-10-2025,119.9,1600,1800,2000
Andhra Pradesh,Chittor,Vayalapadu APMC,Vegetables,Tomato,07-10-2025,121.2,1600,1800,2000
Andhra Pradesh,Chittor,Vayalapadu APMC,Vegetables,Tomato,08-10-2025,124.8,1800,2000,2200
Andhra Pradesh,Chittor,Vayalapadu APMC,Vegetables,Tomato,09-10-2025,121.4,1600,1800,2000
Andhra Pradesh,Chittor,Vayalapadu APMC,Vegetables,Tomato,13-10-2025,124.42,1800,2000,2200
Andhra Pradesh,Chittor,Vayalapadu APMC,Vegetables,Tomato,14-10-2025,128.4,1600,1800,2000
Andhra Pradesh,Chittor,Vayalapadu APMC,Vegetables,Tomato,15-10-2025,131.4,1600,1800,2000
Andhra Pradesh,Chittor,Vayalapadu APMC,Vegetables,Tomato,16-10-2025,130.95,1600,1800,2000
Andhra Pradesh,Chittor,Vayalapadu APMC,Vegetables,Tomato,17-10-2025,131.8,1600,1800,1920
Andhra Pradesh,Chittor,Vayalapadu APMC,Vegetables,Tomato,18-10-2025,135.05,1600,1800,2000
Andhra Pradesh,Chittor,Vayalapadu APMC,Vegetables,Tomato,20-10-2025,136.13,1600,1800,1920
Andhra Pradesh,Chittor,Vayalapadu APMC,Vegetables,Tomato,21-10-2025,52.38,1600,1800,1920
Andhra Pradesh,Chittor,Vayalapadu APMC,Vegetables,Tomato,22-10-2025,30.02,2400,2600,2800
Andhra Pradesh,Chittor,Vayalapadu APMC,Vegetables,Tomato,23-10-2025,43.4,3600,3800,4000
Andhra Pradesh,Chittor,Vayalapadu APMC,Vegetables,Tomato,24-10-2025,61.85,1800,2000,2400
Andhra Pradesh,Chittor,Vayalapadu APMC,Vegetables,Tomato,25-10-2025,51.23,1800,2000,2200
Andhra Pradesh,Chittor,Vayalapadu APMC,Vegetables,Tomato,26-10-2025,40.65,1800,2000,2200
Andhra Pradesh,Chittor,Vayalapadu APMC,Vegetables,Tomato,27-10-2025,80.05,3600,3800,4000
Andhra Pradesh,Chittor,Vayalapadu APMC,Vegetables,Tomato,28-10-2025,70.75,2400,2600,3200
Andhra Pradesh,Chittor,Vayalapadu APMC,Vegetables,Tomato,29-10-2025,12.3,2200,2400,2800
Andhra Pradesh,Chittor,Vayalapadu APMC,Vegetables,Tomato,30-10-2025,79,1800,2000,2200
Andhra Pradesh,Chittor,Vayalapadu APMC,Vegetables,Tomato,31-10-2025,81.5,1600,1800,2000
Andhra Pradesh,Chittor,Vayalapadu APMC,Vegetables,Tomato,01-11-2025,82.33,1800,2000,2200
Andhra Pradesh,Chittor,Vayalapadu APMC,Vegetables,Tomato,02-11-2025,36.1,1800,2000,2200
Andhra Pradesh,Chittor,Vayalapadu APMC,Vegetables,Tomato,03-11-2025,71.55,2000,2200,2400
Andhra Pradesh,Chittor,Vayalapadu APMC,Vegetables,Tomato,04-11-2025,68.55,1800,2000,2200
Andhra Pradesh,Chittor,Vayalapadu APMC,Vegetables,Tomato,05-11-2025,69.4,2000,2200,2400
Andhra Pradesh,Chittor,Vayalapadu APMC,Vegetables,Tomato,06-11-2025,72.9,1600,1800,2000
Andhra Pradesh,Kurnool,Pattikonda APMC,Vegetables,Tomato,01-01-2023,0.1,800,900,1000
Andhra Pradesh,Kurnool,Pattikonda APMC,Vegetables,Tomato,02-01-2023,0.1,800,900,1000
Andhra Pradesh,Kurnool,Pattikonda APMC,Vegetables,Tomato,03-01-2023,0.1,800,900,1000
Andhra Pradesh,Kurnool,Pattikonda APMC,Vegetables,Tomato,04-01-2023,0.1,800,900,1000
Andhra Pradesh,Kurnool,Pattikonda APMC,Vegetables,Tomato,05-01-2023,0.1,800,900,1000
Andhra Pradesh,Kurnool,Pattikonda APMC,Vegetables,Tomato,06-01-2023,0.1,800,900,1000
Andhra Pradesh,Kurnool,Pattikonda APMC,Vegetables,Tomato,07-01-2023,0.1,800,900,1000
Andhra Pradesh,Kurnool,Pattikonda APMC,Vegetables,Tomato,08-01-2023,0.1,800,900,1000
Andhra Pradesh,Kurnool,Pattikonda APMC,Vegetables,Tomato,09-01-2023,0.1,800,900,1000
Andhra Pradesh,Kurnool,Pattikonda APMC,Vegetables,Tomato,10-01-2023,0.1,800,900,1000
Andhra Pradesh,Kurnool,Pattikonda APMC,Vegetables,Tomato,11-01-2023,0.1,800,900,1000
Andhra Pradesh,Kurnool,Pattikonda APMC,Vegetables,Tomato,12-01-2023,0.1,800,900,1000
Andhra Pradesh,Kurnool,Pattikonda APMC,Vegetables,Tomato,20-01-2023,0.1,1000,1500,2000
Andhra Pradesh,Kurnool,Pattikonda APMC,Vegetables,Tomato,21-01-2023,0.1,1000,1500,2000
Andhra Pradesh,Kurnool,Pattikonda APMC,Vegetables,Tomato,22-01-2023,0.1,1000,1500,2000
Andhra Pradesh,Kurnool,Pattikonda APMC,Vegetables,Tomato,23-01-2023,0.1,1000,1500,2000
Andhra Pradesh,Kurnool,Pattikonda APMC,Vegetables,Tomato,24-01-2023,0.1,1000,1500,2000
Andhra Pradesh,Kurnool,Pattikonda APMC,Vegetables,Tomato,25-01-2023,0.1,1000,1500,2000
Andhra Pradesh,Kurnool,Pattikonda APMC,Vegetables,Tomato,26-01-2023,0.1,1000,1500,2000
Andhra Pradesh,Kurnool,Pattikonda APMC,Vegetables,Tomato,27-01-2023,0.1,1000,1500,2000
Andhra Pradesh,Kurnool,Pattikonda APMC,Vegetables,Tomato,28-01-2023,0.1,1000,1500,2000
Andhra Pradesh,Kurnool,Pattikonda APMC,Vegetables,Tomato,29-01-2023,0.1,1000,1500,2000
Andhra Pradesh,Kurnool,Pattikonda APMC,Vegetables,Tomato,30-01-2023,0.1,1000,1500,2000
Andhra Pradesh,Kurnool,Pattikonda APMC,Vegetables,Tomato,31-01-2023,0.1,1000,1500,2000
Andhra Pradesh,Kurnool,Pattikonda APMC,Vegetables,Tomato,01-02-2023,0.1,1000,1500,2000
Andhra Pradesh,Kurnool,Pattikonda APMC,Vegetables,Tomato,02-02-2023,0.1,1000,1500,2000
Andhra Pradesh,Kurnool,Pattikonda APMC,Vegetables,Tomato,04-02-2023,0.1,1000,1500,2000
Andhra Pradesh,Kurnool,Pattikonda APMC,Vegetables,Tomato,05-02-2023,0.1,1000,1500,2000
Andhra Pradesh,Kurnool,Pattikonda APMC,Vegetables,Tomato,06-02-2023,0.1,1000,1500,2000
Andhra Pradesh,Kurnool,Pattikonda APMC,Vegetables,Tomato,07-02-2023,0.1,1000,1500,2000
Andhra Pradesh,Kurnool,Pattikonda APMC,Vegetables,Tomato,08-02-2023,0.1,1000,1500,2000
Andhra Pradesh,Kurnool,Pattikonda APMC,Vegetables,Tomato,09-02-2023,0.1,1000,1500,2000
Andhra Pradesh,Kurnool,Pattikonda APMC,Vegetables,Tomato,10-02-2023,0.1,1000,1500,2000
Andhra Pradesh,Kurnool,Pattikonda APMC,Vegetables,Tomato,11-02-2023,0.1,1000,1500,2000
Andhra Pradesh,Kurnool,Pattikonda APMC,Vegetables,Tomato,12-02-2023,0.1,1000,1500,2000
Andhra Pradesh,Kurnool,Pattikonda APMC,Vegetables,Tomato,14-02-2023,0.1,1000,1500,2000
Andhra Pradesh,Kurnool,Pattikonda APMC,Vegetables,Tomato,15-02-2023,0.1,1000,1500,2000
Andhra Pradesh,Kurnool,Pattikonda APMC,Vegetables,Tomato,16-02-2023,0.1,1000,1500,2000
Andhra Pradesh,Kurnool,Pattikonda APMC,Vegetables,Tomato,18-02-2023,0.1,1000,1500,2000
Andhra Pradesh,Kurnool,Pattikonda APMC,Vegetables,Tomato,19-02-2023,0.1,1000,1500,2000
Andhra Pradesh,Kurnool,Pattikonda APMC,Vegetables,Tomato,20-02-2023,0.1,1000,1500,2000
Andhra Pradesh,Kurnool,Pattikonda APMC,Vegetables,Tomato,21-02-2023,0.1,1000,1500,2000
Andhra Pradesh,Kurnool,Pattikonda APMC,Vegetables,Tomato,24-02-2023,0.1,1000,1500,2000
Andhra Pradesh,Kurnool,Pattikonda APMC,Vegetables,Tomato,25-02-2023,0.1,1000,1500,2000
Andhra Pradesh,Kurnool,Pattikonda APMC,Vegetables,Tomato,26-02-2023,0.1,1000,1500,2000
Andhra Pradesh,Kurnool,Pattikonda APMC,Vegetables,Tomato,27-02-2023,0.1,1000,1500,2000
Andhra Pradesh,Kurnool,Pattikonda APMC,Vegetables,Tomato,28-02-2023,0.1,1000,1500,2000
Andhra Pradesh,Kurnool,Pattikonda APMC,Vegetables,Tomato,01-03-2023,0.1,1000,1200,1500
Andhra Pradesh,Kurnool,Pattikonda APMC,Vegetables,Tomato,02-03-2023,0.1,1000,1500,2000
Andhra Pradesh,Kurnool,Pattikonda APMC,Vegetables,Tomato,03-03-2023,0.1,1000,1500,2000
Andhra Pradesh,Kurnool,Pattikonda APMC,Vegetables,Tomato,04-03-2023,0.1,1000,1500,2000
Andhra Pradesh,Kurnool,Pattikonda APMC,Vegetables,Tomato,05-03-2023,0.1,1000,1500,2000
Andhra Pradesh,Kurnool,Pattikonda APMC,Vegetables,Tomato,06-03-2023,0.1,1000,1500,2000
Andhra Pradesh,Kurnool,Pattikonda APMC,Vegetables,Tomato,07-03-2023,0.1,1000,1500,2000
Andhra Pradesh,Kurnool,Pattikonda APMC,Vegetables,Tomato,08-03-2023,0.1,1000,1500,2000
Andhra Pradesh,Kurnool,Pattikonda APMC,Vegetables,Tomato,09-03-2023,0.1,1000,1500,2000
Andhra Pradesh,Kurnool,Pattikonda APMC,Vegetables,Tomato,10-03-2023,0.1,1000,1500,2000
Andhra Pradesh,Kurnool,Pattikonda APMC,Vegetables,Tomato,11-03-2023,0.1,1000,1500,2000
Andhra Pradesh,Kurnool,Pattikonda APMC,Vegetables,Tomato,12-03-2023,0.1,1000,1500,2000
Andhra Pradesh,Kurnool,Pattikonda APMC,Vegetables,Tomato,13-03-2023,0.1,1000,1500,2000
Andhra Pradesh,Kurnool,Pattikonda APMC,Vegetables,Tomato,14-03-2023,0.1,1000,1500,2000
Andhra Pradesh,Kurnool,Pattikonda APMC,Vegetables,Tomato,15-03-2023,0.1,1000,1500,2000
Andhra Pradesh,Kurnool,Pattikonda APMC,Vegetables,Tomato,10-04-2023,0.1,1000,1200,1500
Andhra Pradesh,Kurnool,Pattikonda APMC,Vegetables,Tomato,11-04-2023,0.1,1000,1500,2000
Andhra Pradesh,Kurnool,Pattikonda APMC,Vegetables,Tomato,12-04-2023,0.1,1000,1500,2000
Andhra Pradesh,Kurnool,Pattikonda APMC,Vegetables,Tomato,13-04-2023,0.1,1000,1500,2000
Andhra Pradesh,Kurnool,Pattikonda APMC,Vegetables,Tomato,16-04-2023,0.1,1000,1500,2000
Andhra Pradesh,Kurnool,Pattikonda APMC,Vegetables,Tomato,17-04-2023,0.1,1000,1500,2000
Andhra Pradesh,Kurnool,Pattikonda APMC,Vegetables,Tomato,18-04-2023,0.1,1000,1500,2000
Andhra Pradesh,Kurnool,Pattikonda APMC,Vegetables,Tomato,19-04-2023,0.1,1000,1500,2000
Andhra Pradesh,Kurnool,Pattikonda APMC,Vegetables,Tomato,20-04-2023,0.1,1000,1200,1500
Andhra Pradesh,Kurnool,Pattikonda APMC,Vegetables,Tomato,22-04-2023,0.1,1000,1200,1800
Andhra Pradesh,Kurnool,Pattikonda APMC,Vegetables,Tomato,23-04-2023,0.1,1000,1500,2000
Andhra Pradesh,Kurnool,Pattikonda APMC,Vegetables,Tomato,24-04-2023,0.1,1000,1500,2000
Andhra Pradesh,Kurnool,Pattikonda APMC,Vegetables,Tomato,25-04-2023,0.1,1000,1500,2000
Andhra Pradesh,Kurnool,Pattikonda APMC,Vegetables,Tomato,26-04-2023,0.1,1000,1500,2000
Andhra Pradesh,Kurnool,Pattikonda APMC,Vegetables,Tomato,27-04-2023,0.1,1000,1500,2000
Andhra Pradesh,Kurnool,Pattikonda APMC,Vegetables,Tomato,28-04-2023,0.1,1000,1500,2000
Andhra Pradesh,Kurnool,Pattikonda APMC,Vegetables,Tomato,29-04-2023,0.1,1000,1200,1500
Andhra Pradesh,Kurnool,Pattikonda APMC,Vegetables,Tomato,30-04-2023,0.1,1000,1200,1500
Andhra Pradesh,Kurnool,Pattikonda APMC,Vegetables,Tomato,01-05-2023,0.1,1000,1200,1500
Andhra Pradesh,Kurnool,Pattikonda APMC,Vegetables,Tomato,02-05-2023,0.1,1000,1200,1500
Andhra Pradesh,Kurnool,Pattikonda APMC,Vegetables,Tomato,03-05-2023,0.1,1000,1200,1500
Andhra Pradesh,Kurnool,Pattikonda APMC,Vegetables,Tomato,04-05-2023,0.1,1000,1200,1500
Andhra Pradesh,Kurnool,Pattikonda APMC,Vegetables,Tomato,05-05-2023,0.1,1000,1200,1500
Andhra Pradesh,Kurnool,Pattikonda APMC,Vegetables,Tomato,26-05-2023,0.1,1000,1500,2000
Andhra Pradesh,Kurnool,Pattikonda APMC,Vegetables,Tomato,27-05-2023,0.1,1000,1500,2000
Andhra Pradesh,Kurnool,Pattikonda APMC,Vegetables,Tomato,28-05-2023,0.1,1500,1800,2000
Andhra Pradesh,Kurnool,Pattikonda APMC,Vegetables,Tomato,29-05-2023,0.1,1500,1800,2000
Andhra Pradesh,Kurnool,Pattikonda APMC,Vegetables,Tomato,30-05-2023,0.1,1000,1500,2000
Andhra Pradesh,Kurnool,Pattikonda APMC,Vegetables,Tomato,31-05-2023,0.1,1000,2000,3000
Andhra Pradesh,Kurnool,Pattikonda APMC,Vegetables,Tomato,03-06-2023,0.1,2000,2500,3000
Andhra Pradesh,Kurnool,Pattikonda APMC,Vegetables,Tomato,04-06-2023,0.1,2000,2500,3000
Andhra Pradesh,Kurnool,Pattikonda APMC,Vegetables,Tomato,05-06-2023,0.1,2000,2500,3000
Andhra Pradesh,Kurnool,Pattikonda APMC,Vegetables,Tomato,06-06-2023,0.1,2000,2500,3000
Andhra Pradesh,Kurnool,Pattikonda APMC,Vegetables,Tomato,07-06-2023,0.1,2000,2500,3000
Andhra Pradesh,Kurnool,Pattikonda APMC,Vegetables,Tomato,09-06-2023,0.1,5000,6000,6500
Andhra Pradesh,Kurnool,Pattikonda APMC,Vegetables,Tomato,10-06-2023,0.1,5000,5500,6000
Andhra Pradesh,Kurnool,Pattikonda APMC,Vegetables,Tomato,11-06-2023,0.1,5000,6000,7000
Andhra Pradesh,Kurnool,Pattikonda APMC,Vegetables,Tomato,12-06-2023,0.1,5000,6000,7000
Andhra Pradesh,Kurnool,Pattikonda APMC,Vegetables,Tomato,13-06-2023,0.1,3500,4500,5000
Andhra Pradesh,Kurnool,Pattikonda APMC,Vegetables,Tomato,14-06-2023,0.1,4000,4500,5000
Andhra Pradesh,Kurnool,Pattikonda APMC,Vegetables,Tomato,15-06-2023,0.1,4000,4500,5000
Andhra Pradesh,Kurnool,Pattikonda APMC,Vegetables,Tomato,16-06-2023,0.1,4000,5000,6000
Andhra Pradesh,Kurnool,Pattikonda APMC,Vegetables,Tomato,17-06-2023,0.1,4000,4500,5000
Andhra Pradesh,Kurnool,Pattikonda APMC,Vegetables,Tomato,18-06-2023,0.1,4000,4500,5000
Andhra Pradesh,Kurnool,Pattikonda APMC,Vegetables,Tomato,19-06-2023,0.1,4000,4500,5000
Andhra Pradesh,Kurnool,Pattikonda APMC,Vegetables,Tomato,20-06-2023,0.1,4000,4500,5000
Andhra Pradesh,Kurnool,Pattikonda APMC,Vegetables,Tomato,21-06-2023,0.1,4000,4500,5000
Andhra Pradesh,Kurnool,Pattikonda APMC,Vegetables,Tomato,22-06-2023,0.1,4000,4500,5000
Andhra Pradesh,Kurnool,Pattikonda APMC,Vegetables,Tomato,23-06-2023,0.1,4000,4500,5000
Andhra Pradesh,Kurnool,Pattikonda APMC,Vegetables,Tomato,24-06-2023,0.1,4000,4500,5000
Andhra Pradesh,Kurnool,Pattikonda APMC,Vegetables,Tomato,25-06-2023,0.1,4000,4500,5000
Andhra Pradesh,Kurnool,Pattikonda APMC,Vegetables,Tomato,26-06-2023,0.1,4000,4500,5000
Andhra Pradesh,Kurnool,Pattikonda APMC,Vegetables,Tomato,27-06-2023,0.1,5000,5500,6000
Andhra Pradesh,Kurnool,Pattikonda APMC,Vegetables,Tomato,29-12-2023,0.1,1300,1400,1700
Andhra Pradesh,Kurnool,Pattikonda APMC,Vegetables,Tomato,30-12-2023,0.1,1300,1400,1700
Andhra Pradesh,Kurnool,Pattikonda APMC,Vegetables,Tomato,01-01-2024,0.1,1300,1500,1700
Andhra Pradesh,Kurnool,Pattikonda APMC,Vegetables,Tomato,02-01-2024,0.1,1300,1500,1700
Andhra Pradesh,Kurnool,Pattikonda APMC,Vegetables,Tomato,03-01-2024,0.1,1300,1400,1700
Andhra Pradesh,Kurnool,Pattikonda APMC,Vegetables,Tomato,04-01-2024,0.1,1300,1500,1700
Andhra Pradesh,Kurnool,Pattikonda APMC,Vegetables,Tomato,05-01-2024,0.1,1400,1500,1800
Andhra Pradesh,Kurnool,Pattikonda APMC,Vegetables,Tomato,06-01-2024,0.1,1400,1500,1800
Andhra Pradesh,Kurnool,Pattikonda APMC,Vegetables,Tomato,07-01-2024,0.1,1400,1500,1800
Andhra Pradesh,Kurnool,Pattikonda APMC,Vegetables,Tomato,08-01-2024,0.1,1400,1500,1700
Andhra Pradesh,Kurnool,Pattikonda APMC,Vegetables,Tomato,09-01-2024,0.1,1400,1600,1800
Andhra Pradesh,Kurnool,Pattikonda APMC,Vegetables,Tomato,10-01-2024,0.1,1000,1400,1700
Andhra Pradesh,Kurnool,Pattikonda APMC,Vegetables,Tomato,11-01-2024,0.1,1400,1700,1800
Andhra Pradesh,Kurnool,Pattikonda APMC,Vegetables,Tomato,12-01-2024,0.1,1000,1400,1600
Andhra Pradesh,Kurnool,Pattikonda APMC,Vegetables,Tomato,16-01-2024,0.1,1000,1400,1600
Andhra Pradesh,Kurnool,Pattikonda APMC,Vegetables,Tomato,17-01-2024,0.1,1000,1400,1600
Andhra Pradesh,Kurnool,Pattikonda APMC,Vegetables,Tomato,18-01-2024,0.1,1100,1300,1600
Andhra Pradesh,Kurnool,Pattikonda APMC,Vegetables,Tomato,19-01-2024,0.1,1000,1400,1600
Andhra Pradesh,Kurnool,Pattikonda APMC,Vegetables,Tomato,20-01-2024,0.1,1000,1400,1600
Andhra Pradesh,Kurnool,Pattikonda APMC,Vegetables,Tomato,21-01-2024,0.1,1000,1400,1600
Andhra Pradesh,Kurnool,Pattikonda APMC,Vegetables,Tomato,22-01-2024,0.1,1000,1400,1600
Andhra Pradesh,Kurnool,Pattikonda APMC,Vegetables,Tomato,23-01-2024,0.1,1000,1400,1600
Andhra Pradesh,Kurnool,Pattikonda APMC,Vegetables,Tomato,24-01-2024,0.1,1000,1300,1600
Andhra Pradesh,Kurnool,Pattikonda APMC,Vegetables,Tomato,25-01-2024,0.1,1000,1400,1600
Andhra Pradesh,Kurnool,Pattikonda APMC,Vegetables,Tomato,26-01-2024,0.1,1200,1400,1600
Andhra Pradesh,Kurnool,Pattikonda APMC,Vegetables,Tomato,27-01-2024,0.1,1000,1400,1600
Andhra Pradesh,Kurnool,Pattikonda APMC,Vegetables,Tomato,28-01-2024,0.1,1000,1400,1600
Andhra Pradesh,Kurnool,Pattikonda APMC,Vegetables,Tomato,29-01-2024,0.1,1000,1400,1600
Andhra Pradesh,Kurnool,Pattikonda APMC,Vegetables,Tomato,30-01-2024,0.1,1200,1600,2000
Andhra Pradesh,Kurnool,Pattikonda APMC,Vegetables,Tomato,31-01-2024,0.1,1400,1600,2000
Andhra Pradesh,Kurnool,Pattikonda APMC,Vegetables,Tomato,01-02-2024,0.1,1000,1500,2000
Andhra Pradesh,Kurnool,Pattikonda APMC,Vegetables,Tomato,02-02-2024,0.1,1400,1600,2000
Andhra Pradesh,Kurnool,Pattikonda APMC,Vegetables,Tomato,03-02-2024,0.1,1500,1800,2200
Andhra Pradesh,Kurnool,Pattikonda APMC,Vegetables,Tomato,04-02-2024,0.1,1400,1800,2000
Andhra Pradesh,Kurnool,Pattikonda APMC,Vegetables,Tomato,05-02-2024,0.1,1600,1800,2200
Andhra Pradesh,Kurnool,Pattikonda APMC,Vegetables,Tomato,06-02-2024,0.1,1600,1800,2100
Andhra Pradesh,Kurnool,Pattikonda APMC,Vegetables,Tomato,07-02-2024,0.1,1400,1500,2100
Andhra Pradesh,Kurnool,Pattikonda APMC,Vegetables,Tomato,08-02-2024,0.1,1500,1800,2000
Andhra Pradesh,Kurnool,Pattikonda APMC,Vegetables,Tomato,09-02-2024,0.1,1400,1700,2100
Andhra Pradesh,Kurnool,Pattikonda APMC,Vegetables,Tomato,10-02-2024,0.1,1400,1600,2100
Andhra Pradesh,Kurnool,Pattikonda APMC,Vegetables,Tomato,11-02-2024,0.1,1400,1600,2000
Andhra Pradesh,Kurnool,Pattikonda APMC,Vegetables,Tomato,12-02-2024,0.1,1400,1600,2000
Andhra Pradesh,Kurnool,Pattikonda APMC,Vegetables,Tomato,13-02-2024,0.1,900,1200,1500
Andhra Pradesh,Kurnool,Pattikonda APMC,Vegetables,Tomato,14-02-2024,0.1,900,1000,1500
Andhra Pradesh,Kurnool,Pattikonda APMC,Vegetables,Tomato,15-02-2024,0.1,700,1000,1200
Andhra Pradesh,Kurnool,Pattikonda APMC,Vegetables,Tomato,16-02-2024,0.1,700,900,1100
Andhra Pradesh,Kurnool,Pattikonda APMC,Vegetables,Tomato,17-02-2024,0.1,900,1200,1400
Andhra Pradesh,Kurnool,Pattikonda APMC,Vegetables,Tomato,18-02-2024,0.1,900,1400,1600
Andhra Pradesh,Kurnool,Pattikonda APMC,Vegetables,Tomato,19-02-2024,0.1,900,1100,1500
Andhra Pradesh,Kurnool,Pattikonda APMC,Vegetables,Tomato,20-02-2024,0.1,900,1100,1500
Andhra Pradesh,Kurnool,Pattikonda APMC,Vegetables,Tomato,21-02-2024,0.1,800,1000,1300
Andhra Pradesh,Kurnool,Pattikonda APMC,Vegetables,Tomato,22-02-2024,0.1,800,1200,1400
Andhra Pradesh,Kurnool,Pattikonda APMC,Vegetables,Tomato,23-02-2024,0.1,800,1100,1300
Andhra Pradesh,Kurnool,Pattikonda APMC,Vegetables,Tomato,24-02-2024,0.1,800,1000,1200
Andhra Pradesh,Kurnool,Pattikonda APMC,Vegetables,Tomato,25-02-2024,0.1,700,900,1200
Andhra Pradesh,Kurnool,Pattikonda APMC,Vegetables,Tomato,26-02-2024,0.1,700,1100,1300
Andhra Pradesh,Kurnool,Pattikonda APMC,Vegetables,Tomato,27-02-2024,0.1,700,1000,1200
Andhra Pradesh,Kurnool,Pattikonda APMC,Vegetables,Tomato,28-02-2024,0.1,600,800,1000
Andhra Pradesh,Kurnool,Pattikonda APMC,Vegetables,Tomato,29-02-2024,0.1,1000,1200,1500
Andhra Pradesh,Kurnool,Pattikonda APMC,Vegetables,Tomato,01-03-2024,0.1,800,1200,1500
Andhra Pradesh,Kurnool,Pattikonda APMC,Vegetables,Tomato,02-03-2024,0.1,1400,1600,2000
Andhra Pradesh,Kurnool,Pattikonda APMC,Vegetables,Tomato,03-03-2024,0.1,1200,1500,2000
Andhra Pradesh,Kurnool,Pattikonda APMC,Vegetables,Tomato,04-03-2024,0.1,1000,1500,2000
Andhra Pradesh,Kurnool,Pattikonda APMC,Vegetables,Tomato,05-03-2024,0.1,1500,1700,2000
Andhra Pradesh,Kurnool,Pattikonda APMC,Vegetables,Tomato,06-03-2024,0.1,1500,1700,2000
Andhra Pradesh,Kurnool,Pattikonda APMC,Vegetables,Tomato,07-03-2024,0.1,1000,1500,1800
Andhra Pradesh,Kurnool,Pattikonda APMC,Vegetables,Tomato,08-03-2024,0.1,1200,1400,1800
Andhra Pradesh,Kurnool,Pattikonda APMC,Vegetables,Tomato,09-03-2024,0.1,1000,1400,1600
Andhra Pradesh,Kurnool,Pattikonda APMC,Vegetables,Tomato,10-03-2024,0.1,1200,1600,2000
Andhra Pradesh,Kurnool,Pattikonda APMC,Vegetables,Tomato,11-03-2024,0.1,1200,1400,1800
Andhra Pradesh,Kurnool,Pattikonda APMC,Vegetables,Tomato,12-03-2024,0.1,1500,1700,2000
Andhra Pradesh,Kurnool,Pattikonda APMC,Vegetables,Tomato,13-03-2024,0.1,1000,1200,1500
Andhra Pradesh,Kurnool,Pattikonda APMC,Vegetables,Tomato,14-03-2024,0.1,1000,1200,1500
Andhra Pradesh,Kurnool,Pattikonda APMC,Vegetables,Tomato,15-03-2024,0.1,1000,1200,1500
Andhra Pradesh,Kurnool,Pattikonda APMC,Vegetables,Tomato,16-03-2024,0.1,1000,1200,1500
Andhra Pradesh,Kurnool,Pattikonda APMC,Vegetables,Tomato,17-03-2024,0.1,1000,1200,1500
Andhra Pradesh,Kurnool,Pattikonda APMC,Vegetables,Tomato,18-03-2024,0.1,1000,1200,1500
Andhra Pradesh,Kurnool,Pattikonda APMC,Vegetables,Tomato,19-03-2024,0.1,1000,1200,1500
Andhra Pradesh,Kurnool,Pattikonda APMC,Vegetables,Tomato,20-03-2024,0.1,1500,2000,2500
Andhra Pradesh,Kurnool,Pattikonda APMC,Vegetables,Tomato,21-03-2024,0.1,1500,2000,2500
Andhra Pradesh,Kurnool,Pattikonda APMC,Vegetables,Tomato,22-03-2024,0.1,1500,2000,2500
Andhra Pradesh,Kurnool,Pattikonda APMC,Vegetables,Tomato,23-03-2024,0.1,1000,1200,1500
Andhra Pradesh,Kurnool,Pattikonda APMC,Vegetables,Tomato,02-04-2024,0.1,2000,2500,3000
Andhra Pradesh,Kurnool,Pattikonda APMC,Vegetables,Tomato,03-04-2024,0.1,2000,2500,3000
Andhra Pradesh,Kurnool,Pattikonda APMC,Vegetables,Tomato,12-04-2024,0.1,1000,1500,2000
Andhra Pradesh,Kurnool,Pattikonda APMC,Vegetables,Tomato,13-04-2024,0.1,2000,2500,3000
Andhra Pradesh,Kurnool,Pattikonda APMC,Vegetables,Tomato,14-04-2024,0.1,2000,2500,3000
Andhra Pradesh,Kurnool,Pattikonda APMC,Vegetables,Tomato,15-04-2024,0.1,2000,2500,3000
Andhra Pradesh,Kurnool,Pattikonda APMC,Vegetables,Tomato,16-04-2024,0.1,2000,2500,3000
Andhra Pradesh,Kurnool,Pattikonda APMC,Vegetables,Tomato,17-04-2024,0.1,2000,2500,3000
Andhra Pradesh,Kurnool,Pattikonda APMC,Vegetables,Tomato,18-04-2024,0.1,2000,2500,3000
Andhra Pradesh,Kurnool,Pattikonda APMC,Vegetables,Tomato,19-04-2024,0.1,2000,2500,3000
Andhra Pradesh,Kurnool,Pattikonda APMC,Vegetables,Tomato,20-04-2024,0.1,2000,2500,3000
Andhra Pradesh,Kurnool,Pattikonda APMC,Vegetables,Tomato,21-04-2024,0.1,2000,2500,3000
Andhra Pradesh,Kurnool,Pattikonda APMC,Vegetables,Tomato,22-04-2024,0.1,2000,2500,3000
Andhra Pradesh,Kurnool,Pattikonda APMC,Vegetables,Tomato,23-04-2024,0.1,2000,2500,3000
Andhra Pradesh,Kurnool,Pattikonda APMC,Vegetables,Tomato,26-04-2024,0.1,2000,2500,3000
Andhra Pradesh,Kurnool,Pattikonda APMC,Vegetables,Tomato,27-04-2024,0.1,2000,2500,3000
Andhra Pradesh,Kurnool,Pattikonda APMC,Vegetables,Tomato,28-04-2024,0.1,2000,2500,3000
Andhra Pradesh,Kurnool,Pattikonda APMC,Vegetables,Tomato,29-04-2024,0.1,2000,2500,3000
Andhra Pradesh,Kurnool,Pattikonda APMC,Vegetables,Tomato,30-04-2024,0.1,2000,2300,2500
Andhra Pradesh,Kurnool,Pattikonda APMC,Vegetables,Tomato,01-05-2024,0.1,2000,2500,3000
Andhra Pradesh,Kurnool,Pattikonda APMC,Vegetables,Tomato,02-05-2024,0.1,5400,5500,5600
Andhra Pradesh,Kurnool,Pattikonda APMC,Vegetables,Tomato,03-05-2024,0.1,2000,2500,3000
Andhra Pradesh,Kurnool,Pattikonda APMC,Vegetables,Tomato,04-05-2024,0.1,2000,2400,2500
Andhra Pradesh,Kurnool,Pattikonda APMC,Vegetables,Tomato,05-05-2024,0.1,2000,2500,3000
Andhra Pradesh,Kurnool,Pattikonda APMC,Vegetables,Tomato,06-05-2024,0.1,2000,2500,3000
Andhra Pradesh,Kurnool,Pattikonda APMC,Vegetables,Tomato,07-05-2024,0.1,2000,2500,3000
Andhra Pradesh,Kurnool,Pattikonda APMC,Vegetables,Tomato,09-05-2024,0.1,2000,2500,3000
Andhra Pradesh,Kurnool,Pattikonda APMC,Vegetables,Tomato,10-05-2024,0.1,2000,2500,3000
Andhra Pradesh,Kurnool,Pattikonda APMC,Vegetables,Tomato,13-05-2024,0.1,2000,2500,3000
Andhra Pradesh,Kurnool,Pattikonda APMC,Vegetables,Tomato,14-05-2024,0.1,2000,2500,3000
Andhra Pradesh,Kurnool,Pattikonda APMC,Vegetables,Tomato,15-05-2024,0.1,2000,2500,3000
Andhra Pradesh,Kurnool,Pattikonda APMC,Vegetables,Tomato,16-05-2024,0.1,2000,2500,3000
Andhra Pradesh,Kurnool,Pattikonda APMC,Vegetables,Tomato,17-05-2024,0.1,2000,2500,3000
Andhra Pradesh,Kurnool,Pattikonda APMC,Vegetables,Tomato,18-05-2024,0.1,2500,2800,3000
Andhra Pradesh,Kurnool,Pattikonda APMC,Vegetables,Tomato,19-05-2024,0.1,2500,2800,3000
Andhra Pradesh,Kurnool,Pattikonda APMC,Vegetables,Tomato,20-05-2024,0.1,2500,2800,3000
Andhra Pradesh,Kurnool,Pattikonda APMC,Vegetables,Tomato,21-05-2024,0.1,2500,2800,3000
Andhra Pradesh,Kurnool,Pattikonda APMC,Vegetables,Tomato,22-05-2024,0.1,2500,2800,3000
Andhra Pradesh,Kurnool,Pattikonda APMC,Vegetables,Tomato,23-05-2024,0.1,2500,2800,3000
Andhra Pradesh,Kurnool,Pattikonda APMC,Vegetables,Tomato,24-05-2024,0.1,2800,3400,3500
Andhra Pradesh,Kurnool,Pattikonda APMC,Vegetables,Tomato,25-05-2024,0.1,3000,3300,3500
Andhra Pradesh,Kurnool,Pattikonda APMC,Vegetables,Tomato,26-05-2024,0.1,3200,3400,3500
Andhra Pradesh,Kurnool,Pattikonda APMC,Vegetables,Tomato,27-05-2024,0.1,3000,3400,3540
Andhra Pradesh,Kurnool,Pattikonda APMC,Vegetables,Tomato,28-05-2024,0.1,3500,3800,4000
Andhra Pradesh,Kurnool,Pattikonda APMC,Vegetables,Tomato,29-05-2024,0.1,3000,3200,3500
Andhra Pradesh,Kurnool,Pattikonda APMC,Vegetables,Tomato,30-05-2024,0.1,3000,3400,3500
Andhra Pradesh,Kurnool,Pattikonda APMC,Vegetables,Tomato,31-05-2024,0.1,3000,3200,3500
Andhra Pradesh,Kurnool,Pattikonda APMC,Vegetables,Tomato,01-06-2024,0.1,3500,3700,4000
Andhra Pradesh,Kurnool,Pattikonda APMC,Vegetables,Tomato,02-06-2024,0.1,3500,3700,4000
Andhra Pradesh,Kurnool,Pattikonda APMC,Vegetables,Tomato,03-06-2024,0.1,3000,3500,4000
Andhra Pradesh,Kurnool,Pattikonda APMC,Vegetables,Tomato,13-06-2024,0.1,5000,5500,6000
Andhra Pradesh,Kurnool,Pattikonda APMC,Vegetables,Tomato,14-06-2024,0.1,5000,5500,6000
Andhra Pradesh,Kurnool,Pattikonda APMC,Vegetables,Tomato,15-06-2024,0.1,5000,5500,6000
Andhra Pradesh,Kurnool,Pattikonda APMC,Vegetables,Tomato,19-06-2024,0.1,5000,5200,5500
Andhra Pradesh,Kurnool,Pattikonda APMC,Vegetables,Tomato,20-06-2024,0.1,5000,5300,5500
Andhra Pradesh,Kurnool,Pattikonda APMC,Vegetables,Tomato,22-06-2024,0.1,5000,5500,6000
Andhra Pradesh,Kurnool,Pattikonda APMC,Vegetables,Tomato,23-06-2024,0.1,5500,5800,6000
Andhra Pradesh,Kurnool,Pattikonda APMC,Vegetables,Tomato,24-06-2024,0.1,5500,5800,6000
Andhra Pradesh,Kurnool,Pattikonda APMC,Vegetables,Tomato,25-06-2024,0.1,5500,5800,6000
Andhra Pradesh,Kurnool,Pattikonda APMC,Vegetables,Tomato,26-06-2024,0.1,5500,5800,6000
Andhra Pradesh,Kurnool,Pattikonda APMC,Vegetables,Tomato,28-06-2024,0.1,5000,5400,6000
Andhra Pradesh,Kurnool,Pattikonda APMC,Vegetables,Tomato,29-06-2024,0.1,4500,4800,5000
Andhra Pradesh,Kurnool,Pattikonda APMC,Vegetables,Tomato,30-06-2024,0.1,4500,4800,5000
Andhra Pradesh,Kurnool,Pattikonda APMC,Vegetables,Tomato,01-07-2024,0.1,4500,4800,5000
Andhra Pradesh,Kurnool,Pattikonda APMC,Vegetables,Tomato,02-07-2024,0.1,4500,4800,5000
Andhra Pradesh,Kurnool,Pattikonda APMC,Vegetables,Tomato,03-07-2024,0.1,4500,4800,5000
Andhra Pradesh,Kurnool,Pattikonda APMC,Vegetables,Tomato,04-07-2024,0.1,4500,4800,5000
Andhra Pradesh,Kurnool,Pattikonda APMC,Vegetables,Tomato,05-07-2024,0.1,4500,4800,5000
Andhra Pradesh,Kurnool,Pattikonda APMC,Vegetables,Tomato,06-07-2024,0.1,4500,4800,5000
Andhra Pradesh,Kurnool,Pattikonda APMC,Vegetables,Tomato,07-07-2024,0.1,3500,3800,4000
Andhra Pradesh,Kurnool,Pattikonda APMC,Vegetables,Tomato,08-07-2024,0.1,3500,3800,4000
Andhra Pradesh,Kurnool,Pattikonda APMC,Vegetables,Tomato,09-07-2024,0.1,3500,3800,4000
Andhra Pradesh,Kurnool,Pattikonda APMC,Vegetables,Tomato,10-07-2024,0.1,3500,3800,4000
Andhra Pradesh,Kurnool,Pattikonda APMC,Vegetables,Tomato,11-07-2024,0.1,3500,3800,4000
Andhra Pradesh,Kurnool,Pattikonda APMC,Vegetables,Tomato,12-07-2024,0.1,3500,3800,4000
Andhra Pradesh,Kurnool,Pattikonda APMC,Vegetables,Tomato,13-07-2024,0.1,3500,3800,4000
Andhra Pradesh,Kurnool,Pattikonda APMC,Vegetables,Tomato,14-07-2024,0.1,3000,3500,4000
Andhra Pradesh,Kurnool,Pattikonda APMC,Vegetables,Tomato,15-07-2024,0.1,3000,3500,4000
Andhra Pradesh,Kurnool,Pattikonda APMC,Vegetables,Tomato,16-07-2024,0.1,3500,3800,4000
Andhra Pradesh,Kurnool,Pattikonda APMC,Vegetables,Tomato,19-07-2024,0.1,6000,6500,7000
Andhra Pradesh,Kurnool,Pattikonda APMC,Vegetables,Tomato,20-07-2024,0.1,6000,6500,7000
Andhra Pradesh,Kurnool,Pattikonda APMC,Vegetables,Tomato,21-07-2024,0.1,7500,7800,8000
Andhra Pradesh,Kurnool,Pattikonda APMC,Vegetables,Tomato,22-07-2024,0.1,7000,7500,8000
Andhra Pradesh,Kurnool,Pattikonda APMC,Vegetables,Tomato,23-07-2024,0.1,7500,7800,8000
Andhra Pradesh,Kurnool,Pattikonda APMC,Vegetables,Tomato,24-07-2024,0.1,7500,7800,8000
Andhra Pradesh,Kurnool,Pattikonda APMC,Vegetables,Tomato,29-07-2024,0.1,7500,7800,8000
Andhra Pradesh,Kurnool,Pattikonda APMC,Vegetables,Tomato,30-07-2024,0.1,7500,7800,8000
Andhra Pradesh,Kurnool,Pattikonda APMC,Vegetables,Tomato,31-07-2024,0.1,7500,7800,8000
Andhra Pradesh,Kurnool,Pattikonda APMC,Vegetables,Tomato,03-08-2024,0.1,3500,3800,4000
Andhra Pradesh,Kurnool,Pattikonda APMC,Vegetables,Tomato,04-08-2024,0.1,3500,3800,4000
Andhra Pradesh,Kurnool,Pattikonda APMC,Vegetables,Tomato,05-08-2024,0.1,3500,3800,4000
Andhra Pradesh,Kurnool,Pattikonda APMC,Vegetables,Tomato,06-08-2024,0.1,2500,2800,3000
Andhra Pradesh,Kurnool,Pattikonda APMC,Vegetables,Tomato,07-08-2024,0.1,2500,2800,3000
Andhra Pradesh,Kurnool,Pattikonda APMC,Vegetables,Tomato,08-08-2024,0.1,2500,2800,3000
Andhra Pradesh,Kurnool,Pattikonda APMC,Vegetables,Tomato,09-08-2024,0.1,2500,2800,3000
Andhra Pradesh,Kurnool,Pattikonda APMC,Vegetables,Tomato,11-08-2024,0.1,2500,2800,3000
Andhra Pradesh,Kurnool,Pattikonda APMC,Vegetables,Tomato,12-08-2024,0.1,2500,2800,3000
Andhra Pradesh,Kurnool,Pattikonda APMC,Vegetables,Tomato,14-08-2024,0.1,2500,2800,3000
Andhra Pradesh,Kurnool,Pattikonda APMC,Vegetables,Tomato,27-08-2024,0.1,1500,1800,2000
Andhra Pradesh,Kurnool,Pattikonda APMC,Vegetables,Tomato,28-08-2024,0.1,1500,1800,2000
Andhra Pradesh,Kurnool,Pattikonda APMC,Vegetables,Tomato,29-08-2024,0.1,1200,1400,1500
Andhra Pradesh,Kurnool,Pattikonda APMC,Vegetables,Tomato,30-08-2024,0.1,1500,1800,2000
Andhra Pradesh,Kurnool,Pattikonda APMC,Vegetables,Tomato,31-08-2024,0.1,1000,1200,1500
Andhra Pradesh,Kurnool,Pattikonda APMC,Vegetables,Tomato,03-09-2024,0.1,1500,1800,2000
Andhra Pradesh,Kurnool,Pattikonda APMC,Vegetables,Tomato,04-09-2024,0.1,1500,1800,2000
Andhra Pradesh,Kurnool,Pattikonda APMC,Vegetables,Tomato,05-09-2024,0.1,1500,1800,2000
Andhra Pradesh,Kurnool,Pattikonda APMC,Vegetables,Tomato,06-09-2024,0.1,2000,2300,2500
Andhra Pradesh,Kurnool,Pattikonda APMC,Vegetables,Tomato,07-09-2024,0.1,2000,2300,2500
Andhra Pradesh,Kurnool,Pattikonda APMC,Vegetables,Tomato,08-09-2024,0.1,2000,2300,2500
Andhra Pradesh,Kurnool,Pattikonda APMC,Vegetables,Tomato,09-09-2024,0.1,2000,2300,2500
Andhra Pradesh,Kurnool,Pattikonda APMC,Vegetables,Tomato,10-09-2024,0.1,2000,2300,2500
Andhra Pradesh,Kurnool,Pattikonda APMC,Vegetables,Tomato,11-09-2024,0.1,2000,2300,2500
Andhra Pradesh,Kurnool,Pattikonda APMC,Vegetables,Tomato,12-09-2024,0.1,2000,2300,2500
Andhra Pradesh,Kurnool,Pattikonda APMC,Vegetables,Tomato,13-09-2024,0.1,2500,2800,3000
Andhra Pradesh,Kurnool,Pattikonda APMC,Vegetables,Tomato,16-09-2024,0.1,2500,2600,2800
Andhra Pradesh,Kurnool,Pattikonda APMC,Vegetables,Tomato,17-09-2024,0.1,2500,2800,3000
Andhra Pradesh,Kurnool,Pattikonda APMC,Vegetables,Tomato,18-09-2024,0.1,2500,2800,3000
Andhra Pradesh,Kurnool,Pattikonda APMC,Vegetables,Tomato,19-09-2024,0.1,2500,2800,3000
Andhra Pradesh,Kurnool,Pattikonda APMC,Vegetables,Tomato,20-09-2024,0.1,2500,2800,3000
Andhra Pradesh,Kurnool,Pattikonda APMC,Vegetables,Tomato,22-09-2024,0.1,2500,2800,3000
Andhra Pradesh,Kurnool,Pattikonda APMC,Vegetables,Tomato,23-09-2024,0.1,2500,2800,3000
Andhra Pradesh,Kurnool,Pattikonda APMC,Vegetables,Tomato,25-09-2024,0.1,2500,2800,3000
Andhra Pradesh,Kurnool,Pattikonda APMC,Vegetables,Tomato,26-09-2024,0.1,3000,3200,3500
Andhra Pradesh,Kurnool,Pattikonda APMC,Vegetables,Tomato,27-09-2024,0.1,3500,3800,4000
Andhra Pradesh,Kurnool,Pattikonda APMC,Vegetables,Tomato,28-09-2024,0.1,3000,3200,3500
Andhra Pradesh,Kurnool,Pattikonda APMC,Vegetables,Tomato,29-09-2024,0.1,3200,3300,3500
Andhra Pradesh,Kurnool,Pattikonda APMC,Vegetables,Tomato,30-09-2024,0.1,3000,3200,3500
Andhra Pradesh,Kurnool,Pattikonda APMC,Vegetables,Tomato,01-10-2024,0.1,3000,3200,3500
Andhra Pradesh,Kurnool,Pattikonda APMC,Vegetables,Tomato,02-10-2024,0.1,4500,5000,5500
Andhra Pradesh,Kurnool,Pattikonda APMC,Vegetables,Tomato,03-10-2024,0.1,5000,5200,5500
Andhra Pradesh,Kurnool,Pattikonda APMC,Vegetables,Tomato,04-10-2024,0.1,5500,6000,6500
Andhra Pradesh,Kurnool,Pattikonda APMC,Vegetables,Tomato,05-10-2024,0.1,6000,6500,7000
Andhra Pradesh,Kurnool,Pattikonda APMC,Vegetables,Tomato,06-10-2024,0.1,5500,5800,6000
Andhra Pradesh,Kurnool,Pattikonda APMC,Vegetables,Tomato,07-10-2024,0.1,5000,5500,6000
Andhra Pradesh,Kurnool,Pattikonda APMC,Vegetables,Tomato,15-10-2024,0.1,2500,2800,3000
Andhra Pradesh,Kurnool,Pattikonda APMC,Vegetables,Tomato,16-10-2024,0.1,2500,2800,3000
Andhra Pradesh,Kurnool,Pattikonda APMC,Vegetables,Tomato,17-10-2024,0.1,3500,3800,4000
Andhra Pradesh,Kurnool,Pattikonda APMC,Vegetables,Tomato,18-10-2024,0.1,3000,3500,4000
Andhra Pradesh,Kurnool,Pattikonda APMC,Vegetables,Tomato,19-10-2024,0.1,3000,3400,3500
Andhra Pradesh,Kurnool,Pattikonda APMC,Vegetables,Tomato,20-10-2024,0.1,3000,3200,3500
Andhra Pradesh,Kurnool,Pattikonda APMC,Vegetables,Tomato,21-10-2024,0.1,3500,3800,4000
Andhra Pradesh,Kurnool,Pattikonda APMC,Vegetables,Tomato,22-10-2024,0.1,3500,3800,4000
Andhra Pradesh,Kurnool,Pattikonda APMC,Vegetables,Tomato,23-10-2024,0.1,3000,3200,3500
Andhra Pradesh,Kurnool,Pattikonda APMC,Vegetables,Tomato,24-10-2024,0.1,3000,3200,3500
Andhra Pradesh,Kurnool,Pattikonda APMC,Vegetables,Tomato,25-10-2024,0.1,3200,3400,3500
Andhra Pradesh,Kurnool,Pattikonda APMC,Vegetables,Tomato,26-10-2024,0.1,2500,2800,3200
Andhra Pradesh,Kurnool,Pattikonda APMC,Vegetables,Tomato,27-10-2024,0.1,2500,3000,3500
Andhra Pradesh,Kurnool,Pattikonda APMC,Vegetables,Tomato,28-10-2024,0.1,2500,3000,3500
Andhra Pradesh,Kurnool,Pattikonda APMC,Vegetables,Tomato,29-10-2024,0.1,2500,2800,3000
Andhra Pradesh,Kurnool,Pattikonda APMC,Vegetables,Tomato,30-10-2024,0.1,2000,2500,3000
Andhra Pradesh,Kurnool,Pattikonda APMC,Vegetables,Tomato,01-11-2024,0.1,2500,2800,3000
Andhra Pradesh,Kurnool,Pattikonda APMC,Vegetables,Tomato,02-11-2024,0.1,2500,2800,3000
Andhra Pradesh,Kurnool,Pattikonda APMC,Vegetables,Tomato,03-11-2024,0.1,2500,2800,3000
Andhra Pradesh,Kurnool,Pattikonda APMC,Vegetables,Tomato,04-11-2024,0.1,2000,2500,3000
Andhra Pradesh,Kurnool,Pattikonda APMC,Vegetables,Tomato,05-11-2024,0.1,2500,2800,3000
Andhra Pradesh,Kurnool,Pattikonda APMC,Vegetables,Tomato,06-11-2024,0.1,2500,2800,3000
Andhra Pradesh,Kurnool,Pattikonda APMC,Vegetables,Tomato,08-11-2024,0.1,2000,2300,2500
Andhra Pradesh,Kurnool,Pattikonda APMC,Vegetables,Tomato,09-11-2024,0.1,2000,2300,2500
Andhra Pradesh,Kurnool,Pattikonda APMC,Vegetables,Tomato,10-11-2024,0.1,2000,2300,2500
Andhra Pradesh,Kurnool,Pattikonda APMC,Vegetables,Tomato,11-11-2024,0.1,2000,2300,2500
Andhra Pradesh,Kurnool,Pattikonda APMC,Vegetables,Tomato,12-11-2024,0.1,1500,1800,2000
Andhra Pradesh,Kurnool,Pattikonda APMC,Vegetables,Tomato,13-11-2024,0.1,2000,2300,2500
Andhra Pradesh,Kurnool,Pattikonda APMC,Vegetables,Tomato,14-11-2024,0.1,1800,2000,2500
Andhra Pradesh,Kurnool,Pattikonda APMC,Vegetables,Tomato,15-11-2024,0.1,1800,2000,2300
Andhra Pradesh,Kurnool,Pattikonda APMC,Vegetables,Tomato,22-11-2024,0.1,2000,2500,3000
Andhra Pradesh,Kurnool,Pattikonda APMC,Vegetables,Tomato,23-11-2024,0.1,2000,2500,3000
Andhra Pradesh,Kurnool,Pattikonda APMC,Vegetables,Tomato,24-11-2024,0.1,2500,2800,3000
Andhra Pradesh,Kurnool,Pattikonda APMC,Vegetables,Tomato,25-11-2024,0.1,2000,2500,3000
Andhra Pradesh,Kurnool,Pattikonda APMC,Vegetables,Tomato,27-11-2024,0.1,2500,2800,3000
Andhra Pradesh,Kurnool,Pattikonda APMC,Vegetables,Tomato,28-11-2024,0.1,3000,3200,3500
Andhra Pradesh,Kurnool,Pattikonda APMC,Vegetables,Tomato,29-11-2024,0.1,3500,3800,4000
Andhra Pradesh,Kurnool,Pattikonda APMC,Vegetables,Tomato,30-11-2024,0.1,3000,3500,4000
Andhra Pradesh,Kurnool,Pattikonda APMC,Vegetables,Tomato,02-12-2024,0.1,3500,3800,4000
Andhra Pradesh,Kurnool,Pattikonda APMC,Vegetables,Tomato,03-12-2024,0.1,3500,3800,4000
Andhra Pradesh,Kurnool,Pattikonda APMC,Vegetables,Tomato,04-12-2024,0.1,3500,3800,4000
Andhra Pradesh,Kurnool,Pattikonda APMC,Vegetables,Tomato,05-12-2024,0.1,3000,3500,4000
Andhra Pradesh,Kurnool,Pattikonda APMC,Vegetables,Tomato,06-12-2024,0.1,3000,3500,4000
Andhra Pradesh,Kurnool,Pattikonda APMC,Vegetables,Tomato,07-12-2024,0.1,3000,3500,3800
Andhra Pradesh,Kurnool,Pattikonda APMC,Vegetables,Tomato,08-12-2024,0.1,3000,3200,3500
Andhra Pradesh,Kurnool,Pattikonda APMC,Vegetables,Tomato,09-12-2024,0.1,2500,2800,3000
Andhra Pradesh,Kurnool,Pattikonda APMC,Vegetables,Tomato,10-12-2024,0.1,2000,2500,3000
Andhra Pradesh,Kurnool,Pattikonda APMC,Vegetables,Tomato,11-12-2024,0.1,2000,2500,3000
Andhra Pradesh,Kurnool,Pattikonda APMC,Vegetables,Tomato,12-12-2024,0.1,2500,2800,3000
Andhra Pradesh,Kurnool,Pattikonda APMC,Vegetables,Tomato,13-12-2024,0.1,1000,1500,2000
Andhra Pradesh,Kurnool,Pattikonda APMC,Vegetables,Tomato,14-12-2024,0.1,800,1000,1200
Andhra Pradesh,Kurnool,Pattikonda APMC,Vegetables,Tomato,15-12-2024,0.1,1000,1200,1500
Andhra Pradesh,Kurnool,Pattikonda APMC,Vegetables,Tomato,16-12-2024,0.1,1000,1200,1500
Andhra Pradesh,Kurnool,Pattikonda APMC,Vegetables,Tomato,17-12-2024,0.1,1000,1200,1500
Andhra Pradesh,Kurnool,Pattikonda APMC,Vegetables,Tomato,18-12-2024,0.1,1200,1500,2200
Andhra Pradesh,Kurnool,Pattikonda APMC,Vegetables,Tomato,19-12-2024,0.1,1200,1800,2200
Andhra Pradesh,Kurnool,Pattikonda APMC,Vegetables,Tomato,20-12-2024,0.1,1000,1200,1500
Andhra Pradesh,Kurnool,Pattikonda APMC,Vegetables,Tomato,21-12-2024,0.1,1000,1200,1500
Andhra Pradesh,Kurnool,Pattikonda APMC,Vegetables,Tomato,22-12-2024,0.1,1000,1200,1500
Andhra Pradesh,Kurnool,Pattikonda APMC,Vegetables,Tomato,26-12-2024,0.1,1500,1800,2000
Andhra Pradesh,Kurnool,Pattikonda APMC,Vegetables,Tomato,27-12-2024,0.1,1000,1500,2100
Andhra Pradesh,Kurnool,Pattikonda APMC,Vegetables,Tomato,28-12-2024,0.1,1500,1800,2100
Andhra Pradesh,Kurnool,Pattikonda APMC,Vegetables,Tomato,29-12-2024,0.1,1000,1200,1500
Andhra Pradesh,Kurnool,Pattikonda APMC,Vegetables,Tomato,30-12-2024,0.1,1000,1200,1500
Andhra Pradesh,Kurnool,Pattikonda APMC,Vegetables,Tomato,31-12-2024,0.1,800,1200,1500
Andhra Pradesh,Kurnool,Pattikonda APMC,Vegetables,Tomato,02-01-2025,0.1,1000,1500,1800
Andhra Pradesh,Kurnool,Pattikonda APMC,Vegetables,Tomato,03-01-2025,0.1,1000,1500,1800
Andhra Pradesh,Kurnool,Pattikonda APMC,Vegetables,Tomato,04-01-2025,0.1,1000,1500,1800
Andhra Pradesh,Kurnool,Pattikonda APMC,Vegetables,Tomato,05-01-2025,0.1,1000,1500,1800
Andhra Pradesh,Kurnool,Pattikonda APMC,Vegetables,Tomato,06-01-2025,0.1,1000,1500,1800
Andhra Pradesh,Kurnool,Pattikonda APMC,Vegetables,Tomato,07-01-2025,0.1,1000,1400,1800
Andhra Pradesh,Kurnool,Pattikonda APMC,Vegetables,Tomato,15-01-2025,0.1,1000,1200,1500
Andhra Pradesh,Kurnool,Pattikonda APMC,Vegetables,Tomato,16-01-2025,0.1,1000,1200,1500
Andhra Pradesh,Kurnool,Pattikonda APMC,Vegetables,Tomato,22-01-2025,8.82,1000,1300,1600
Andhra Pradesh,Kurnool,Pattikonda APMC,Vegetables,Tomato,23-01-2025,7.15,1000,1300,1500
Andhra Pradesh,Kurnool,Pattikonda APMC,Vegetables,Tomato,24-01-2025,7.02,1000,1300,1600
Andhra Pradesh,Kurnool,Pattikonda APMC,Vegetables,Tomato,25-01-2025,7.77,1000,1300,1500
Andhra Pradesh,Kurnool,Pattikonda APMC,Vegetables,Tomato,26-01-2025,7.07,1100,1300,1500
Andhra Pradesh,Kurnool,Pattikonda APMC,Vegetables,Tomato,27-01-2025,6.86,1000,1300,1600
Andhra Pradesh,Kurnool,Pattikonda APMC,Vegetables,Tomato,28-01-2025,0.71,1100,1400,1600
Andhra Pradesh,Kurnool,Pattikonda APMC,Vegetables,Tomato,29-01-2025,7.71,1100,1400,1600
Andhra Pradesh,Kurnool,Pattikonda APMC,Vegetables,Tomato,30-01-2025,7.17,1200,1400,1600
Andhra Pradesh,Kurnool,Pattikonda APMC,Vegetables,Tomato,31-01-2025,7.04,1200,1400,1600
Andhra Pradesh,Kurnool,Pattikonda APMC,Vegetables,Tomato,01-02-2025,7.36,1100,1300,1500
Andhra Pradesh,Kurnool,Pattikonda APMC,Vegetables,Tomato,02-02-2025,7.28,1100,1400,1600
Andhra Pradesh,Kurnool,Pattikonda APMC,Vegetables,Tomato,03-02-2025,7.44,1200,1500,1700
Andhra Pradesh,Kurnool,Pattikonda APMC,Vegetables,Tomato,04-02-2025,7.05,1200,1500,1700
Andhra Pradesh,Kurnool,Pattikonda APMC,Vegetables,Tomato,05-02-2025,7.18,1200,1500,1800
Andhra Pradesh,Kurnool,Pattikonda APMC,Vegetables,Tomato,06-02-2025,5.07,1100,1300,1500
Andhra Pradesh,Kurnool,Pattikonda APMC,Vegetables,Tomato,07-02-2025,4.22,1100,1300,1500
Andhra Pradesh,Kurnool,Pattikonda APMC,Vegetables,Tomato,08-02-2025,5.78,1100,1300,1500
Andhra Pradesh,Kurnool,Pattikonda APMC,Vegetables,Tomato,09-02-2025,4.78,1100,1200,1500
Andhra Pradesh,Kurnool,Pattikonda APMC,Vegetables,Tomato,10-02-2025,5.23,1100,1300,1500
Andhra Pradesh,Kurnool,Pattikonda APMC,Vegetables,Tomato,11-02-2025,5.14,1100,1300,1500
Andhra Pradesh,Kurnool,Pattikonda APMC,Vegetables,Tomato,12-02-2025,5.34,1100,1300,1500
Andhra Pradesh,Kurnool,Pattikonda APMC,Vegetables,Tomato,13-02-2025,4.33,1100,1200,1400
Andhra Pradesh,Kurnool,Pattikonda APMC,Vegetables,Tomato,14-02-2025,4.62,1100,1300,1500
Andhra Pradesh,Kurnool,Pattikonda APMC,Vegetables,Tomato,15-02-2025,4.55,1100,1300,1500
Andhra Pradesh,Kurnool,Pattikonda APMC,Vegetables,Tomato,07-08-2025,11.42,2400,3100,4300
Andhra Pradesh,Kurnool,Pattikonda APMC,Vegetables,Tomato,08-08-2025,12.7,2300,3000,4000
Andhra Pradesh,Kurnool,Pattikonda APMC,Vegetables,Tomato,09-08-2025,11.86,2000,3000,3800
Andhra Pradesh,Kurnool,Pattikonda APMC,Vegetables,Tomato,10-08-2025,8.75,2000,3000,4000
Andhra Pradesh,Kurnool,Pattikonda APMC,Vegetables,Tomato,11-08-2025,10.03,1800,2600,3800
Andhra Pradesh,Kurnool,Pattikonda APMC,Vegetables,Tomato,12-08-2025,14.16,1800,2500,3500
Andhra Pradesh,Kurnool,Pattikonda APMC,Vegetables,Tomato,14-08-2025,13.38,1800,2500,3500
Andhra Pradesh,Kurnool,Pattikonda APMC,Vegetables,Tomato,15-08-2025,11.24,1800,2500,3000
Andhra Pradesh,Kurnool,Pattikonda APMC,Vegetables,Tomato,16-08-2025,12.8,1800,2500,3200
Andhra Pradesh,Kurnool,Pattikonda APMC,Vegetables,Tomato,17-08-2025,13.78,2000,2500,3500
Andhra Pradesh,Kurnool,Pattikonda APMC,Vegetables,Tomato,18-08-2025,14.44,2000,2600,3500
Andhra Pradesh,Kurnool,Pattikonda APMC,Vegetables,Tomato,19-08-2025,11.55,2200,3000,3800
Andhra Pradesh,Kurnool,Pattikonda APMC,Vegetables,Tomato,20-08-2025,16.57,2000,2500,3500
Andhra Pradesh,Kurnool,Pattikonda APMC,Vegetables,Tomato,21-08-2025,14.15,2500,3000,4200
Andhra Pradesh,Kurnool,Pattikonda APMC,Vegetables,Tomato,22-08-2025,16.11,2200,3000,3800
Andhra Pradesh,Kurnool,Pattikonda APMC,Vegetables,Tomato,23-08-2025,16.11,2200,3000,3800
Andhra Pradesh,Kurnool,Pattikonda APMC,Vegetables,Tomato,24-08-2025,15.28,2000,2500,3500
Andhra Pradesh,Kurnool,Pattikonda APMC,Vegetables,Tomato,25-08-2025,16.17,1500,2400,3500
Andhra Pradesh,Kurnool,Pattikonda APMC,Vegetables,Tomato,26-08-2025,16.19,1500,2500,3000
Andhra Pradesh,Kurnool,Pattikonda APMC,Vegetables,Tomato,27-08-2025,18.77,1500,2200,2800
Andhra Pradesh,Kurnool,Pattikonda APMC,Vegetables,Tomato,28-08-2025,14.98,1500,2000,2800
Andhra Pradesh,Kurnool,Pattikonda APMC,Vegetables,Tomato,29-08-2025,15.37,1660,2200,2800
Andhra Pradesh,Kurnool,Pattikonda APMC,Vegetables,Tomato,30-08-2025,14.27,1500,2200,3000
Andhra Pradesh,Kurnool,Pattikonda APMC,Vegetables,Tomato,31-08-2025,24.09,1500,2000,2800
Andhra Pradesh,Kurnool,Pattikonda APMC,Vegetables,Tomato,01-09-2025,30.36,1200,2000,2500
Andhra Pradesh,Kurnool,Pattikonda APMC,Vegetables,Tomato,02-09-2025,25.24,1300,2100,2600
Andhra Pradesh,Kurnool,Pattikonda APMC,Vegetables,Tomato,03-09-2025,31.27,1300,2000,2400
Andhra Pradesh,Kurnool,Pattikonda APMC,Vegetables,Tomato,04-09-2025,28.53,1100,1800,2300
Andhra Pradesh,Kurnool,Pattikonda APMC,Vegetables,Tomato,05-09-2025,37.07,1200,1400,1700
Andhra Pradesh,Kurnool,Pattikonda APMC,Vegetables,Tomato,06-09-2025,34.56,1100,1300,1600
Andhra Pradesh,Kurnool,Pattikonda APMC,Vegetables,Tomato,07-09-2025,34.84,1500,1800,2350
Andhra Pradesh,Kurnool,Pattikonda APMC,Vegetables,Tomato,08-09-2025,40.09,1300,1600,1800
Andhra Pradesh,Kurnool,Pattikonda APMC,Vegetables,Tomato,17-10-2025,52.26,700,1100,1600
Andhra Pradesh,Kurnool,Pattikonda APMC,Vegetables,Tomato,18-10-2025,49.41,900,1400,1800
Andhra Pradesh,Kurnool,Pattikonda APMC,Vegetables,Tomato,20-10-2025,57.26,900,1500,2000
Andhra Pradesh,Kurnool,Pattikonda APMC,Vegetables,Tomato,22-10-2025,42.11,1000,1500,2100
Andhra Pradesh,Kurnool,Pattikonda APMC,Vegetables,Tomato,23-10-2025,48.76,1100,1600,2200
Andhra Pradesh,Kurnool,Pattikonda APMC,Vegetables,Tomato,24-10-2025,52.27,1100,1700,2300
Andhra Pradesh,Kurnool,Pattikonda APMC,Vegetables,Tomato,25-10-2025,44.13,1000,1400,1900
Andhra Pradesh,Kurnool,Pattikonda APMC,Vegetables,Tomato,26-10-2025,37.45,800,1300,1600
Andhra Pradesh,Kurnool,Pattikonda APMC,Vegetables,Tomato,27-10-2025,31.09,1000,1500,1800
Andhra Pradesh,Kurnool,Pattikonda APMC,Vegetables,Tomato,28-10-2025,24.34,1200,1600,2000
Andhra Pradesh,Kurnool,Pattikonda APMC,Vegetables,Tomato,29-10-2025,27.31,1000,1400,1800
Andhra Pradesh,Kurnool,Pattikonda APMC,Vegetables,Tomato,30-10-2025,23.28,800,1200,1600
Andhra Pradesh,Kurnool,Pattikonda APMC,Vegetables,Tomato,31-10-2025,19.77,800,1100,1500
Andhra Pradesh,Kurnool,Pattikonda APMC,Vegetables,Tomato,01-11-2025,14.48,1000,1400,1800
Andhra Pradesh,Kurnool,Pattikonda APMC,Vegetables,Tomato,02-11-2025,18.11,1100,1500,1900
Andhra Pradesh,Kurnool,Pattikonda APMC,Vegetables,Tomato,03-11-2025,15.38,1000,1500,1800
Andhra Pradesh,Kurnool,Pattikonda APMC,Vegetables,Tomato,04-11-2025,19.84,1000,1500,1800
Andhra Pradesh,Kurnool,Pattikonda APMC,Vegetables,Tomato,05-11-2025,25.06,1000,1400,1700
Andhra Pradesh,Kurnool,Pattikonda APMC,Vegetables,Tomato,06-11-2025,18.94,800,1200,1600
Andhra Pradesh,Kurnool,Pattikonda APMC,Vegetables,Tomato,07-11-2025,15.06,800,1200,1500
Andhra Pradesh,Kurnool,Pattikonda APMC,Vegetables,Tomato,10-11-2025,173.01,1089.82,1489.82,1689.82
Andhra Pradesh,Kurnool,Pattikonda APMC,Vegetables,Tomato,11-11-2025,143.5,1200,1500,1800
Andhra Pradesh,Kurnool,Pattikonda APMC,Vegetables,Tomato,12-11-2025,161.6,1300,1600,2000
Andhra Pradesh,Kurnool,Pattikonda APMC,Vegetables,Tomato,13-11-2025,173.2,1200,1500,2000
Andhra Pradesh,Kurnool,Pattikonda APMC,Vegetables,Tomato,14-11-2025,188.7,1400,1800,2200
Andhra Pradesh,Kurnool,Pattikonda APMC,Vegetables,Tomato,15-11-2025,153.75,1800,2200,3000
Andhra Pradesh,Kurnool,Pattikonda APMC,Vegetables,Tomato,16-11-2025,171.25,2000,2500,3000
Andhra Pradesh,Kurnool,Pattikonda APMC,Vegetables,Tomato,17-11-2025,171.25,2000,2500,3000
Andhra Pradesh,Kurnool,Pattikonda APMC,Vegetables,Tomato,18-11-2025,160.3,1800,2500,3000
Andhra Pradesh,Kurnool,Pattikonda APMC,Vegetables,Tomato,19-11-2025,180.5,2200,2800,3500
Andhra Pradesh,Kurnool,Pattikonda APMC,Vegetables,Tomato,20-11-2025,175.2,2000,2600,3300
Andhra Pradesh,Kurnool,Pattikonda APMC,Vegetables,Tomato,21-11-2025,161.25,2200,3000,4000
Andhra Pradesh,Kurnool,Pattikonda APMC,Vegetables,Tomato,22-11-2025,172.75,2500,3500,4500
Andhra Pradesh,Kurnool,Pattikonda APMC,Vegetables,Tomato,23-11-2025,162.65,3000,4000,5000
Andhra Pradesh,Kurnool,Pattikonda APMC,Vegetables,Tomato,24-11-2025,151.7,3000,3700,4600
Andhra Pradesh,Kurnool,Pattikonda APMC,Vegetables,Tomato,25-11-2025,170.5,3100,3800,4500
Andhra Pradesh,Kurnool,Pattikonda APMC,Vegetables,Tomato,26-11-2025,170.9,3000,3800,4600
Andhra Pradesh,Kurnool,Pattikonda APMC,Vegetables,Tomato,27-11-2025,169.65,2500,3500,4000
Andhra Pradesh,Kurnool,Pattikonda APMC,Vegetables,Tomato,28-11-2025,180.6,2100,3000,3500
Andhra Pradesh,Kurnool,Pattikonda APMC,Vegetables,Tomato,29-11-2025,160.85,2000,2800,3300
Andhra Pradesh,Kurnool,Pattikonda APMC,Vegetables,Tomato,30-11-2025,171.4,2000,2500,3100
Andhra Pradesh,Kurnool,Pattikonda APMC,Vegetables,Tomato,01-12-2025,176.55,1800,2500,2900
Andhra Pradesh,Kurnool,Pattikonda APMC,Vegetables,Tomato,02-12-2025,177.6,2200,2800,3200
Andhra Pradesh,Kurnool,Pattikonda APMC,Vegetables,Tomato,03-12-2025,179.6,2100,2800,3100
Andhra Pradesh,Kurnool,Pattikonda APMC,Vegetables,Tomato,04-12-2025,185.25,2000,2500,3000
Andhra Pradesh,Kurnool,Pattikonda APMC,Vegetables,Tomato,05-12-2025,175.63,2100,2600,3200
Andhra Pradesh,Kurnool,Pattikonda APMC,Vegetables,Tomato,06-12-2025,179.48,2300,2700,3300
Andhra Pradesh,Kurnool,Pattikonda APMC,Vegetables,Tomato,07-12-2025,156.8,2100,2500,3000
Andhra Pradesh,Kurnool,Pattikonda APMC,Vegetables,Tomato,08-12-2025,172.3,2100,2500,3100
Andhra Pradesh,Kurnool,Pattikonda APMC,Vegetables,Tomato,09-12-2025,193.5,1800,2400,2800
Andhra Pradesh,Kurnool,Pattikonda APMC,Vegetables,Tomato,10-12-2025,173.8,1700,2300,2600
Andhra Pradesh,Kurnool,Pattikonda APMC,Vegetables,Tomato,11-12-2025,146.5,1700,2200,2500
Andhra Pradesh,Kurnool,Pattikonda APMC,Vegetables,Tomato,12-12-2025,142.65,1800,2200,2500
Andhra Pradesh,Kurnool,Pattikonda APMC,Vegetables,Tomato,13-12-2025,129.3,1900,2400,2700
Andhra Pradesh,Kurnool,Pattikonda APMC,Vegetables,Tomato,14-12-2025,139,2000,2400,2800
Andhra Pradesh,Kurnool,Pattikonda APMC,Vegetables,Tomato,15-12-2025,137.9,2000,2500,3000
Andhra Pradesh,Kurnool,Pattikonda APMC,Vegetables,Tomato,16-12-2025,146.4,2300,2800,3500
Andhra Pradesh,Kurnool,Pattikonda APMC,Vegetables,Tomato,17-12-2025,152.05,2400,2800,3600
Andhra Pradesh,Kurnool,Pattikonda APMC,Vegetables,Tomato,18-12-2025,159.5,2400,2800,3500
Andhra Pradesh,Kurnool,Pattikonda APMC,Vegetables,Tomato,19-12-2025,144.6,2300,2700,3200
Andhra Pradesh,Kurnool,Pattikonda APMC,Vegetables,Tomato,20-12-2025,136.45,2200,2800,3300
Andhra Pradesh,Kurnool,Pattikonda APMC,Vegetables,Tomato,21-12-2025,127.2,2300,2600,3200
Andhra Pradesh,Kurnool,Pattikonda APMC,Vegetables,Tomato,22-12-2025,128.45,2300,2600,3400
Andhra Pradesh,Kurnool,Pattikonda APMC,Vegetables,Tomato,23-12-2025,132.25,2400,2800,3400
Andhra Pradesh,Kurnool,Pattikonda APMC,Vegetables,Tomato,25-12-2025,142.6,2300,2900,3600
Andhra Pradesh,Kurnool,Pattikonda APMC,Vegetables,Tomato,26-12-2025,144.7,2200,2900,3700
Andhra Pradesh,Kurnool,Pattikonda APMC,Vegetables,Tomato,27-12-2025,152.15,2500,3000,3800
Andhra Pradesh,Kurnool,Pattikonda APMC,Vegetables,Tomato,28-12-2025,154.5,2500,3000,4000
Andhra Pradesh,Kurnool,Pattikonda APMC,Vegetables,Tomato,29-12-2025,161.55,2600,3200,4200
Andhra Pradesh,Kurnool,Pattikonda APMC,Vegetables,Tomato,30-12-2025,178.5,2500,3000,3800
Andhra Pradesh,Kurnool,Pattikonda APMC,Vegetables,Tomato,31-12-2025,155.7,2500,3000,3500
Andhra Pradesh,Kurnool,Pattikonda APMC,Vegetables,Tomato,01-01-2026,143.2,2400,3000,3600
Andhra Pradesh,Kurnool,Pattikonda APMC,Vegetables,Tomato,02-01-2026,122.95,2300,3000,3600
Andhra Pradesh,Kurnool,Pattikonda APMC,Vegetables,Tomato,03-01-2026,164.4,2300,3000,3600
Andhra Pradesh,Kurnool,Pattikonda APMC,Vegetables,Tomato,04-01-2026,182.55,2300,3000,3600
Andhra Pradesh,Kurnool,Pattikonda APMC,Vegetables,Tomato,05-01-2026,251.4,1500,2000,3000
Andhra Pradesh,Kurnool,Pattikonda APMC,Vegetables,Tomato,06-01-2026,177.25,1800,2500,3000
Andhra Pradesh,Kurnool,Pattikonda APMC,Vegetables,Tomato,07-01-2026,162.05,1600,2400,2800
Andhra Pradesh,Kurnool,Pattikonda APMC,Vegetables,Tomato,08-01-2026,141.75,1600,2000,2500
Andhra Pradesh,Kurnool,Pattikonda APMC,Vegetables,Tomato,09-01-2026,165.15,1400,1900,2300
Andhra Pradesh,Kurnool,Pattikonda APMC,Vegetables,Tomato,10-01-2026,159.7,1200,1800,2100
Andhra Pradesh,Kurnool,Pattikonda APMC,Vegetables,Tomato,11-01-2026,141.25,1300,1900,2100
Andhra Pradesh,Kurnool,Pattikonda APMC,Vegetables,Tomato,12-01-2026,147.85,1400,2000,2300
Andhra Pradesh,Kurnool,Pattikonda APMC,Vegetables,Tomato,13-01-2026,183.15,1200,1900,2200
Andhra Pradesh,Kurnool,Pattikonda APMC,Vegetables,Tomato,14-01-2026,187.85,1100,1600,2000
Andhra Pradesh,Kurnool,Pattikonda APMC,Vegetables,Tomato,17-01-2026,155.5,1100,1500,2000
Andhra Pradesh,Kurnool,Pattikonda APMC,Vegetables,Tomato,18-01-2026,152.4,1000,1500,1800
Andhra Pradesh,Kurnool,Pattikonda APMC,Vegetables,Tomato,19-01-2026,165.6,1100,1500,1800
Andhra Pradesh,Kurnool,Pattikonda APMC,Vegetables,Tomato,20-01-2026,145.8,1100,1500,1700
Andhra Pradesh,Kurnool,Pattikonda APMC,Vegetables,Tomato,21-01-2026,143.5,1100,1500,1700
Andhra Pradesh,Kurnool,Pattikonda APMC,Vegetables,Tomato,22-01-2026,147.3,1100,1500,1800
Andhra Pradesh,Kurnool,Pattikonda APMC,Vegetables,Tomato,23-01-2026,143.55,1300,1600,1800
Andhra Pradesh,Kurnool,Pattikonda APMC,Vegetables,Tomato,24-01-2026,155.65,1200,1500,1800
Andhra Pradesh,Kurnool,Pattikonda APMC,Vegetables,Tomato,26-01-2026,167.2,1100,1500,1700
Andhra Pradesh,Kurnool,Pattikonda APMC,Vegetables,Tomato,27-01-2026,154.35,1000,1500,1700
Andhra Pradesh,Kurnool,Pattikonda APMC,Vegetables,Tomato,28-01-2026,134.7,1100,1600,1800
Andhra Pradesh,Kurnool,Pattikonda APMC,Vegetables,Tomato,29-01-2026,130.25,1000,1400,1600
Andhra Pradesh,Kurnool,Pattikonda APMC,Vegetables,Tomato,30-01-2026,126.85,1000,1300,1500
Andhra Pradesh,Kurnool,Pattikonda APMC,Vegetables,Tomato,31-01-2026,95.8,100,1400,1600
Andhra Pradesh,Kurnool,Pattikonda APMC,Vegetables,Tomato,01-02-2026,126.7,1000,1200,1400
Andhra Pradesh,Kurnool,Pattikonda APMC,Vegetables,Tomato,02-02-2026,104.55,1000,1200,1400
Andhra Pradesh,Kurnool,Pattikonda APMC,Vegetables,Tomato,03-02-2026,100.8,1000,1200,1400
Andhra Pradesh,Kurnool,Pattikonda APMC,Vegetables,Tomato,04-02-2026,107.05,1000,1200,1400
Andhra Pradesh,Kurnool,Pattikonda APMC,Vegetables,Tomato,05-02-2026,113.65,1000,1200,1500
Andhra Pradesh,Kurnool,Pattikonda APMC,Vegetables,Tomato,06-02-2026,98.65,900,1100,1400
Andhra Pradesh,Kurnool,Pattikonda APMC,Vegetables,Tomato,07-02-2026,66.2,900,1200,1400
Andhra Pradesh,Kurnool,Pattikonda APMC,Vegetables,Tomato,23-07-2026,0.03,1500,1800,2000
Andhra Pradesh,Kurnool,Pattikonda APMC,Vegetables,Tomato,24-07-2026,0.02,10000,12000,15000
Andhra Pradesh,Kurnool,Pattikonda APMC,Vegetables,Tomato,25-07-2026,0.03,4000,4800,6000
Andhra Pradesh,Kurnool,Pattikonda APMC,Vegetables,Tomato,26-07-2026,0.03,1000,1200,1500
Andhra Pradesh,Kurnool,Pattikonda APMC,Vegetables,Tomato,27-07-2026,0.03,4000,4800,6000
Andhra Pradesh,Kurnool,Pattikonda APMC,Vegetables,Tomato,28-07-2026,0.03,1000,1200,1500
Andhra Pradesh,Kurnool,Pattikonda APMC,Vegetables,Tomato,29-07-2026,0.02,1000,1200,1500
Andhra Pradesh,Kurnool,Pattikonda APMC,Vegetables,Tomato,30-07-2026,0.1,4000,4800,6000
Andhra Pradesh,Kurnool,Pattikonda APMC,Vegetables,Tomato,31-07-2026,2,5000,6000,7500
Andhra Pradesh,Kurnool,Pattikonda APMC,Vegetables,Tomato,02-08-2026,0.03,4000,4800,6000
Andhra Pradesh,Kurnool,Pattikonda APMC,Vegetables,Tomato,03-08-2026,0.03,1000,1200,1500
Andhra Pradesh,Kurnool,Pattikonda APMC,Vegetables,Tomato,04-08-2026,1,4000,4800,6000
Andhra Pradesh,Kurnool,Pattikonda APMC,Vegetables,Tomato,05-08-2026,0.02,1000,1200,1500
Andhra Pradesh,Kurnool,Pattikonda APMC,Vegetables,Tomato,06-08-2026,0.02,1000,1200,1500
Andhra Pradesh,Kurnool,Pattikonda APMC,Vegetables,Tomato,07-08-2026,0.02,1000,1200,1500
Andhra Pradesh,Kurnool,Pattikonda APMC,Vegetables,Tomato,10-08-2026,0.1,1000,1200,1500
,,,,,,,,,
Note:,,,,,,,,,
Weighted Average Price = ??arrival quantity * modal price) / ??rrival quantity,,,,,,,,,
